soil_moisture,temperature,humidity,pump_data,temperature_ma,temperature_std,humidity_ma,humidity_std
0.1137976894321916,0.12328326300003924,0.9981008471364474,-1.0471084273847717,0.2644127172090996,-3.4274376663039443,2.2412149996161954,-3.5042218957648945
-1.350939172265773,0.8747997533534139,1.496060496897618,0.9550109366396483,1.072521178021245,-1.5099784455151226,2.80092880923815,-2.222541588730631
-0.017709375881455644,-0.6119974087851262,0.11178680703076058,0.9550109366396483,0.27605167436803113,-0.7449793711575833,1.9502043853928752,-0.9520138893826562
0.9606452032096082,0.7138226519730667,-0.005123556018461358,-1.0471084273847717,0.590646529320496,-0.9960865889115128,1.459137708542258,-0.8828769784672886
-1.3209891760207462,-0.45704537233999004,0.5824603982317427,0.9550109366396483,0.27578795595880373,-1.0131150239031141,1.4286788292873258,-1.23139356791226
-0.9307818004764166,0.8913520688841203,-0.9345270611657162,0.9550109366396483,0.6061508467206309,-0.7184408933354536,0.5597582011550468,-0.27379630382777015
0.8431760863049512,0.7006910940553105,-1.5346435070457842,-1.0471084273847717,0.5312629726763513,-0.8301482252754928,-0.8028637580316138,-0.3801085058848975
0.3410503320295076,1.6021266986329974,-0.6817316758220417,-1.0471084273847717,1.4836053084520533,-0.7582025846123992,-1.1596342339173549,-0.5093081363130574
1.476790217724345,1.1612184800149719,0.11552404478286621,-1.0471084273847717,1.6760398637085663,-0.6498729939331346,-1.1053903783771326,-0.43577338797508836
-0.18105979766674474,0.962163789839323,-1.3192249326373104,0.9550109366396483,2.286472207557703,-2.1889943816990134,-1.960399045648394,-1.1632675716715277
0.6278162429163321,0.6661099230859527,1.0377372837147698,-1.0471084273847717,2.1895907226735103,-2.042414771006351,-1.0736576475579618,0.3631658406513574
0.5656120942571279,-0.9690280778105321,0.22753596001099033,-1.0471084273847717,1.471408642953309,0.12673298468326646,-0.2813716193892257,-0.2129907309002435
-1.0319362671057668,-0.2381021848049123,0.19249873229662756,0.9550109366396483,0.6798866739075952,-0.19361573356818212,0.11168740252159887,-0.4013990297860123
0.7409480498915684,-0.6142008909692562,0.4406146164191233,-1.0471084273847717,-0.08375933178816736,-0.4437870453302232,0.25784999413718795,-0.3345334356467478
-0.05574243286407269,-0.7352615341666876,-0.22658324185444684,0.9550109366396483,-0.8138584226443425,-1.1152537825392408,0.7491079854970635,-1.8240752990208542
0.12455230747439325,0.7512537164461719,0.43855726921949545,-1.0471084273847717,-0.7772362483164422,-0.9894357909392671,0.4797132032303999,-2.513137448631256
-0.584983212096231,-0.07391109228312437,0.21493420926186432,0.9550109366396483,-0.39222720662196964,-1.3090482709072158,0.4740473835816934,-2.5134732059768816
-0.7175526149205992,-0.09074449176179081,-0.7615675507274721,0.9550109366396483,-0.3288454977480042,-1.3083950881319546,0.045093692928730916,-1.6288744462104348
0.533015587942562,1.0625048382580513,-1.0991724071390667,-1.0471084273847717,0.3923416503576411,-0.8250901549510988,-0.6472034129717635,-1.154480488525374
-1.1803272496969304,-0.9932300332265368,-1.5412668475102862,0.9550109366396483,0.28138385800620586,-0.5141583317107656,-1.2382927269128274,-0.4095156619003471
0.4586083603655093,0.6528930149839314,-0.7143029957766414,-1.0471084273847717,0.23907680761763409,-0.578693992377139,-1.756625335743481,-1.148083461610955
-0.6437150407112642,-0.9021556251466999,0.6383345629734076,0.9550109366396483,-0.117168955832605,-0.12571916034997518,-1.5662621004212343,-0.534722532908935
-1.0425371138042812,-0.8571692380596783,0.987381338616311,0.9550109366396483,-0.44682470125365237,0.124115955766238,-0.7799246161225012,0.5156221866997911
1.2817525013305895,-0.4870057896915648,1.2222353865992106,-1.0471084273847717,-1.1133025042759856,-0.9666381665638737,0.2637936855852994,0.8378341894188089
0.059718594013087115,0.505140696988379,-1.4010092178138969,0.9550109366396483,-0.4688210697032902,-0.7330517231151725,0.32685432295506384,0.6627180415710436
-1.3924337283974006,1.4284016648155642,-0.10326054841308949,0.9550109366396483,-0.13525814225920077,0.2085979665321772,0.6015825232970877,0.35170001659880773
0.6458052980622322,1.393875218669377,1.7555485309153211,-1.0471084273847717,0.8523140401161788,0.3671361714108436,1.1038883518593354,1.0686511893765285
-1.264350617191075,1.695791243843872,0.9429599806826394,0.9550109366396483,1.9503971784250795,-0.18205249266505744,1.0839162537268352,1.0532629755704772
0.48816263318030695,-1.0354829128204248,-0.36516603890503574,-1.0471084273847717,1.7144853870263705,0.6091548798567824,0.3702114387327401,0.9316767035092266
0.7638952128035783,0.14774809731593808,1.0475894380939714,-1.0471084273847717,1.5607631534710469,0.7327293197354293,1.4711154839425977,-0.31847360287551263
-1.4206876332780665,0.5903339838170157,1.4510508275628078,-1.0471084273847717,1.2002922430165412,0.484613053948625,2.169942822264858,-0.5482813158203809
0.060497567015203216,-1.5654260556525863,1.562661889402198,0.9550109366396483,-0.07256679790603654,1.2644744120092313,2.083219878349002,-0.706406181131008
0.36897116908658895,-0.36871913217629154,1.393674444418666,-1.0471084273847717,-0.9605570542539054,-0.28536588944978536,2.2858636947067352,-0.6039989140892754
-1.0657379293979736,1.0744256632640332,-1.2094928457077188,-1.0471084273847717,-0.05304005695037247,0.22936889230754595,1.9062495040162828,0.7427622458299807
1.4123533138806004,1.137375394205514,-1.5606927686022498,-1.0471084273847717,0.37261989964809117,0.6994300779965211,0.7335508155347631,2.20846230807198
1.2584707937846837,-0.7614176481911694,0.1713289117768636,-1.0471084273847717,-0.2087975115540463,0.8295448058919233,0.15818047853272382,1.7349253305618
1.3341502431539691,0.7286372038513779,1.2245334322141281,-1.0471084273847717,0.7779283705469481,-0.2822098504595322,0.006155978551570792,1.4365656201425785
-1.6554317434319528,-1.0072295490082164,-0.22492188488841264,0.9550109366396483,0.5032913257012944,0.31310720201020115,-0.7215742446912848,0.5517756110539405
0.5523618924339658,-1.4645701375650528,-1.055007634356682,-1.0471084273847717,-0.5887853033300746,0.6826673413665215,-0.6521168047424742,0.445951486487054
1.2186317068884405,-1.6616994598631891,-0.09702526004511214,-1.0471084273847717,-1.7927275193981922,-0.023463313639285135,0.005956529213244952,-0.5126607096973796
1.2401282365501394,0.6762470522142074,-0.4672622455671443,-1.0471084273847717,-1.1743570521514903,0.7727367126340388,-0.2811577296543822,-0.45114885364128077
-0.7153907311976911,0.10154996860293208,0.0057314392152266235,0.9550109366396483,-1.444080741239554,0.2417780551320966,-0.8291381188312426,-1.964838455530466
-0.7663802154456741,-0.2820516718466891,1.26558496726726,0.9550109366396483,-1.132166160175623,0.21205409329052302,-0.1589976615570017,-0.39511092674721426
1.35973677263108,-1.2925391736228564,-1.015027366352333,-1.0471084273847717,-1.0581719475307407,0.07569951391508382,-0.1410223030112602,-0.4366804971296395
-1.259044837410903,1.7218709614767855,0.7331064025006154,0.9550109366396483,0.39717436640195636,0.6114086054326816,0.2322096691407978,-0.18140806360861123
-0.8789423477658366,0.6083141899829957,1.3239418181770148,0.9550109366396483,0.367954983226257,0.5859219410809976,1.0375453229909959,0.06778723910597308
-0.19552769372014156,1.2827003669197314,-0.2921149768270854,0.9550109366396483,0.8759931394735678,0.9546369771684756,0.9036318604964007,0.22350391219251195
0.2198434539935138,1.3601494556303053,0.7336601752798245,-1.0471084273847717,1.5823391172420076,0.9144057806452555,0.6644754132634186,-0.09740312814581924
1.5857374898655943,-0.8361284517259825,-0.7622143189755843,-1.0471084273847717,1.7786511719764628,0.22859289667719165,0.7781416140788808,-0.40925181430121554
1.4275386411903626,-1.3853066777615761,0.13795022839785223,-1.0471084273847717,0.4421873302666696,1.090684718576088,0.5105559736063209,-0.5048514126486284
0.898965630877751,-1.1965324156187631,1.0736596901643425,-1.0471084273847717,-0.334115961105712,1.4886773695803666,0.39802768870014354,-0.7939669370238777
0.7322793590935137,1.1432328596959476,-0.7669005278582063,-1.0471084273847717,-0.39410393158546697,1.3593667863672148,0.1845613729867784,-0.4346787951486574
1.1322560131319699,1.7509217728663449,0.32206002005355755,-1.0471084273847717,-0.22602436454303437,1.7914250499671016,-0.0004964251968082326,-0.6586173072031752
-0.9068861230132093,0.37345510249386976,0.9251778341947186,0.9550109366396483,0.2942435027739761,1.601218920570026,0.7581647963139064,-0.8374136969690589
0.7776985585856322,0.7950388528673571,-1.1361175794568814,-1.0471084273847717,1.2320569471425438,0.5796558126297362,0.18533657877211487,0.115877363000365
-0.8836918596676464,1.6267551939213865,-1.2318935788376282,0.9550109366396483,2.446413589404745,-1.3571936722859441,-0.8512534373855123,-0.030232485125102983
0.37889987071737946,-0.13160169642663938,0.353114604568517,-1.0471084273847717,1.898079864642998,-0.5165158604689266,-0.3476881891526764,0.03183586308355562
-0.5969776158543795,0.7722783832941318,-0.13327914890273512,0.9550109366396483,1.4771443225050935,-1.0956106453293708,-0.5524112995885172,-0.09563150269028303
0.3758454395627116,1.26357975699206,-0.6211785578996827,-1.0471084273847717,1.8600060553936109,-1.0436077590904218,-1.2476620313837803,-1.060557887048975
0.054143712784911216,1.3043848358930878,-1.181369018340442,0.9550109366396483,2.0790867029361446,-0.952457510106544,-1.2680073386877282,-1.0240069340362674
-1.1977283645720733,0.9525984388117305,-0.9882079389152106,0.9550109366396483,1.7891174023494836,-1.3265152709354602,-1.1584448727838712,-1.217551601724667
1.093617987590471,-0.7957016522864904,1.757490186849046,-1.0471084273847717,1.503473747130168,-0.3082637911207248,-0.5270295300545649,0.7997602930710599
0.94671497467522,0.010959455852249396,-1.2627728338543507,-1.0471084273847717,1.176014124066981,-0.1293373761642298,-1.0348563900432557,1.0953883478640216
-0.3779591284533431,1.5338414611200086,-1.5837101599439343,0.9550109366396483,1.292259487963976,0.08370322315093244,-1.4676161368380798,1.4600791854053037
-1.4339591213927065,0.2395836076872999,0.2669575108003884,0.9550109366396483,0.8342656088454211,-0.20155891953479915,-0.8164401955016649,1.5078549187695223
-1.5148767881999972,0.16956833888965933,0.21336887768018895,0.9550109366396483,0.4974675441641974,-0.4064828115296515,-0.27620434475143535,1.3909268287832937
-1.6110896154939038,-1.6654413774568817,-0.8351560288697172,0.9550109366396483,0.12337380722749587,0.6850708022050813,-1.4418730017182242,-0.4223863624669986
-1.4359867005266644,0.023532942217626935,-0.003333824793803955,0.9550109366396483,0.12878193377917857,0.6846556645232794,-0.8756219762900623,-0.5875375994258405
-1.3496062059392666,0.8276052609472813,1.0545045236051918,0.9550109366396483,-0.17498542516355922,-0.04615868328171764,0.31053452601937914,-1.0426532614665658
-0.23919582033303632,0.89500371403409,0.6459657844943894,0.9550109366396483,0.10692484034568445,0.3034629831386138,0.480938826728686,-0.9041102757094032
1.5550503343071709,-0.5878153268670503,1.3074748062918315,-1.0471084273847717,-0.21884214214121872,0.4227656550519135,0.9728551478417699,-0.3545595174912597
0.2977480004210747,-1.5907709058724595,0.8166318734596052,-1.0471084273847717,-0.1867247684655833,0.3246707723526914,1.7155084933034936,-1.6976877780888553
0.16616825741365068,-0.34245855058982405,1.7362976568513884,-1.0471084273847717,-0.34414557065391377,0.3362019731822018,2.4976568174875227,-1.943163686762137
-1.423315995344563,-0.07872845377279801,0.6987314129054992,0.9550109366396483,-0.7339791684982951,-0.19033879142871044,2.3376991797582147,-1.7988661813022386
-0.2514434973257495,-1.413290783013505,-1.6300589996012547,0.9550109366396483,-1.7268262115395794,-1.0231012541366604,1.3143853403247148,1.2489064135309493
1.1117602052616808,-0.2938307351155448,1.5494644049650117,-1.0471084273847717,-1.600377124131752,-0.8942639932903266,1.4231852563237029,1.3849821467324093
0.4505500754492041,0.8423637502512863,1.3140850790890863,-1.0471084273847717,-0.5538336472298442,-0.5261484699862663,1.6468430799767424,1.5118747324373283
-1.2986319980300227,1.087222949578115,0.3187557680844348,0.9550109366396483,0.06110307412356395,0.17066509713393793,1.0095080900907214,1.0860686486731856
-1.5602451737093437,0.6892084515111006,1.1635049096923937,0.9550109366396483,0.3914092316041602,0.3068198468171556,1.2184729286053921,1.2295327311364612
0.38050582130559585,1.246251444432649,1.502294442123791,-1.0471084273847717,1.5353354679404139,-1.250910917091016,2.6267970599210435,-1.684378656978476
0.5688088249994172,-1.44007015612304,-0.2261303704908704,-1.0471084273847717,1.0423132728867737,0.5324479594312439,1.8284794319028654,-0.8212699551993687
1.3930214651003672,0.6229402402627583,0.0210350810598149,-1.0471084273847717,0.9479345082427942,0.4835201810332861,1.247116712432932,-0.793260518438813
-1.388598196037216,1.2107907561001132,0.8017592779302044,0.9550109366396483,1.0010836759410149,0.5544079135155895,1.4642778697164267,-0.8193141695625583
0.1663349634869331,-0.9664567921687915,-0.6774745142346883,-1.0471084273847717,0.2889464925979337,1.1096833053640904,0.6365629275149324,-0.34867520688840026
-1.4045974869080826,0.5276613169228768,0.221827398905955,0.9550109366396483,-0.020134555842491988,0.6628247152586859,0.06085757693196727,-1.5116811465353175
-0.273793869748809,0.23646173192872402,1.2782333618144908,0.9550109366396483,0.7009778194396191,-0.5238452912317441,0.7372281672555651,-0.7779517800285813
-0.8302861604806057,-0.705517689584078,-1.171077517367694,0.9550109366396483,0.12957952986253968,-0.19312749541290647,0.2012474834518012,0.1878193910304812
0.36898977051031107,-0.5867517150059596,-1.194407917083107,-1.0471084273847717,-0.6435820963777299,-1.1004028686477674,-0.6962407735980539,0.34109307183553483
1.0701507059234283,-0.7469401647303985,1.3710080122483468,-1.0471084273847717,-0.5491632799184937,-1.2857940056890256,0.22476875750892222,1.0674343538012796
1.2420772243628662,-0.5328623199129982,-0.6498126769486605,-1.0471084273847717,-1.0053172751104564,-1.9742356839346396,-0.1671256361109189,1.2091943357073325
-1.1852699007139602,0.4402247294567378,-1.6707642720531686,0.9550109366396483,-0.9176744332479168,-1.6517123304989045,-1.4930119411638267,0.838477650753002
1.1629865235836765,-0.1837418481344773,0.1345886784338847,-1.0471084273847717,-0.6932474366163277,-1.7204101711391337,-0.9059769065804346,0.8525962433352784
0.27204354644315326,-0.2814587423218579,-0.26925875445445546,-1.0471084273847717,-0.5619343716766582,-1.805557601605768,-0.4900245196496484,0.5445534862726223
-0.38680414614515424,-1.175935706160851,-0.7842964160561237,0.9550109366396483,-0.7464545684418018,-1.3139235340606712,-1.459061792480849,-1.048563838714521
1.559271457316202,-1.079096737329706,-0.9241447713716578,-1.0471084273847717,-0.9814017239426348,-0.9972772661997177,-1.5824030806713374,-1.0075953799381043
-1.813054867053395,-0.559933716617358,0.7813061446797204,0.9550109366396483,-1.41159135400393,-1.7918370693735832,-0.47993811181764584,-0.966170276523631
-1.399996539994904,0.3409497340871982,1.4728402959718816,0.9550109366396483,-1.1859102346390709,-1.1901918203216375,0.1217475158786435,0.27246957054388865
-1.5279358285032973,1.0815061540204656,0.46645540530652396,0.9550109366396483,-0.599669757597097,0.07042037546509307,0.4525288354896879,0.25289153597416986
0.37406355642900513,0.15759971379216256,-1.2589791101086467,-1.0471084273847717,-0.026087530465935312,-0.41498274275019736,0.23910876486574922,0.7166690512467174
0.4268949685231441,-1.6968472390651548,0.6547014057731211,-1.0471084273847717,-0.291795289926346,0.36212108833462664,0.9489670909695618,0.18780390425014024
-0.6761395877653082,-0.14812521125556508,0.46512387375095166,0.9550109366396483,-0.11466760653470673,0.26906053589714923,0.8068097226114306,0.12151980875268903
-0.024121829944919567,0.22008047571591932,1.2755148653337613,0.9550109366396483,-0.16665607071118468,0.2320944919964249,0.7180910735636784,-0.0699133898545876
-0.5922243967595489,-0.3538704485332882,0.17260848410495905,0.9550109366396483,-0.7840423779258464,-0.6113438217586009,0.5859758069630298,-0.07795857990026772
0.17065736055921604,-1.4467026498112308,0.8446598774368865,-1.0471084273847717,-1.4740872833246428,-0.3971758856087696,1.531784000340222,-1.9968329588355513
1.4044443491218739,-0.29758528905661114,0.4569290139172714,-1.0471084273847717,-0.8722346638763547,-1.1769412192116182,1.442864394957116,-1.9510574319793086
0.07774615319605707,-0.38854109095749,0.38297015617343577,0.9550109366396483,-0.9756426976292086,-1.2336202109934156,1.4059276108124772,-1.9145691247722145
1.4815000005017562,-1.6308365739919939,-1.01395588523781,-1.0471084273847717,-1.7717618765587868,-1.0568496561010647,0.37656838748179017,-0.940286883156071
1.3395022138354071,-1.348221770104722,-1.0587264294600447,-1.0471084273847717,-2.199453737640252,-1.1571308534563478,-0.17704687489742865,-0.2547350142704395
0.10117310064561068,-0.7204035460906288,1.2252806254608883,0.9550109366396483,-1.8870568929504363,-1.3010225819379926,-0.005917596450994534,0.13839093602598046
0.5543860597369654,-0.510183792166795,0.36849069639950843,-1.0471084273847717,-1.9785000755417077,-1.468544135679504,-0.04567997289106621,0.10420817681837821
-1.757379961278031,0.6117238135181698,-0.23272531183543932,0.9550109366396483,-1.5482646554352795,-0.28086555935255836,-0.3225001980892325,0.015004846202938205
0.7403640711977344,0.13085408026189416,-0.9491720058281122,-1.0471084273847717,-0.7905236656843637,-0.6830234696353784,-0.29337299313286225,-0.036947167313260226
0.8614121104349826,-0.31144518350298117,-1.6339392775294552,-1.0471084273847717,-0.34458378686102886,-1.5013268820667087,-0.5519919994646718,0.5504327941457736
1.049251434540325,0.04300976785300877,1.502912047536228,-1.0471084273847717,-0.016223323178104893,-1.8647850414690161,-0.42716731457698737,0.8943693899513384
-0.47276901149587197,-1.4860222915129098,-0.9032142135781606,0.9550109366396483,-0.43595242178352395,-0.5784462297398464,-0.9989331596368687,0.8474855213522943
0.5260982813513099,-1.4867299419220965,-0.32909224532502096,-1.0471084273847717,-1.3385424546898779,-0.5184654035152583,-1.0422602874400226,0.8348539689065584
0.40605008526985836,0.19861492597687463,-1.4730904325231213,-1.0471084273847717,-1.309397059512554,-0.45991307789303504,-1.2778170267679958,1.104911642996325
1.7146424925765245,0.7030482049093139,0.07377208179960061,-1.0471084273847717,-0.87304166285135,0.2397301718566988,-0.5100201732492967,0.6073115993965784
-1.8084353027509776,-0.43706022453825555,-1.3925480046712113,0.9550109366396483,-1.0795300780029504,0.12871156339102624,-1.8118356735264685,-1.0624864777560727
-1.70286418821697,0.20254211462475835,-0.6907766172666568,0.9550109366396483,-0.3532422582456176,-0.3860712876254919,-1.716322507834854,-1.066352569049546
-1.0809565213943486,1.5851390705736998,-1.6106677378449834,0.9550109366396483,0.9680345847081485,-0.7128791581349625,-2.2925262236021995,-0.9318463759649592
0.24750369869090635,0.9425599858632159,-0.9551326341706571,-1.0471084273847717,1.2880213341623699,-0.6723825279229009,-2.0596494170751614,-1.1024037990859583
0.28689320940410223,1.4569084302671371,-0.3455150647062516,-1.0471084273847717,1.612272809253732,-0.3323459069561121,-2.2481633307698696,-1.6366305327435147
1.0488922460667498,0.6298410054004531,0.29563004499261214,-1.0471084273847717,2.071169944223555,-1.3540693018047225,-1.48914876567353,-0.9278235753665344
-1.0148161820484756,-0.3387013676769603,0.4690983204858319,0.9550109366396483,1.838369497115982,-0.6449009269414188,-0.9676623196084021,-0.3457057576219337
-1.6259731759081175,-0.9719162808508419,1.4897212168416691,0.9550109366396483,0.738525067472395,0.12461272044638516,0.4262903944075125,-0.15996597660023532
0.8220436795259128,0.11087703707169883,1.4220252836747607,-1.0471084273847717,0.3808003674778051,-0.08437243197368814,1.4950742727064061,-0.6559432591446592
-0.43522132006331776,-0.7381070671002725,-1.5067677730189326,0.9550109366396483,-0.5633229446812206,-1.095292793530125,0.9729683730695659,0.9081715283297989
-1.6968025141215217,-0.8008227331380611,1.7597404982181981,0.9550109366396483,-1.178682147855313,-1.8570087796058825,1.6312408574969726,1.3751301565894227
-0.2632475277283858,1.07803224032605,0.8607317304039268,0.9550109366396483,-0.5693145930298348,-0.32572446385639964,1.8073214920990937,1.3482004864461896
-0.5966319049379744,1.265015936698967,0.4482597007086709,0.9550109366396483,0.3928380008089369,0.08643706749466139,1.3390744017583156,1.153742321872102
-0.7009903096761191,0.36716767880299434,-1.1865713429414615,0.9550109366396483,0.5030741106846615,0.09364544241231927,0.1662343482715559,1.5423233600850572
-0.1667312374688525,0.36857752890866596,-1.146037092920713,0.9550109366396483,0.9790829259082758,-0.4979474189185791,0.3284209377288579,1.1896262621968277
-1.776451491241098,0.6395838020535423,1.7055817009992613,0.9550109366396483,1.5986327151884068,-1.9431123208297414,0.30407083086338027,1.128426256833385
0.9679227993629164,1.2654901005117847,-0.2674703341812663,-1.0471084273847717,1.6792623672619642,-1.7834323738066773,-0.20317530917643767,0.9026557496216396
-0.04633981470542324,0.45556111894237966,-0.08252743809828311,0.9550109366396483,1.3310984638635572,-2.063882254747345,-0.4418202609932913,0.7709485240130651
0.5238344567387286,0.6692557038756932,-0.006322456948120308,-1.0471084273847717,1.4610330119964896,-2.1620816302187578,0.08882642943493031,0.2665285388512649
-1.5587378878867364,1.1287011133931444,-0.9843438873310602,0.9550109366396483,1.787978492378924,-2.175975509898534,0.16152462506903448,0.10364293843720473
-0.8556919368904952,-0.5421203089072766,0.7206810797449709,0.9550109366396483,1.279702172430225,-0.8427809481640555,-0.28129236147649184,-1.2827601572048246
-0.5015619271276998,0.9973028495627678,0.3897176378672646,0.9550109366396483,1.1643490754026729,-1.040429989502271,0.01418313229046636,-1.1686848991034677
-0.05655290157353086,-0.6470067531788763,1.090431253217005,0.9550109366396483,0.6901109515462706,-0.3481695910648543,0.5415521092428291,-0.6056952590917098
1.4931667790810257,-0.26893571825584506,-0.30250041885988044,-1.0471084273847717,0.28657466947247157,-0.32126533933847573,0.40838879332580197,-0.48408759647670757
-0.7655261890808683,0.2151632199451614,-1.3702589953481867,0.9550109366396483,-0.10635760038134764,-0.9977338154689207,0.23487914016211095,0.03128047702037043
-1.4951570651698196,0.8378205895229835,-1.0602252807532868,0.9550109366396483,0.4871846197862236,-0.8910516081679614,-0.565826607054579,0.19005479968228367
0.013276550909364993,-1.066266474203776,-0.006621758676415909,0.9550109366396483,-0.4004008697745005,-0.7493747355652288,-0.744023080322346,0.01469434193032972
1.650655241018124,0.07287757958993613,1.457282304594901,-1.0471084273847717,-0.09076315585392433,-0.9054738046970927,-0.5790847367203904,0.5195918002378344
-0.19712957097281636,1.3038797160204476,0.895708884511648,0.9550109366396483,0.5857385449334824,-0.19062798966406594,-0.04036293929266541,0.9263697810118139
0.32515592875054805,1.5449051266557083,1.443796444634506,-1.0471084273847717,1.157689100538183,0.3913684964297738,1.2248525789169116,0.41791102787010026
-0.5601914370024925,1.518490735262878,-1.2241248562927658,0.9550109366396483,1.4504599503360374,0.7096403194465966,1.1511623866576601,0.6428655543336156
0.5032780788904835,-0.3104498999815788,-1.3941261383498542,-1.0471084273847717,1.7755528930943827,-0.25939521904140217,0.5273324336993153,1.6994387630993024
0.9290314388535208,0.42053603561570135,1.516704444807884,-1.0471084273847717,1.9250882623875845,-0.4868811693240898,0.5540489698607883,1.7463327589787883
-0.42761518497138146,-1.3087021121739104,-0.9143559152660911,0.9550109366396483,0.8013607024320155,0.9855425749679326,-0.2597665794369163,1.832309479188011
1.3267817755360274,-0.1703682902053596,-0.5369072931688279,-1.0471084273847717,0.06358476347966913,0.32081132160811276,-1.1503023771466803,0.7885825871515749
0.23674842925561637,0.6090489227900211,0.513543398673975,-1.0471084273847717,-0.32758569396702,-0.7089743322067217,-0.3690367309739089,0.7637114711523607
1.4362073628550833,-1.466093949111267,1.0085871849515673,-1.0471084273847717,-0.824653021578038,0.045286302410740546,0.711237004666693,0.2263744083093379
-0.11200028755743217,-0.040500358834808556,-0.5365279718964173,0.9550109366396483,-1.02295467743264,-0.23349179782686982,-0.2119081044151721,-0.5416021447280474
0.49349414192312213,-1.4770130311689342,0.8721235888328741,-1.0471084273847717,-1.0953488188428933,-0.08256375788430613,0.5913033602328978,-0.7628493304433318
-0.2781507278571027,0.5890716087259927,1.2952010292040381,0.9550109366396483,-0.7686974063017404,0.36256243657696746,1.4150298041302936,-0.9182940962529459
-0.8078238985221177,0.8370469937991132,-1.3758277393346046,0.9550109366396483,-0.6706305387898063,0.5642366114158727,0.5655576688263579,0.6923770861583535
-1.7124165341860633,-1.5490893889285702,-1.4067492135876307,0.9550109366396483,-0.7063286601144103,0.6438300385140022,-0.5203914740757501,1.075712961241705
-1.0594337486803636,1.3127531672043984,-0.8900949001549955,0.9550109366396483,-0.12426525203034512,1.4590180676693216,-0.6793571994849126,1.1887744021874025
0.5378455809506179,1.691716340881758,-1.3519992520989506,-1.0471084273847717,1.238673312031799,1.126727435716552,-1.6793356266223058,0.7202768585997193
-1.14136147018805,-1.195497047755565,-0.33276987059706137,0.9550109366396483,0.4710920021261154,1.947025549917358,-2.4112807107016123,-1.814154209062047
-1.294579206383893,0.5508265783571656,0.111247485298524,0.9550109366396483,0.3479824537157845,1.8590836779512463,-1.7426831329074792,-1.112965414912486
-1.0407723137736409,-0.022267227966825443,1.4731991280948833,0.9550109366396483,1.0047014597610133,0.6967452738329394,-0.44784178693845195,0.44873894803699815
-1.2350861807732423,-1.563720997938207,1.0670025755984118,0.9550109366396483,-0.23253186245991483,1.3398060791278186,0.4320804995205645,0.5949864271138211
-1.337877701478619,0.042122496518651575,-0.53965638575998,0.9550109366396483,-0.9420576065492507,-0.1889114328328775,0.7973145265393204,-0.30487377979345986
-1.5199375840419704,0.9788905663979621,1.591880925381294,0.9550109366396483,-0.006806790026852076,0.04717434465132518,1.6626485990696096,-0.14680416389398265
-0.9977293100559588,-0.3958123849091459,0.4675509953738362,0.9550109366396483,-0.41397654098746633,-0.111645139830409,1.8228447074101748,-0.32258634695952826
1.4304938360139168,1.4739464325502585,0.3855505440376769,-1.0471084273847717,0.22957709157648765,0.8712400938391284,1.3338316455650534,-0.5898885365719881
-0.8533172695482089,-0.1894901165725734,1.0538491033992923,0.9550109366396483,0.8206633107590973,-0.5207202692641375,1.3279177687777628,-0.596882715282394
1.14035761622087,0.8977441030520096,-0.8449054172080233,-1.0471084273847717,1.1886845416269187,-0.5183836214338556,1.1906760478012641,-0.18946089030862837
0.3638997311632445,-1.076960438503236,0.9079880647474826,-1.0471084273847717,0.30441886679196256,0.2832486643484064,0.8831938824634121,-0.7803294816991811
0.4316756126506944,-0.08176381940885709,0.6061737985750691,-1.0471084273847717,0.4394979002632667,0.16793822586362459,0.9455194924339791,-0.7586708833861534
0.6487735042498627,-1.3514979891083116,0.1589569332379411,-1.0471084273847717,-0.7757864332172362,-0.20739192654036673,0.8436417011731461,-0.7242181094667488
-0.47781480986346836,0.1718583411671223,0.13581625853940701,0.9550109366396483,-0.6203627001393032,-0.09416211853029513,0.4308888516592936,-1.0872576610004736
0.19689277813560596,1.4238262784102118,0.9843139375124665,-1.0471084273847717,-0.39408345679787543,0.5591281518090099,1.253316399076735,-2.043649670540248
-0.7592926504536324,-0.5914878625381721,0.5441630177002342,0.9550109366396483,-0.18527127440908156,0.2713280658743173,1.089738564433809,-2.2228005893679788
1.4876292023474182,-0.5961383441436163,0.06755470896360012,-1.0471084273847717,-0.40651480574872323,0.36152911817867095,0.8475723224693182,-2.0965328518311046
1.0081734304522532,-0.7584062806472236,1.5860590462429411,-1.0471084273847717,-0.15141332292187515,-0.14374269027200595,1.4892056441833723,-1.2007367711677535
-0.3191999711308751,1.6610399408424934,0.7992897109338994,0.9550109366396483,0.48911566923241023,0.9202886754526861,1.7875071260812425,-1.4663781208997035
0.076653528035439,1.751657906573006,-0.8373503725096949,0.9550109366396483,0.6301230940012832,1.234660473278618,0.9684763702327508,-0.23662844294530944
0.1526331216715744,-1.1388158840302542,0.038129089083455,-1.0471084273847717,0.39470555589810846,1.638911342873234,0.7409606041501738,-0.19068465407954222
-0.07057338477141709,0.07547634313854608,1.0665070013387212,0.9550109366396483,0.6835814585110863,1.4132387329987355,1.190095302886533,-0.05716572615098351
0.31609095093951883,1.130134672437268,-0.3925511310365613,-1.0471084273847717,1.49588348640681,0.9865719151616918,0.30050078203486363,-0.6024000291248761
-0.6848975369786079,0.13735192472831284,0.07458068133294692,0.9550109366396483,0.8405125433788203,0.5670085400993122,-0.025332567731466932,-0.9308783850243634
1.6765283062876764,-1.3780931879534064,-0.6851792689469087,-1.0471084273847717,-0.5056606263056461,0.27971910864000793,0.04308443604010797,-1.0856386344796918
-1.738361881736757,1.5484250938870499,-1.3241443387819771,0.9550109366396483,0.6501794375497563,0.6630582042162452,-0.5694015358036109,-0.24749184741101
-0.8069956059096105,-1.1622279165113216,0.2032952151550131,0.9550109366396483,0.11781625082261814,1.321424473786426,-0.957506521890081,-1.2592414116710122
1.667467412455866,-0.4160978819369973,-1.088669489690949,-1.0471084273847717,-0.5472515823452067,0.8100614108817169,-1.270485341484882,-1.019203976978541
-0.9730485059482443,0.7133892654737517,-0.9089644877264528,0.9550109366396483,-0.29948554938365163,1.0768354942310314,-1.7126929089241598,-1.364656684004377
-1.080921705923863,0.033874167300527516,-1.6575171951830219,0.9550109366396483,0.30783193776009793,0.32618341631186687,-2.149861635502346,-0.93587701686104
-0.21272885752619383,-1.2085353070869673,-0.12007538895937923,0.9550109366396483,-0.8779959474555918,-0.4835488282316693,-1.6085053073131508,-0.7664792716605341
-0.9289144124204849,1.405838982994114,0.4159735967957169,0.9550109366396483,0.2265847855346479,0.20974559851244873,-1.5128838831520217,-0.5195846227796154
1.203799254222509,0.9388816139411764,0.6602293951835628,-1.0471084273847717,0.8093905703185618,0.23415800844503204,-0.7265688811504037,-0.013676063251646262
-1.4102252060143867,-0.05009412668776866,0.9021389799459355,0.9550109366396483,0.4809999644889176,0.2128486740838292,0.08771365920934837,0.2152174006814799
0.029106208695519952,0.9952843941478382,-0.1033967087094401,0.9550109366396483,0.894523153187712,0.376331297761978,0.786455172512969,-1.8441426581815188
0.25001256312099557,-0.7826591088278481,0.5546079836896687,-1.0471084273847717,1.0777016534544874,-0.19691320056299777,1.0897966990604373,-2.141620834019997
1.1705478589030511,1.6913344503230574,-1.6525031615193744,-1.0471084273847717,1.2004993861102558,0.08388456034228049,0.15979764627269416,0.25781701208097135
1.6996057100324045,-1.2746636078463376,-0.3563810473066675,-1.0471084273847717,0.24840604147816375,1.0006167830451094,-0.29727625836240784,0.09180978459036845
-0.8006109648409266,-0.7695007859165601,-1.2760959998284824,0.9550109366396483,-0.061026214792897666,1.2343704698022115,-1.2766232390794878,-0.2493135282635368
-0.011086398383620036,0.5051857168840544,0.004634616258013729,0.9550109366396483,-0.271828182714307,0.942116020963489,-1.2280517337496557,-0.1940902010152971
0.4669966168594919,0.5934582525714124,-0.22622043181056764,-1.0471084273847717,0.32006945205047316,0.8319110242602221,-1.5791166823336014,-0.8805270775611805
1.4782995221204704,1.6379137450649741,-0.13383280579673285,-1.0471084273847717,0.29709205929556026,0.7693671083801045,-0.8963137517996643,-1.6533731147933641
-1.5567532331092897,-0.28551673145656886,1.3746016102793337,0.9550109366396483,0.7225453767181047,-0.10158012647672653,-0.11805398867895867,-0.06358205467903931
1.261227589919572,1.0221003684608085,0.31420930228265576,-1.0471084273847717,1.4931515150198083,-0.8735402737416269,0.5969564259468302,-1.129995814852719
0.1478943396614786,1.4248672631663781,-1.5358055757920128,-1.0471084273847717,1.8887263019172067,-0.6723222065277294,-0.09563434826599879,0.3166738924404331
-0.4204759598241735,0.6743988667609195,0.5426382644524409,0.9550109366396483,1.9235405986036946,-0.6965964836320404,0.2500489456737707,0.3976219228314067
-1.7146589995979733,1.4140820243561958,0.18855963698968223,0.9550109366396483,1.8272657678449693,-0.8769327748870142,0.39499844303313136,0.3654022396645791
1.6458752956480298,1.4892260997259412,0.9026072125382595,-1.0471084273847717,2.5906207792406137,-2.1673307078061037,0.18278704589958272,-0.06632897676421487
-0.019223796161374505,-1.6700940011259453,1.1221947333302082,0.9550109366396483,1.432650155234274,1.4372852255695898,0.54606194493814,0.3415112173838939
0.5670984897330759,1.6428214836919381,-1.4593935705379446,-1.0471084273847717,1.5263969469213607,1.559069399233578,0.5804172221836916,0.22460583846787
-1.1275154358069508,1.39396804031837,0.9765177485626827,0.9550109366396483,1.8358991040958266,1.676125681701084,0.7754919348312937,0.3967214359089251
0.9750501738391248,0.7143414999974244,0.8650122581520456,-1.0471084273847717,1.5349256748412992,1.549513768278841,1.0796289256908027,0.4611212282684042
1.6423370433409656,0.20858275895984263,-1.5848763981435436,-1.0471084273847717,0.984093467037482,1.3242089791797709,-0.038758018933842085,1.5136638168548693
-0.08581581381668474,-1.0598429771262556,1.6439322703365284,0.9550109366396483,1.2465755400424465,0.4576545126261763,0.19581817984101102,1.9579146026980858
1.484540632127997,0.6703975932889567,0.8816116640641667,-1.0471084273847717,0.8283151380858614,-0.1368407194413064,1.2483476037270806,1.007495593278978
1.4332508636488002,-0.788128844185057,-0.6589452598044002,-1.0471084273847717,-0.11025160120145797,-0.4439451170193219,0.5130340245260677,1.2803411913929643
1.0150492330858127,1.2147657631193403,0.1648878804803879,-1.0471084273847717,0.10499162298080854,0.04334953439878,0.19825407573001658,1.1047519205345002
0.8162907875741325,-0.3227442882531671,0.8389346674896292,-1.0471084273847717,-0.12354355239998598,0.06970990329368251,1.2880134777217702,-0.3534209569537937
-1.8515142767782,0.8561515490513528,0.979203146939056,0.9550109366396483,0.7005668469584287,-0.3807593011608802,0.9891474389156892,-0.9769349394001876
-1.7854511759420935,-0.8704068904442182,0.8418265193961874,0.9550109366396483,0.03783374356287532,0.03820400820468692,0.9712598089447424,-0.9991711368985325
-1.8380139506525865,-1.30681705131975,-1.1119149672739437,0.9550109366396483,-0.18526519523056906,0.5010453408382554,0.7676020220274926,-0.32675908156476363
-0.6575043959108724,0.4048591560608567,-0.4728221162872078,0.9550109366396483,-0.5336234229117038,-0.22059170669472378,0.4808839380253159,-0.05101407946788044
-0.31516547330617517,-0.14492474220231277,-1.2156143927394487,0.9550109366396483,-0.4571394167689231,-0.22128213859473295,-0.44285314156140493,0.31921374466001445
-0.3221960839776516,0.8337825104458593,1.7608273550471203,0.9550109366396483,-0.4667608207377611,-0.24543227615269855,-0.09143040004189906,1.2204140876046874
1.457503107515526,0.5194725649916695,1.2173620086124561,-1.0471084273847717,0.131056186268212,-0.38758845693033345,0.07741251678342614,1.4846246360743662
0.6050324418340018,-0.5360609177764629,-1.248880029288731,-1.0471084273847717,0.4625749543773786,-1.4467478691131226,0.015832236789116154,1.5927853984542848
-0.9317387496101842,-0.5244828761273448,-0.3787230829668365,0.9550109366396483,0.06284498499427021,-1.1855509810201097,0.05813970362643888,1.5656007101292637
-1.4612369243733663,-1.399259797674983,-1.0740051165507438,0.9550109366396483,-0.47667146422914475,-0.1797038732384515,0.1218080490366755,1.4546602748252098
1.589094839561762,-1.3787000167956283,1.6671187615415095,-1.0471084273847717,-1.4283077211113728,-0.5817700920501799,0.07967612618670553,1.3491278324754479
1.627879582349405,-1.1330345623373874,-0.07836082309995575,-1.0471084273847717,-2.1390865307787728,-1.852843379215029,-0.5028883146869574,0.7228577641601904
1.5482690368898882,-1.4086396483196184,1.3575918821908912,-1.0471084273847717,-2.5144013849053026,-2.0640009585045425,0.6689964546485342,0.7559768187006132
-0.7269838007107934,-1.4190687245997755,1.4896748539042541,0.9550109366396483,-2.899181973144134,-2.991042958081154,1.509038918038879,0.8563561686446455
1.1325373808865962,0.3895248371813208,-0.8916564566149165,-1.0471084273847717,-2.1297872803844657,-0.6127356818482392,1.5910239248008464,0.6180418464002394
0.20041223583619347,-1.2126546516374346,-1.1936847442657093,-1.0471084273847717,-2.05836760234127,-0.6753181445480978,0.30479020720290073,1.0256356499990356
0.601297696588804,-0.7304817260933691,1.129028201851847,-1.0471084273847717,-1.885220981039719,-0.6825830075111613,0.8476392602742743,1.2562728924358932
-0.8745101616879633,0.7203277036775926,-0.37878573823849315,0.9550109366396483,-0.9695063948526341,0.030640119006337615,0.066953890815957,0.8986917493245028
-0.8502640821073068,-1.098000378979381,-1.6594098896143883,0.9550109366396483,-0.8314080031738036,-0.2333434434057277,-1.348892730059898,0.39853252551628804
-0.4202467631212542,0.3205789317437534,-1.6652024642795846,0.9550109366396483,-0.8610631179917129,-0.2863518058757198,-1.6966834661771746,0.7756576924797973
1.3526824920164549,0.22911958535914986,1.2238148521530416,-1.0471084273847717,-0.2409250507883892,-0.6611560431297817,-0.6097617370611307,1.6684268637077115
-0.41399549851280576,-0.5687916598589509,-0.458506069148813,0.9550109366396483,-0.1713786803597803,-0.7686673686172727,-1.3235262801548229,0.8224331352270261
0.3712885798278573,0.3735249862808414,-0.7644326452212777,-1.0471084273847717,-0.3205459780882322,-1.0659043089970384,-1.4969153485902151,0.8062906527487932
0.43822740948805355,-0.42457216812366944,1.4842630635622782,-1.0471084273847717,-0.03089004003359741,-1.8161902717172496,-0.08350189979216692,1.4002414023071765
-1.7778026476131745,0.47371279987692483,-0.052385179234363324,0.9550109366396483,0.0349761258130718,-1.698060058906584,0.6416300318972846,0.17538267256306223
1.3067009795690985,-1.3701450816643979,-1.3692961477682104,-1.0471084273847717,-0.6529019580820397,-0.7001309377571937,-0.5242475947213658,0.4018029231632927
-0.35013908915492675,-1.0774408124725685,-0.5066963183975793,0.9550109366396483,-0.8716828838971008,-0.4289089705703281,-0.545914208075756,0.41183133921220816
-0.07772269693219233,-1.3157822439809697,-1.5745173175823581,0.9550109366396483,-1.5982902082653474,-0.6237240729677749,-0.9101329380881489,0.954444222280513
-0.7279084079648245,1.112724572598481,-0.45468590426041544,0.9550109366396483,-0.937065860481653,0.7198370084129677,-1.7818955509529495,-1.1397584272451131
1.3360019019826668,-0.8015002816539892,-0.08667757647269063,-1.0471084273847717,-1.485562397151871,0.29915111122144616,-1.7973136100736329,-1.1748682594556148
-0.6012363413809597,-0.07563065919646844,1.3081078179994876,0.9550109366396483,-0.9287639391711088,0.11134956154479161,-0.5935373809791608,0.2766772811351754
1.399783477769806,-1.221740155487135,-0.16468830756388875,-1.0471084273847717,-0.9908301860074884,0.20353916775644046,-0.43976861135554757,0.2444802248596028
0.7834717996530493,0.2874404215116506,0.8698008331106283,-1.0471084273847717,-0.3012496819569738,-0.11845179130197543,0.6592108940791876,-0.7586188096571188
0.20118189455575955,-1.4605070865794603,-0.4465661251684194,-1.0471084273847717,-1.4080518890162381,-0.7421259226253695,0.6628615934810763,-0.7659344844196642
-1.1584464726185393,0.645644333180977,-0.5263760104006309,0.9550109366396483,-0.7856039069542746,-0.06912293050819922,0.46517064751254145,-0.48342289478457035
-0.37598439411590423,-0.5182808757400509,1.0927111000249803,0.9550109366396483,-0.9759972727743612,-0.11763932334264403,0.36832704369412045,-0.7332209065091788
-1.5267323345359638,-1.253948784103052,-1.4265118890600632,0.9550109366396483,-0.9898508957512516,-0.09298870886065187,-0.1989960992221988,0.3237532973301698
-0.8648826873182515,0.7274615233429661,0.6856696686807671,0.9550109366396483,-0.800588368639668,0.28249080493770073,-0.28178253026141453,0.18029050320068649
-1.6586571743195768,-0.6065185700729829,-0.9731111787322874,0.9550109366396483,-0.4332695648695511,-0.3273111750929611,-0.518520216143538,0.42448761257674156
-0.7787115863388137,-0.9206869731479961,0.28723142274090957,0.9550109366396483,-1.1069823029542203,-0.713572502662485,-0.15271763261388488,0.44405125790882427
0.26006393473639866,0.7581694544257703,1.2960241546268918,-1.0471084273847717,-0.5579535990712635,-0.025162065227353175,-0.06130691337855029,0.6503118001252707
0.4674822346647214,0.22320626668154517,1.1680572719591271,-1.0471084273847717,0.07740251608683965,-0.6542218479257136,1.1052263108601594,-0.18329214192381982
1.0021108127947573,-0.013183402537804274,0.46589427864486005,-1.0471084273847717,-0.24116477484800156,-1.0218583603466496,1.0064140308875575,-0.2063862638866112
0.6013633702103235,0.05394726102227065,-0.3104596502563238,-1.0471084273847717,0.04291576525268528,-1.2375444346498037,1.3043459710622107,-1.0964931946306358
0.8877856691140292,-0.5409337519004999,-1.3683349048765256,-1.0471084273847717,0.20625578243126763,-1.7407518250429375,0.5599938238494685,0.5313833722419466
1.04829648961111,-0.47372257067827644,-1.2824559050380135,-1.0471084273847717,-0.32360743737671793,-2.2075046386534463,-0.5993056478418446,0.5008001100945821
-0.6471092941675264,-1.3449711079641347,1.026078297799215,0.9550109366396483,-0.9981142090961068,-1.4074115275898533,-0.6631402115872199,0.335736774000785
0.27234550279616965,-0.7425051158973002,-1.0757048500316189,-1.0471084273847717,-1.311811143114249,-1.6036329357072752,-1.3562520503759556,0.14046386286152585
-0.9840008542561377,-1.2281144266464648,0.6208506438612901,0.9550109366396483,-1.8632534123855677,-1.9893810078401764,-0.937529583275884,0.6649397597276384
0.011746819698754057,-0.35320145830102384,-1.3526212893160146,0.9550109366396483,-1.7825057206062054,-1.8283409636129417,-0.9304646513019552,0.6531110150322189
-0.01948945171865102,-0.9271083580743443,-0.05730260808758859,0.9550109366396483,-1.977516686039291,-1.9973177918193654,-0.3796286793223713,0.26436542547946
-0.5443330077583604,0.17736141394735563,1.6392483389202395,0.9550109366396483,-1.322728770182538,-1.4626917625554907,-0.10394390058457434,0.9732754031745565
1.0209491818170626,1.4864499487149263,-0.46169554003380786,-1.0471084273847717,-0.3640073211635009,0.4381877631696199,0.1721182182694764,0.6012473942719998
1.6387822800285239,1.5483057000136333,-0.7363385230968519,-1.0471084273847717,0.8301906100452507,0.5564858457836872,-0.438081840614913,0.6009418002063824
0.7091792332251556,-0.5251512531544308,1.312394240603043,-1.0471084273847717,0.7562313099688878,0.6684734672517517,0.7601244764375519,0.3961218840489358
-1.393233925425479,-1.2279786640169157,0.1485683212617238,0.9550109366396483,0.6268205289892163,0.9904196547863069,0.8526852308776212,0.34079297578411283
-0.9809038659518475,0.18578886056444666,-1.2551293888577064,0.9550109366396483,0.6304453547923662,0.9897299855786299,-0.4486436501082332,0.07995418519806269
0.13722157629215853,-0.4441443978493672,1.16956860746976,-1.0471084273847717,-0.19994474090392497,0.3439868775064825,0.284782097087823,0.6252879744803406
-1.6733550328885194,0.9437399156010114,0.09022636240655774,0.9550109366396483,-0.4599814702492241,-0.47494970520785207,0.6564104257580162,0.2549496967255867
-0.7816182284289709,-0.9859195921897812,0.3555711079213666,0.9550109366396483,-0.658167829712203,-0.23295860109701683,0.2262172396357839,-0.3267205185689151
-1.217474127360289,0.928872569914214,-0.42479050987081085,0.9550109366396483,0.26954021301260356,-0.3665938231828829,-0.0315681900129826,-0.21943032749048239
0.2406674181622098,1.6028929508509442,0.4193062623704232,-1.0471084273847717,0.879067120225798,0.465201590063165,0.7212677136713502,-1.3971224089141516
-1.297627508908813,-0.05821414646124316,-0.5762518792770781,0.9550109366396483,1.0450640107443034,0.2327320183076252,-0.06366322281861438,-1.8569423466379582
1.6086557291150325,1.17157718559998,-1.3197105069688568,-1.0471084273847717,1.1430617142879393,0.3422475872296371,-0.6975789522260539,-0.8803628981164247
-1.6838964548688227,1.7111680649880652,-1.525845381789979,0.9550109366396483,2.303137046390137,-0.8771548117557809,-1.543474631883606,-0.6794695490499513
-0.6690785276600307,-1.7278459241255577,0.813210408426405,0.9550109366396483,1.1604253584429443,1.8018749544268085,-0.9868622954198363,0.26120798101906995
-0.1914607608835237,-1.604385064575104,1.281014392853114,0.9550109366396483,-0.21909380512131216,2.223910208351659,-0.5994333615887488,1.082645979480876
0.7476917623533701,-0.9717308419545825,-1.508816638064798,-1.0471084273847717,-0.6120169572795282,2.3909057604189314,-1.0187198432228313,1.5220744602223353
-1.424187685957249,0.7659217355519389,0.32964673682431855,0.9550109366396483,-0.7864980794192369,2.0895465315685597,-0.27715933582524593,1.2907332442171384
0.23554678249858635,-1.2316651704629422,1.7443364667843326,-1.0471084273847717,-2.0522738631063824,0.20665115260492478,1.1931332402900807,1.0696364763318562
-1.0025766932371887,1.430868895022377,0.7411836267720459,0.9550109366396483,-0.6936427733503158,1.3968589603333943,1.1607495848080303,1.0564454875993867
-0.5115443910400458,1.4707726586948255,0.856870930848557,0.9550109366396483,0.6290486147456306,1.2874715846726739,0.9700522437213192,0.8696732626038437
-0.04249771359940846,-0.4110020189406873,0.6452755488296621,0.9550109366396483,0.8702301254191753,0.8659369220904178,1.9385444858392054,-1.5751119947881804
-0.5623129955550382,-1.1082285748930267,1.4309022969843406,0.9550109366396483,0.0641178220193445,1.3866704282713074,2.4336753224362293,-1.7604649266223578
0.4412054365973033,-1.551796799472838,0.3555077275623723,-1.0471084273847717,-0.07357766772557155,1.6786528446685895,1.809249929804353,-2.0641600406738125
0.6139813338395815,-0.8005896636541584,0.294768591340423,-1.0471084273847717,-1.033375923314223,0.7868927385004282,1.6085391611516782,-1.832874151213588
1.2592274698781034,-0.9443573129098584,-0.8945728745770462,-1.0471084273847717,-2.072175198681835,-1.918841139734654,0.8210799482265271,-0.4553941448594412
0.19631415693705417,-1.0873080415847185,1.0893740742691465,-1.0471084273847717,-2.3630689453991516,-2.40971731823975,1.0207492006572763,-0.24254877074499534
-1.8017588311922696,1.4280041416793061,-1.3392681967904658,0.9550109366396483,-1.272180778254905,0.7706989830020075,-0.22473539321829167,0.11068946471736038
1.5358506933113376,1.123012669850561,-1.1034114713190393,-1.0471084273847717,-0.12168777326213394,0.9916350960102729,-0.8806738598214934,0.2794951169750613
0.7884287392755067,0.6383936056989564,-0.2502440472111424,-1.0471084273847717,0.49724983881053353,0.809002345480345,-1.1257146781786571,0.04950556434875958
-0.4564946235932278,0.08160493671724396,-1.4444051751002547,0.9550109366396483,0.9385382390199152,0.15509818166013267,-1.372922444291154,0.35177256488324266
1.543557698006765,1.5001694374551342,-0.6645825136799911,-1.0471084273847717,2.051467879187775,-1.2834375422920763,-2.1615114186977205,-1.6932715122659325
-0.31433191100872815,1.545468088893296,-1.5973955613644317,0.9550109366396483,2.1019916458928187,-1.1925001172414846,-2.2775669671042325,-1.478385645288701
0.15483425608555784,1.282120369543147,0.8276167285359622,-1.0471084273847717,2.1704272850051334,-1.1446002467254797,-1.409365577094702,0.07570661841323574
-1.849813245150731,-0.0770588290145877,0.2391357414590004,0.9550109366396483,1.8626958256308692,-0.5511686157335481,-1.1893376081619373,0.32567271989357294
1.1262880800367239,-1.2259489565362218,-0.4398343620160777,-1.0471084273847717,1.3002888111904387,0.9777477982139178,-0.7376767901851867,-0.15115406129063427
0.7377564637710032,1.2075889974880019,1.083067551099982,-1.0471084273847717,1.1744436796248439,0.8061738402565912,0.04807673511607692,0.4236672039691046
-1.1023419145608317,0.6464569380603262,0.7378656794241077,0.9550109366396483,0.7877596737896698,0.33835754618894753,1.0980236263319778,-1.3091253938096088
-1.1920516717749108,-0.21368033135283354,0.795632668163245,0.9550109366396483,0.14438366402871392,-0.09685577628220599,1.0836434087485007,-1.3248798525477212
-0.6198479239612112,-0.6310675314863934,1.3446472359497823,0.9550109366396483,-0.09390737845819677,0.09580735240775594,1.5806877379097608,-1.014069418800211
-0.37556846259877064,1.481198020846054,1.6161248530568282,0.9550109366396483,1.0704946833280828,-0.16321404039036083,2.5050588312284585,-2.155570879879029
-1.4753348951430834,1.6978594469830255,1.1444713348878914,0.9550109366396483,1.281370534175644,0.25298065138080966,2.5326663257438207,-2.156753545362469
0.10568354649414738,0.07927544834694028,-0.5852052384085794,-1.0471084273847717,1.0374135929578128,0.34050939498302896,1.9378060279865037,-0.36229218959244064
0.6582726626960079,-1.5121739203320306,1.7033643621921515,-1.0471084273847717,0.4789036099920315,1.5197471220667718,2.34592742081276,-0.09111991427759406
0.371633788362664,-0.8646944272060861,-0.5218801856320351,-1.0471084273847717,0.3784156640705315,1.6633124910526764,1.5067259518596285,0.6397093049605902
1.5539570843626593,-0.9459687745752092,0.3837836325428167,-1.0471084273847717,-0.6655609077595488,1.1154374757469654,0.9526582480857293,0.16777611131076922
-1.3949288965427387,0.41550151972613425,1.3942113929183182,0.9550109366396483,-1.2171305960406633,-0.5699440497216108,1.0649428152087566,0.34796496935928717
-0.5953865584324962,-0.27528885294723027,-1.0748642243321345,0.9550109366396483,-1.3696363177144688,-0.7809095377078737,0.8447893175843241,0.8447331273855553
1.5321690275557576,-0.5814589749257287,-0.5941838886829905,-1.0471084273847717,-0.9693158288674485,-1.4388960500887737,-0.18820159636169867,0.06118755974635041
1.267505514812482,-1.1073465415606316,0.24352596743705673,-1.0471084273847717,-1.073685715176484,-1.2452172775853638,0.15592941429176146,-0.034771736222220906
-0.3577620630775211,0.904234085530077,1.5670969959526568,0.9550109366396483,-0.27787372453507286,-0.5479465624888046,0.6879539113997892,0.7623340739952297
0.5594424448388078,1.5882694730416889,-0.0346142100361575,-1.0471084273847717,0.22655896207065135,0.576186382006436,0.045545698687291074,0.14594688739908646
-0.2391599532671716,-1.1998410829809578,-0.7929716369962956,0.9550109366396483,-0.17111081052565058,1.1055344726571463,0.17228622799532206,-0.1149635908848796
0.43317593963667583,1.0657940243077428,-0.4928695523080201,-1.0471084273847717,0.5374080857944137,1.2872088951720764,0.2178377366036634,-0.17807299144850428
0.08406688909030795,-0.07144255922303169,-0.09390846367412023,0.9550109366396483,0.9829726387810729,0.5559326097573136,0.06612527474018647,-0.18160955207549978
1.383697052961808,-0.8076613036496599,-1.6225112130191284,-1.0471084273847717,0.2466496620911245,0.8759058053868005,-1.3679409293800076,-1.1524356802930789
-0.6051566447817769,-0.42097688965789143,-1.2872761754070234,0.9550109366396483,-0.6175703551117329,-0.3031659901784844,-1.9311449569694137,-1.2825284925813674
-0.09972692577333957,-0.6028945307886869,-0.6060396613705733,0.9550109366396483,-0.3608108211979093,-0.7551836963884723,-1.8470992651003522,-1.2439267428259062
0.6422685502390423,-1.4712362378882968,0.5618399645577925,-1.0471084273847717,-1.4520420298453953,-1.5476558045425275,-1.3728957973996017,-0.28768699973668715
-0.2670777233484593,1.0846567590233083,-1.4406637115616785,0.9550109366396483,-0.9547788812085808,-0.028143362356837558,-1.9784047062319048,-0.25590198941026865
0.0970881161312359,0.43958407960691964,1.1734102344604982,0.9550109366396483,-0.41831185228438783,0.12927238410365133,-0.7213423353967502,0.6783045987137107
-1.1896935952655867,1.0168800597110164,-0.28140320605917063,0.9550109366396483,0.20014130537084426,0.5613911069257366,-0.26909606047109447,0.20082071029780488
0.9798407181836949,-1.6603800932501778,-0.038417062156634804,-1.0471084273847717,-0.2547059487778939,1.43220036820323,-0.013889673699856477,0.06622165238968175
-1.848546097731948,1.0909752816890337,0.6775274215384038,0.9550109366396483,0.8473562595375546,0.8317762067064429,0.03812407263734248,0.13143434644067423
-1.6510256742787826,-0.6676698433437679,-0.8679136415465293,0.9550109366396483,0.09364294963364161,0.8459704965030461,0.2956357997848542,-0.5797956091738492
1.5009621662170052,1.0336169898838667,-1.6365386013593513,-1.0471084273847717,0.34914926357756715,1.1235104249424244,-0.967733365563247,-0.32597594654461076
-0.8703159788921229,0.08281249890955597,0.38275996936893447,0.9550109366396483,-0.052613257161741665,0.7902554951998407,-0.66912178022072,-0.051526178049735194
-1.8204891855100942,0.538687463940077,0.9064673119538019,0.9550109366396483,0.8932529329612877,-0.7897678061652915,-0.2442963286490833,0.4835813687252575
-0.187704510619267,0.9974953428112889,-1.0088156984487826,0.9550109366396483,0.8530452033942171,-0.8644099086681206,-1.0024858988044125,0.32563145585388603
0.8302297364738428,-1.2285167640250099,-1.6285612282938142,-1.0471084273847717,0.6118128963773287,-0.06956278898802756,-1.3444774306582608,0.7774895779393293
-0.9095296171966089,1.6954055610515173,0.4589512865258602,0.9550109366396483,0.8964623753942899,0.5275248075422003,-0.4023331193791869,0.437493348068941
-1.4134540311709007,-0.562147094836288,0.9583542608587128,0.9550109366396483,0.6190514010360796,0.8303528121600567,-0.1435426138907129,0.8030656805912134
0.4843384794440062,1.0539259848012335,-0.3358820854783603,-1.0471084273847717,0.8406665556674577,1.006553952648791,-0.7021100515951952,0.3253978828311103
-0.17738621578454733,0.3625727545838493,1.3928370498242426,0.9550109366396483,0.5675727129675695,0.8391943965422773,0.3776868434099716,0.8375518612115883
-1.0111757397896743,-0.5153026146285609,-1.3643046304404354,0.9550109366396483,0.8743414377508122,0.12190992379162592,0.4964981303672133,0.48186872685886495
-1.2745409989654373,1.0810687226934923,-1.0224030939744464,0.9550109366396483,0.6101019682311133,-0.5244220657768761,-0.16952732298641834,0.897876281503534
1.3726968352446403,-0.38769323093485386,0.7578443327426431,-1.0471084273847717,0.6851383221899365,-0.6804811157341696,-0.25967774042421565,0.7517532064490571
-1.4168461324754866,0.9643677040921432,0.8861585684592862,0.9550109366396483,0.6466173820345049,-0.7557094222351576,0.28975876934632483,0.9988265023519342
-0.7913300273370264,-1.6323135509540354,-1.1421731934359043,0.9550109366396483,-0.21142606614341536,0.6592744960266416,-0.8499964227591644,0.5081365465085304
-0.9677993707576099,-1.289583534630883,-1.2110259716621279,0.9550109366396483,-0.5444609206175074,1.0854178501017926,-0.7810814557896932,0.3891966730098688
0.9440568603358257,-0.5237900240707842,0.28701650154261454,-1.0471084273847717,-1.2347451383643533,0.19701538938735433,-0.19235887109673513,0.2156479424426252
-1.1642409164245624,-0.1998167477045741,-1.6372830769369222,0.9550109366396483,-1.1539354275277336,0.24083119000268424,-1.2692219363227466,0.4548671113584079
0.3089066333186071,1.27045374882721,1.759648037108888,-1.0471084273847717,-1.022281245264547,0.6579306910243319,-0.8764960450606648,1.6030962114831995
-0.3772279019260207,0.1460405651774083,-1.6709636139331836,0.9550109366396483,-0.2573729426455713,-0.032240447326896036,-1.114243260836144,1.9239404741252646
0.75313032893402,-1.387972172657525,0.8515884772562777,-1.0471084273847717,-0.2996920091505405,0.07999939086199805,-0.18687993608554276,2.0588793532734715
0.7518591981187741,-0.362833419364361,-1.6383658431787884,-1.0471084273847717,-0.2304611162791438,0.0318115616817226,-1.0525429171401175,2.50116709169276
0.9713579245424019,-0.5508243127219002,1.5116378443241505,-1.0471084273847717,-0.38143700928513463,0.10805631188602388,0.3632300483060839,2.6544172821229384
-1.183713577338427,-0.9296584357906258,-0.41676948107518813,0.9550109366396483,-1.3277525161023196,-1.3363631878862863,-0.6152997912220994,1.7356067219386322
1.1071346581479025,-0.49520334917683384,0.5294374330249804,-1.0471084273847717,-1.6035652969451184,-1.924822977533152,0.37401318084685076,0.9568879425189959
-1.0374775270841197,-0.505460492030894,1.098706298375034,0.9550109366396483,-1.2239780676378365,-2.656931451529371,0.4851187751657428,1.0983030076348406
0.6045930106725664,-0.20334944102063293,-1.085349193253179,-1.0471084273847717,-1.155380582995578,-2.4926928024027446,0.733758243092663,0.3940561266969282
-0.43403884895643374,0.7740810486491457,-1.1033163472641125,0.9550109366396483,-0.5855103294255626,-1.1199330326412105,-0.44194020818767216,0.07401649564906099
1.712342881257847,1.4686502575239446,1.5910187426179754,-1.0471084273847717,0.4460537528452099,-0.2599259730451803,0.4607729302253585,1.028156077595054
-0.9455425019807348,-0.6470741475854737,1.1421758854236412,0.9550109366396483,0.3807308604165366,-0.1429027311987146,0.7362636641901716,1.2759314376877215
-0.2644338662156429,1.6382093498445176,-1.5319805356770981,0.9550109366396483,1.3027693032950387,0.2092176030049099,-0.44650827366932416,1.76533552063106
-0.13101236087125387,1.5581962508642175,0.9225563231751447,0.9550109366396483,2.0604479416173835,0.03999220317106073,0.4562576002323497,1.657328890992351
0.8785304637658756,0.22733013798243915,-1.651451284319997,-1.0471084273847717,1.8252786312759721,0.24102001609178336,0.2098129785015855,2.16898937014344
1.5851983018971947,0.34665033703979475,1.651041313893924,-1.0471084273847717,1.342682366037687,0.06686137923653551,0.23679947192391526,2.2220296753725517
1.5439758343617802,0.27840047431988263,1.4655931180457273,-1.0471084273847717,1.740748879190035,-0.8238779233043361,0.3822097206901506,2.4359974863994687
0.3728566932054253,1.0595704420893923,-1.3112746863686422,-1.0471084273847717,1.4918638563785516,-1.2991276325459757,0.4814403405056586,2.233817080109883
0.29415922363927877,-0.7152696377843782,-0.8419409921870231,-1.0471084273847717,0.5139973458934108,-1.1473154753532468,-0.31188780559834534,2.2323252247598018
-0.21171773579708614,-0.0399670664217898,0.6539287274366723,0.9550109366396483,0.3990270770020806,-1.1023792592824906,0.7246243131048523,1.3816016800334612
-1.0114872009470754,-0.1720853378258815,1.4919168142952677,0.9550109366396483,0.17590772131798008,-1.0686944929197721,0.6530810224649235,1.2432922919471754
-0.7766742224717414,-1.0596140654725903,-1.0347864035119432,0.9550109366396483,-0.3996010714631544,-0.5092334161096657,-0.4711039978940411,0.9297428984201336
-0.9192166152707365,0.26612944434638636,1.7095501812552067,0.9550109366396483,-0.7408770869128543,-1.497593284960194,0.8870762447576762,1.161726132772857
1.431905987578882,-1.1139414785088622,-1.697681438205329,-1.0471084273847717,-0.912354408681544,-1.168828315587808,0.5023304162005101,2.0390681251846297
0.5651179881187546,0.09892124939969688,1.3972618152289875,-1.0471084273847717,-0.852615560864372,-1.0825120702736706,0.8365372496946162,2.3529548841418393
-0.3781794956932416,-0.4830536623712657,0.28348557970700383,0.9550109366396483,-0.98636971654047,-1.1259259338869954,0.29321961317369855,1.9013895286618583
-1.3646169567081066,1.2844928620425087,-0.2396572940544753,0.9550109366396483,0.021881022060137385,-0.19796576498447038,0.6507142360486272,1.470933118598713
1.6374551709179788,-1.4285063079303824,0.8479713464795327,-1.0471084273847717,-0.7070182140780742,0.4568321277171819,0.2633434343113947,0.8108865947807026
0.8438097417045707,-1.4739934327164477,-1.3293437743002634,-1.0471084273847717,-0.8618842931392457,0.7278383269043185,0.42895016745970077,0.3100231963226711
-1.3230324306313648,-1.1241840224266146,1.4136409040376,0.9550109366396483,-1.3879681416317886,0.7181435379112234,0.4363143000351832,0.3272220787356857
-0.16064555336474629,-0.7569912839387357,-1.1388397858739332,0.9550109366396483,-1.505794596574561,0.7068533289924815,-0.20317136855106843,0.8785922290450792
0.4405142920323033,0.4420619486743178,-1.3051330268144443,-1.0471084273847717,-1.8681422269891244,-0.5887751187244473,-0.6822153888678552,1.3206123101711282
0.5647694018127586,0.2189253400737076,0.9489899075776097,-1.0471084273847717,-1.1595464899956218,-0.40792097875156497,-0.6367968625259326,1.4024964291254003
-1.7148456966271306,-0.07115904571959321,1.5278319384858847,0.9550109366396483,-0.5561572886662803,-1.039598553853885,0.6478057784550075,1.5836676974256725
1.5536081398969008,-0.7798165206085637,1.1394616437006861,-1.0471084273847717,-0.40803742946422755,-1.4101703424885406,0.5245332053490496,1.3992050927667954
1.3187151081911737,0.319559128324204,-1.2980697740112257,-1.0471084273847717,0.05501002607805373,-1.664085489909317,0.45294248645515744,1.551411365113916
1.7010363235889105,1.475877339216014,1.0890964889468524,-1.0471084273847717,0.49967623087242646,-0.47902160520151654,1.5294018534089326,0.5988063387792926
-0.8492902664693185,-1.1402969058199541,-0.28410962070171936,0.9550109366396483,-0.08495445182318427,0.2638531001750803,0.9749932101003564,0.8176623076266625
1.3574595864774182,-0.8943012328947085,-1.3455097067457993,-1.0471084273847717,-0.4390055867995274,0.5173575633533085,-0.3168777271287002,0.940016963972141
-1.7406287339435238,0.0009946672917423203,-1.6000443705944185,0.9550109366396483,-0.10316192383887814,0.34364135464549445,-1.5485753945833087,0.5480926828500337
-0.08610133100914846,-1.1761816662479336,-0.4604447362097605,0.9550109366396483,-0.7465121666032213,0.6310506973472096,-1.1719743577985406,0.35500534162854597
1.5481590914222327,-0.5955337254989236,-1.612510608877723,-1.0471084273847717,-1.6374705573786144,-1.6763652940993252,-2.386632454333346,-1.173558246146201
-1.0391165683348145,-0.05194976532595609,1.0046107955298573,0.9550109366396483,-1.169349075642214,-1.5663180865575783,-1.8072163397525598,0.5530662107793617
-0.24141090807659277,-0.04812636290097051,-0.3095232357714566,0.9550109366396483,-0.8053910890665504,-1.5848153809295242,-1.3414308612191403,0.443030092442761
0.9621564639137358,-0.09039108117695953,-1.0598395922322459,-1.0471084273847717,-0.8446980623575739,-1.6403116548221297,-1.0985516844680958,0.0678076494471559
-0.18934117087920987,-1.3430767709275644,-0.5114576933262772,0.9550109366396483,-0.9164832316204963,-1.3981846199513008,-1.1214874035220104,0.06749109168337285
-1.2027310187912095,-0.2503066396405191,-1.5420468789244313,0.9550109366396483,-0.7679936468596801,-1.4157745076062354,-1.0898065050787362,-0.004234646978618085
-1.6466626699786722,1.0436404267836086,-1.204254523457752,0.9550109366396483,-0.29675677304990694,-0.370247102908594,-2.0829250625565017,-1.6600528597859359
-1.1362059078275064,1.3014153075545396,0.09281134222235049,0.9550109366396483,0.28371008622065985,0.4294313770884857,-1.9020331212118082,-1.1650945555800456
-0.4608454456717713,-0.9318808940992527,-0.9525506198896472,0.9550109366396483,-0.07823275667822761,0.808006587779375,-1.853795381893691,-1.1913689232629345
1.062575485394019,-0.40468269196247775,-0.1016077983383724,-1.0471084273847717,0.32539069245254726,0.07220470786069635,-1.6695245107844674,-0.9270805457948115
0.9212451052299827,-0.9721235176125023,0.3017261238345801,-1.0471084273847717,0.014921749330945418,0.508668748980938,-0.8405535594655681,-1.0809923472032221
1.3606497314439923,0.9981209284200571,0.8769892105579642,-1.0471084273847717,-0.004657164628592595,0.47015450154554717,0.09518559905979498,-1.0780977654173576
-1.548708962723705,-0.31092461883648254,0.006256919907374218,0.9550109366396483,-0.6981591984211731,-0.5496815396858801,0.0562702327430439,-1.0798374101444503
-0.3600066534997279,0.2659533082213796,-0.37190146451295325,0.9550109366396483,-0.18294497972036478,-0.7293159846922472,0.31733343412133563,-1.7703594214335998
-0.8514966705682421,-0.5785156332733887,-1.2529459255515862,0.9550109366396483,-0.2577142615362057,-0.6488380328769708,-0.2003148128035612,-0.6095266819625936
1.264687474422642,1.1081024845531675,0.638651508225334,-1.0471084273847717,0.6370356231728028,-0.699338288474377,-0.048831221274699896,-0.4139291805645878
1.1136824971336257,0.02804265584393061,1.523724399193755,-1.0471084273847717,0.21978412182507742,-1.0902455650493168,0.24194464092339257,0.3041810227561011
0.23128096775032547,1.728426482127886,-1.3862237406026467,-1.0471084273847717,1.0969528335753405,-0.14061674928642112,-0.38412267653316556,1.0331413502627713
0.8003862940885017,0.810050040868204,0.5628922650600997,-1.0471084273847717,1.3309805249413134,-0.1550943760157219,0.03616596319175213,1.1488748877787092
-1.2311456756717278,0.39240000836522454,0.9512005757421657,0.9550109366396483,1.7485921967086653,-1.0625822065232213,1.0271629130817506,0.4930697040674672
0.041728470241923415,-1.3447104924394537,-0.9985217550342256,0.9550109366396483,0.6935846513303671,0.6411166985772423,0.29108039344008113,1.0916667406888967
1.1816092426441387,0.7536987084098803,0.5437852351259251,-1.0471084273847717,1.0057049059064724,0.638482108726828,-0.14950589340562753,0.3197749437918048
-0.6073578169808174,0.7967141344017985,-0.9788821150530485,0.9550109366396483,0.6049554128985076,-0.08871618135619752,0.03363724533126709,-0.1133122693969229
-1.325018471747861,0.404765131266743,-1.2877591294451496,0.9550109366396483,0.43063366816371174,-0.23673061189202282,-0.7984262704957833,0.220043786939194
0.6619377562450627,1.2838079401082083,0.2793852285170942,-1.0471084273847717,0.8140473661587286,0.22809385934678178,-1.1004783163096863,-0.46168385276266244
0.48885437592000697,-0.4198816354124823,-1.2901479502004842,-1.0471084273847717,1.211836121966496,-1.144176635141741,-1.2315951317065565,-0.2688025769867998
0.7588698476366739,-1.3664241675944384,1.3408566169620688,-1.0471084273847717,0.29992573487446883,0.3537315934275094,-0.8732272519941197,0.7277788108603144
-0.11875967177060703,1.6279154263123354,-0.0810461072006334,0.9550109366396483,0.6574432638990395,1.0054985916618937,-0.4695550166137123,0.5611558611063269
0.19143432490712464,-1.2038101490557,1.4817259097347117,-1.0471084273847717,-0.03443951475860592,1.6079240333589024,0.7756213929317866,0.6233596867835961
0.8998696085552322,-0.5941257914517113,-1.154473461561413,-1.0471084273847717,-0.8421791488440861,0.8913166667587351,0.13095027528737171,1.3040269472121202
1.363373906834783,1.5368934580770206,-0.773320152580673,-1.0471084273847717,-0.0005281515589564517,1.8883514474462704,0.36331902698285634,0.8782958101619586
-1.4235873500591831,-0.9185343753611042,0.24069751439893639,0.9550109366396483,0.19211886830614963,1.5520809544625815,-0.13131883596946892,0.21429497446375165
-1.7216176377193353,-0.8622108066397055,-1.4948034617582975,0.9550109366396483,-0.8789379099117764,0.5733514672044446,-0.7669522774983517,0.8942241270193867
0.9860826583980992,-1.5998795320442758,-1.4659597795925938,-1.0471084273847717,-1.0492958587100594,0.869744834451332,-2.09224872473684,-0.8972876153808195
1.5646103038105768,-0.057444514136700174,0.22062648849451794,-1.0471084273847717,-0.8184577139588789,0.9134741087452519,-1.473995874711015,-0.3804375838071425
-1.1565090188273932,-0.01325507442443103,1.2275874308712231,0.9550109366396483,-1.4852098934305065,-1.028613529896698,-0.5743763117424399,0.8308617318677901
-1.319793839368173,-0.58475162417215,1.4949706487816437,0.9550109366396483,-1.3416427628239036,-1.0719204593823277,-0.010447893294465513,1.6991853864360735
-0.6632849694080105,-0.06402333492280042,0.6438912347787461,0.9550109366396483,-0.9983251869685078,-0.984667395894282,0.951121548559828,0.7463142757399759
0.8409085321476252,-1.012810264532009,-1.2721731598368904,-1.0471084273847717,-0.7458140853497667,-1.8390360450468781,1.038249127872127,0.4631408747202209
0.28147412501152247,0.990442715499942,-1.356553505547974,-1.0471084273847717,-0.295095280311604,-0.7156313623781383,0.32913992727850694,1.4821431751453513
1.2052632197437863,-1.0931526197955772,1.256615784975678,-1.0471084273847717,-0.7595824096967992,-0.34174522528756324,0.342191242316305,1.5031495321517745
-1.3137504926217403,-1.5024086577688736,1.7400056810680393,0.9550109366396483,-1.1542864102036101,0.19189632877787044,0.4523604027915649,1.7313038629889854
-1.7820229180636038,1.162623122031128,0.5252989467477562,0.9550109366396483,-0.626679421926556,1.1321333673383494,0.3990406276993898,1.7016506227293797
-0.8657545189596699,-0.6561822037589798,1.0282266535192002,0.9550109366396483,-0.473286032973404,0.9822385037448648,1.433313620545063,0.856301977488326
1.2566759950800022,0.06129021522793432,1.549587417118273,-1.0471084273847717,-0.8729344806084006,0.3637761701859039,2.7399313016394498,-1.7778508077984478
0.7101063938975208,-1.3779069347738475,-1.6258532379342765,-1.0471084273847717,-0.9954134277189308,0.554903622547399,1.4439566428862791,1.4250025370357609
-0.663896058613882,-0.6317729816688676,-0.1812883226781361,0.9550109366396483,-0.6209343230432711,0.0278487970073972,0.5801318034589431,0.981530912117998
-1.3579664770108861,-1.0118184707961784,-1.6327574374783302,0.9550109366396483,-1.5562083569526675,-1.5009493954389503,-0.3901427645896835,1.8491654781088989
0.6397810242544535,-0.30519027962822437,-0.09622977163596683,-1.0471084273847717,-1.4052391914279434,-1.3815973408785336,-0.895704843588929,1.298422076827948
0.09145844391003276,0.14691069335559556,-0.4482095062455942,0.9550109366396483,-1.3684119847428518,-1.2820405366902234,-1.7939258358828336,-0.6980476897423645
0.0299667984843167,-0.6457042771280308,-0.9072404851458632,0.9550109366396483,-1.0534758947073575,-1.8582974150541727,-1.470833407250088,-1.202802710967506
0.8155054858411236,0.7206395126948061,-0.35952829332204994,-1.0471084273847717,-0.47177423241145944,-0.9835772593706069,-1.550971123664546,-1.3079641205172678
1.0909002127753993,1.3337908293491065,0.03272590724231332,-1.0471084273847717,0.5371227089268553,-0.564999373393256,-0.8021602284985605,-2.1780336731828838
1.2167585095130984,-1.3548588354120115,-1.2154548598442654,-1.0471084273847717,0.08563771725169748,0.427037403051934,-1.3053702683047883,-1.7281647707679566
-0.5463271540355951,-1.647320471445669,1.5111109247239465,0.9550109366396483,-0.6860996450233228,1.2622215740070255,-0.42444852838946195,0.372878944957493
0.9143140704229457,-0.16282354995073778,-0.5108203423612125,-1.0471084273847717,-0.47840227246847433,1.2171407941127628,-0.24621575114713365,0.17798246604556986
0.3743492891559471,-0.04080227015541938,-0.5805272662284005,-1.0471084273847717,-0.8059147382816005,0.8631001745202236,-0.3455781610189224,0.2448754320593666
-0.2014449708912332,-0.39316329200538325,0.3891739680252777,0.9550109366396483,-1.5487147991264425,-0.7872405947053382,-0.1853170618484342,0.3467553601813013
-1.0925441094133206,1.7531563241128778,-0.6611550065205635,0.9550109366396483,-0.21189072195231412,0.9629041828651692,0.06389934170996642,-0.11608438200932947
-1.5469119581167738,-0.3847259759423352,-0.7139061138707175,0.9550109366396483,0.33117828983281433,-0.15737482678802153,-0.9364811218419521,-1.8429201892303149
-1.6259416333685932,-0.367104189034383,0.6913153974672938,0.9550109366396483,0.2433127992187713,-0.07725258437690076,-0.3959939759900115,-1.08971439680966
-1.1571285569848,-0.3195918220313525,0.18953794236941682,0.9550109366396483,0.12339942483571285,-0.006016665329569436,-0.04976822716210254,-1.1949916397599893
0.07688418345441803,-1.4280056583068792,-1.6902833535895105,0.9550109366396483,-0.3217085042913652,0.7597030231942152,-0.9847042043927908,-0.1664817265179282
0.02014628611432502,-0.6623244839443283,0.5178642858616849,0.9550109366396483,-1.3606586819528257,-1.750978424417628,-0.45461034632733965,0.11136970424850806
-0.35768122860116824,0.5156626613896351,0.24512713410647885,0.9550109366396483,-0.9733821895873956,-0.9029597743192408,-0.02342347965098716,-0.0039853482083951315
0.10637131914198134,-0.31377609271455276,-0.572211579965332,-1.0471084273847717,-0.9504446299259727,-0.8956475447490365,-0.5915124791818683,-0.24572798047564193
-0.26229890674040857,-0.5470840137239923,-1.517115290006361,0.9550109366396483,-1.0482939078781175,-0.9047358592820312,-1.358833592733793,0.13322029861605458
0.16411980017326333,-1.5286323622926656,0.8492764916159841,-1.0471084273847717,-1.0915756146235367,-0.7804114043240601,-0.2170328734147506,-0.035187648391837675
-1.6800922894274768,0.2834647680511912,1.4162384058944297,0.9550109366396483,-0.6847713427314391,-0.5324199085765965,0.1868813002982934,0.7174846427337686
-0.1754899168384578,0.7417429656065502,-1.6547253304865306,0.9550109366396483,-0.5875293479085375,-0.3063346456083503,-0.667303299748738,1.5319318420217234
-0.30848171455337725,-1.401903448175057,1.0175248617557113,0.9550109366396483,-1.05555629538127,0.1939280737699831,0.047451351972377986,1.8946499764764038
1.5850746782390406,0.13585987521620735,-0.07220939538803862,-1.0471084273847717,-0.7618074597952312,0.3245173124483252,0.6970893563447569,0.9617826593730836
-0.19846744084174225,1.3085852531477897,-0.16814750047664215,0.9550109366396483,0.4585407772073091,0.22510994091401612,0.23964967512715993,0.8617431700563959
-0.21255880774149125,0.03279643676409551,1.4847277519985151,0.9550109366396483,0.35072294381524965,0.23188386018189375,0.27044287923100196,0.9306155578258521
-0.9591397361329164,1.6050614188531735,0.4302480910377807,0.9550109366396483,0.7220547537750301,0.8832106840079313,1.2078589267212756,-0.9246717281434969
-1.0030776986075916,1.2777542871819558,1.4877992935844377,0.9550109366396483,1.8746331021247697,-0.7889418537869342,1.419297017283753,-0.5491019767969308
-0.8541306908139223,-0.9707036850582933,-0.8615061340716138,0.9550109366396483,1.3986763469702643,0.5036102402279432,1.0644246618688904,0.24656176386171627
-0.43770716381461167,-0.7206682795622844,0.4323501739532959,0.9550109366396483,0.5258508162118611,0.7540780129969376,1.3344118716241449,0.026624827716577544
-1.0380337098130585,0.22302690167398365,-0.4254162755336408,0.9550109366396483,0.6076730251300562,0.7338966656335919,0.4756001256608543,-0.20678053470765115
0.19931759263424123,0.7978501393718669,0.9441370251783312,-1.0471084273847717,0.2604741157328112,0.0461190723559024,0.7066475474255121,0.00484491854611456
0.8677698650410494,-0.6410495147189522,1.4907713106963851,-1.0471084273847717,-0.5648446134546327,-0.7424352368952122,0.707983783420365,0.008135600840581398
-0.644873784399139,-0.9085146675465163,0.3958174266455551,0.9550109366396483,-0.5380957812648132,-0.79447002165594,1.2732836911008154,-0.9124621802058571
-0.7697576790321962,-1.3770968458637143,0.07578947676739684,0.9550109366396483,-0.8204398070612601,-0.25467578786381384,1.1129719499554471,-0.7888151868895757
-1.37307928202457,0.43400419996986106,1.2877190686417495,0.9550109366396483,-0.7296939394824836,-0.10898371221800221,1.8832074582712817,-1.338418819686691
-0.6087593179494691,-0.9462451273710157,1.7400352559400254,0.9550109366396483,-1.47986677513356,-0.9726868181549764,2.2410478825102,-0.8727856356217787
1.3496807758054359,0.7664206701951037,0.5060599267753705,-1.0471084273847717,-0.8744836175477209,-0.01974672926834236,1.7983159781586056,-0.9983202952319664
1.5034757521826208,1.1804642170352126,0.07190437592197636,-1.0471084273847717,0.024031069891612113,0.5907445652138229,1.652682806720946,-0.77893059598562
-0.4405930635052325,-0.22994384386225708,-1.5713423951201055,0.9550109366396483,0.5174462157535636,-0.39386292716528354,0.9121228393371906,1.1673903490217628
-1.8307804523212803,0.16171654902062318,-1.1396475967440265,0.9550109366396483,0.40032944861341296,-0.4185482417115208,-0.17923518076265718,1.3199757517966608
-1.7885064138875475,0.2629326146409445,0.007314577686492714,0.9550109366396483,0.9204227673833698,-1.441417941381718,-0.9582763679762522,-0.2866325214369068
-1.3186664099129313,-1.3948222644469181,0.9765787581033669,0.9550109366396483,-0.009174240146537933,-0.05840438723756654,-0.7467283939925993,0.21628510528699774
0.37262488294739216,-1.0453366281534004,-0.07962281708985222,-1.0471084273847717,-0.966538991641997,-0.7648611087206316,-0.8148558918753277,0.1698124062301004
0.9377345358726443,-1.5998091198040603,1.537338076519946,-1.0471084273847717,-1.5557474701629708,-0.26177051041607285,0.5828247358731611,0.2624603969474968
1.5113720866209392,1.1309961343146195,-1.5586855465856586,-1.0471084273847717,-1.1388395013702928,0.821183364545394,0.3944228624325946,0.8015597904236663
0.1845829622868114,-0.42651422382342447,-0.7862833654033218,-1.0471084273847717,-1.43538539522354,0.5390753512413773,0.037616660767067704,1.0890976704972752
-0.4659827307085856,-0.13812276126153025,-1.6029689729496939,0.9550109366396483,-0.8948519462529103,0.29977699607253866,-1.1221628421238585,1.2231321640165542
-0.10967751772432992,-0.07296479538033086,1.644084350363971,0.9550109366396483,-0.47661393540109637,0.08951042930071808,-0.34717418123057353,2.411792727644025
-0.891836450975125,0.05296904421411573,-1.0964910180691483,0.9550109366396483,0.23428145296789216,-1.2710659911839521,-1.5313588975084094,1.3827616077367049
-1.3672067721628218,-0.8273569438257867,-0.6925712148654886,0.9550109366396483,-0.608048269409125,-2.158235952319624,-1.1419489102471727,1.0596701902032495
-0.7325829181257832,-0.24637496246366927,0.5968174510307424,0.9550109366396483,-0.5305665038868195,-2.1919749239813036,-0.5200988246598467,1.326709107975543
-1.107702663083452,-1.0862544154957707,0.38793904369440124,0.9550109366396483,-0.9383782932942502,-1.6388397904675773,0.3750248755333001,0.4626203287719266
-1.691611006464081,-0.2574680070084732,-1.3816500385568538,0.9550109366396483,-1.017737087560284,-1.7387435551348605,-0.9853627161434819,-0.27819833118025245
-0.09001393264462114,-0.5289359555192301,-0.08665760800198075,0.9550109366396483,-1.2680269266839954,-2.107829740139415,-0.5313358042815978,-0.5548411344017048
-0.5031615548390459,-0.6089791730108147,0.8640154594237861,0.9550109366396483,-1.174097956919996,-2.191683895747088,0.16851452125468133,-0.27880688976681345
-0.5295950858535331,-0.5519344101886066,-1.2667890620369542,0.9550109366396483,-1.305525638498347,-2.3434646165637294,-0.6693736904232632,0.12588342021009521
1.5131589318372933,1.168811261322492,1.3454887541263563,-1.0471084273847717,-0.3355734543396133,-0.7113346857639365,-0.23885383076369385,0.9623158791708865
-0.7972387975485382,-0.08144148619544204,0.12315246333026585,0.9550109366396483,-0.25986066686401166,-0.7179573010805851,0.43771403288859184,0.1323674841527001
-1.2710968596551189,-1.4415686501058338,1.206165327438692,0.9550109366396483,-0.6524035912447854,0.02751966969551857,1.0189746637121488,0.39889287891971614
0.29568530779364954,-1.2306864135689253,-1.0820686985574153,-1.0471084273847717,-0.9198132290596203,0.33839572109378824,0.14400402829539188,0.9667209961615445
-0.8440893444787553,0.701383859698133,-0.2738851094294858,0.9550109366396483,-0.380734121156254,0.7265312648258511,0.5904193586693807,0.21603645398030252
-0.16735792604908778,1.3409926665970726,0.6739063667595961,0.9550109366396483,-0.3066752004629827,0.9131638355927686,0.2884720529482525,-0.3069043969335317
0.9298024402730566,-1.1276689970794893,-0.009878669926640748,-1.0471084273847717,-0.7566801248165537,1.1852457351839112,0.22866048995975685,-0.2987127308512467
1.3421731506135948,-0.8352944112542101,-0.775347689114096,-1.0471084273847717,-0.49590855252114857,0.8071515537961744,-0.6622391641324461,-1.0149358774031927
0.5843558516263767,0.7824883808069234,0.2601934349879102,-1.0471084273847717,0.37000116752446316,0.49353593224821296,-0.05875038536229971,-1.5146738806939164
0.6362464280507557,-0.8908855770159033,0.3526695860376168,-1.0471084273847717,-0.3148681175639654,0.6336605942107645,0.22295221098631005,-1.512860567178099
-0.028616566257026202,-0.963341070065441,1.2952601491719504,0.9550109366396483,-1.3060115524904483,-0.5968980823862498,0.5023164468988641,-0.7931860126943973
0.7379064486262693,0.5705039918817922,-0.312945143421788,-1.0471084273847717,-0.5755908748779138,-0.3025994979141492,0.3660560165366706,-0.6645317126959354
1.3758409047938545,-0.8958910578895156,0.41123683862237126,-1.0471084273847717,-0.6016547941512269,-0.2654391217484249,0.8995512479486005,-1.4039698744146607
-0.17298800379441961,-0.1477241235526153,1.335600877325587,0.9550109366396483,-1.001759172312101,-1.014781995374685,1.3830606220397055,-0.9605014456042417
0.34082089797257104,0.7148237152440966,1.0299762699508264,-1.0471084273847717,-0.311109116678674,-0.5835299744352749,1.6875816044263652,-0.9541346641204999
1.0348644464046588,1.5513845583487307,-1.4468793767003083,-1.0471084273847717,0.7705283898979676,-0.0887142765848626,0.45469989501314667,0.5647374943856225
0.3249773379464965,1.5101258172942162,0.35511648701298254,-1.0471084273847717,1.1746799191465094,0.41211368165010914,0.7550642481588195,0.4269220698314974
-0.11911376298682465,0.8970700626014826,-0.5439469126314846,0.9550109366396483,1.9458710080843988,-0.9220403583615738,0.32560813735972016,0.6673377815798286
0.34568920875333226,0.29553619059900776,-0.18365524273779085,-1.0471084273847717,2.1365267899899942,-1.4908109317092264,-0.35745815619236687,-0.10642955868947994
0.11433191638231106,0.03805030728026967,1.485333241772918,-1.0471084273847717,1.8454320108076632,-0.9430381968449593,-0.152727041485622,0.45529529180625333
-1.055863725526884,-1.2594524783974779,-1.1595138027778558,0.9550109366396483,0.6364306273300075,0.32300645286953267,-0.023525825916064436,0.13848503113994226
-1.6780335237850208,-0.8219312512242931,-0.8057654707044759,0.9550109366396483,-0.36663720809722433,-0.2970590405974147,-0.5454650339519513,0.24246014369092456
-0.9877114995535987,-0.05271003339254853,-1.0132686931694328,0.9550109366396483,-0.7751580277124243,-1.0716613089462312,-0.7564748070124341,0.4406008401676419
-0.9904465485257549,-1.5652048813520747,0.5695231992250663,0.9550109366396483,-1.5755027296189819,-0.8537963687029633,-0.41784144563197084,0.7173753092749804
1.5655192696477167,1.2865564470320883,-0.9012254374293462,-1.0471084273847717,-1.038493422246395,0.6887922409911619,-1.4908519603299426,-0.9526825754359816
-0.050569990162527924,0.5288750377558213,0.5538752358565728,0.9550109366396483,-0.26929534605934285,0.6007783335230983,-0.720502389525537,-0.5643105282011438
-0.19763604133964902,1.4919310291988488,0.10160311230090215,0.9550109366396483,0.7259465202021896,1.0074668964590292,-0.31254425350484144,-0.6933444111991762
0.8726768198232454,0.27366963292354135,0.8690172366166758,-1.0471084273847717,0.8663294249941043,0.944730473779064,0.5337423314131795,-0.9795352622744862
-0.5070221227262568,-0.9927377557647998,1.4331654659787911,0.9550109366396483,1.1125598317314764,0.12695025324877496,0.9220408640409633,-0.3035744278615605
0.6019224054449459,-0.004435488911677383,0.7830968086193881,-1.0471084273847717,0.5572764708642504,-0.18527872383144786,1.6793218376452281,-1.7388797473919007
1.5783526245974442,-0.3692933365088273,-1.1299489532527407,-1.0471084273847717,0.17095496133311044,-0.10524504142259809,0.9222647933068023,0.07303554165887834
-1.489994371012884,1.2145050462246971,0.7642997820909967,0.9550109366396483,0.05162808722280502,-0.48005050129335164,1.220217029276039,0.045497299072533935
0.6091555727578682,-1.4542258315000334,-0.07183179468913296,-1.0471084273847717,-0.6915768654951582,0.2680996426054885,0.7972058910491798,0.0902089980476768
-0.05510946983570198,-1.6125202898428541,0.08343099436762184,0.9550109366396483,-0.9581586457121478,0.7398853664177147,0.1903575060879512,-0.6557768956732103
0.7344153483445872,-0.5372271426277784,0.6983205426886938,-1.0471084273847717,-1.1873237798082055,0.6440512520292231,0.15224160911328655,-0.7219439204881648
1.1182201588666107,-1.448153200787482,1.575470425241978,-1.0471084273847717,-1.6513645802671688,0.8534987625413546,1.3686137289736846,-1.1271144128742416
-0.9704100206796752,-1.2335812139657676,-0.4724784345462474,0.9550109366396483,-2.7043390632237005,-1.896083590215957,0.8125511262118011,-0.5991828692065903
1.040578901906724,1.413721581022536,-0.9534450565657373,-1.0471084273847717,-1.4707732804507834,1.0540128729499747,0.4161727307696353,0.10632709440833915
0.024424278294497757,-0.04057425919879274,-1.278897717987085,0.9550109366396483,-0.7946455288395204,0.6970606585779359,-0.19633809729857596,0.8411409171588963
-1.1575562950016691,0.8869248205526759,0.5355353040639523,0.9550109366396483,-0.18208718011336103,1.1261027490257856,-0.2695272772689376,0.7509340779385902
-0.5469884766116073,-0.14981957693167464,0.2830856236239096,0.9550109366396483,0.3763539984169583,0.2599855303359852,-0.850590920604778,-0.6710665763751951
1.6582162900225632,1.174201868284571,-1.2388183021357029,-1.0471084273847717,1.4119932188694218,-0.8565662102286157,-1.195141734679294,-0.3314457271338148
1.1787116508733189,1.2505806862908235,-0.12872877036551117,-1.0471084273847717,1.3418228159417784,-1.0036173027112485,-0.824344546892861,-0.4126007040957434
0.4954487176667589,-0.4945426264127686,1.722370833537779,-1.0471084273847717,1.1465612704157764,-0.5332471615259431,0.5250430635115021,0.40319843197699995
-1.3341074526491583,0.20618097718872044,0.475697995419436,0.9550109366396483,0.8537587216868614,-0.5960636010646384,0.49813986523428444,0.3891267290965338
-0.9345068700861984,-0.9784693835790823,0.45056755150019523,0.9550109366396483,0.49733864127732036,0.14414907243112027,0.573440703717423,0.4072317781338578
-1.7006942168953925,-0.018763863805791176,-1.5039262482897733,0.9550109366396483,-0.015781543807569916,-0.403914772767431,0.45424664566543765,0.7515288207394784
1.4331882091065233,-0.6754455675199625,-0.3878296222305431,-1.0471084273847717,-0.8442068046925096,-1.6857757726921956,0.33775341177130497,0.838479511719274
-1.2863186351755604,1.208586207038679,-0.3630468476302408,0.9550109366396483,-0.111654511918164,-0.3530324440260379,-0.5998623774110999,-0.5581278463116505
0.43194698758830274,0.5588649703843184,-1.2435105571683447,-1.0471084273847717,0.04004244885530451,-0.20755039636237071,-1.3728284351750732,-0.6638679838016214
-1.198210837702661,-1.3654407011517025,-1.4124954671628493,0.9550109366396483,-0.1264022265902136,0.21540048573418386,-2.2104722886413586,-1.4594475373726072
-1.4090574811910812,-1.6394717442789226,-0.9661232762648232,0.9550109366396483,-0.8235034971688076,1.0100709839903732,-1.9686729778397976,-1.7467845100543067
0.5195103737078623,-1.3808931143749794,-1.0372502325807027,-1.0471084273847717,-1.1269316393801145,1.2982700161086247,-2.2606562210928915,-2.0509642436067534
-1.7535518576728528,-0.5641586404757857,-0.086644147612624,0.9550109366396483,-1.8894272750854377,-0.1832689538322901,-2.136383976712564,-1.636349218411582
-1.836945744750043,-1.447961237654007,-0.4051674825177272,0.9550109366396483,-2.752606331785984,-1.9316913580611264,-1.7594601064287536,-1.576313709626662
0.7749813920567541,0.7125003655727937,1.3154201765292244,-1.0471084273847717,-1.8588392468883541,0.08245886936277161,-0.5329735362895713,-0.035272554414169634
-1.811915090931763,-0.0833153415143124,0.5468572346193903,0.9550109366396483,-1.1895029533734862,-0.14577786708877286,0.14727120726499765,-0.22078850101104133
-0.666161838470098,-1.4739433509698907,1.0230136465548956,0.9550109366396483,-1.2295258587591353,-0.06686115119511978,1.0735777023158048,-0.865629146841455
0.6202674697978252,-0.24949384199206104,0.21473884208369276,-1.0471084273847717,-1.094181770245587,-0.02654263867615422,1.2090812286750865,-1.039650376146776
0.4187922089986381,-0.2626891150853414,-1.0545496246105852,-1.0471084273847717,-0.5843707718670282,-0.6034375536326139,0.9171152809718252,-0.14963216638843488
1.2179980759692803,1.6370525175017971,-1.6157230073301432,-1.0471084273847717,-0.18670103286524628,0.5878608541462309,-0.40074356062083005,0.5480724276752066
1.612214258160723,-1.005734420175795,-1.7127656715186648,-1.0471084273847717,-0.5834532912383837,0.8526597750906995,-1.4166830213463364,0.8676761441276568
0.30536150359905295,-0.06529435803482969,-1.3509184985578964,-1.0471084273847717,0.022436896996908668,0.10168388218949762,-2.484016573663176,-0.6642444774622164
1.5568608553206966,-0.8265644268169076,-0.350336848825852,-1.0471084273847717,-0.22577355643625302,0.3540392496620441,-2.73807785580556,-1.510355392413779
-0.8735383273706209,1.3930327944032197,0.6085151184645811,0.9550109366396483,0.48638800008826194,1.0149302769252972,-1.99035437785629,0.11417720520669676
0.455412968597903,1.0447334791405019,1.143554323933323,-1.0471084273847717,0.23161885926751855,0.47245883092983687,-0.7497674125263102,0.9563937463600858
-0.6826860356223271,1.3826747385830485,0.5323580453880022,0.9550109366396483,1.2589249390937531,0.1427517486209176,0.25965312929078815,0.06274425728647776
0.9654489026079072,-1.0958701141583445,1.0160639306792862,-1.0471084273847717,0.8156521706467526,1.0312049405404566,1.3238620493605027,-1.3694259686385724
-0.11596574889057225,-0.10586949330274498,0.9771271776295577,0.9550109366396483,1.1256385413587977,0.5188358761625723,1.92069751403304,-2.525863310156947
0.446100807864816,-0.779466498439342,0.9344307123392902,-1.0471084273847717,0.1911999323915016,0.518311174775369,2.0672310403943106,-2.6643760968982155
-0.8202813357974951,0.7461810920981623,-1.4424103544109375,0.9550109366396483,0.06278613811740381,0.3067269936407278,0.9045664410774177,0.3178399669661187
-0.9982764195816523,1.2772809492850568,-0.2847217883615031,0.9550109366396483,0.017454005586972327,0.18428096156776502,0.5372026462538378,0.4555582528585388
-0.3817287381299443,0.9329227751652978,-0.38770377652287935,0.9550109366396483,0.8900814037307131,-0.3980204090176142,-0.0939393923424521,0.19516549947373502
-0.4193547074274148,0.2914088710576084,1.1348839621244988,0.9550109366396483,1.0609593613847113,-0.5563230484274836,-0.023011034283141572,0.3448174589420816
-0.7480145704771628,0.5587719410099936,-0.23029950921160738,0.9550109366396483,1.6365644582174068,-2.0800690975579212,-0.5466804438818869,-0.1681200471680779
-0.053224520243381465,-0.5425605785931817,0.8850412297956368,0.9550109366396483,1.0822489847686976,-0.9240073832228596,0.49975518079711057,-0.8629993428289449
1.7131245327415123,-1.7323688540683617,-1.2951827570932632,-1.0471084273847717,-0.21226603992644325,0.40593958201754654,0.04544611494858284,0.11287247247841092
1.4898171668065239,0.6505090876205144,-0.013599281369760345,-1.0471084273847717,-0.33373823290349086,0.17900872407431634,0.21364564860901394,0.02288191477058864
1.3032325375489788,1.13784313681288,-1.5080565163739983,-1.0471084273847717,0.03033132536077105,0.7356188583207917,-0.9746355983024225,0.0684090801679461
0.6833096372624229,-0.734372596044269,1.1154511603480326,-1.0471084273847717,-0.5258779154798017,0.708153432561095,-0.36957835366681,0.8963185242288499
1.6664007456291496,0.4331641105364315,0.018553659167204674,-1.0471084273847717,-0.10619776909303102,0.7781507792229132,-0.7591561512888618,0.41198920823989105
0.09697959106239903,-1.1582137192001258,0.382904271406235,0.9550109366396483,0.14075868669283698,0.0730797019032348,-0.004678567372882576,-0.01969791138427551
0.5793157891368134,-0.65612034481702,0.13959942304986386,-1.0471084273847717,-0.4212506972941702,-0.0031654110797704905,0.06420045165685985,-0.012623142222936971
-1.0034284801721591,-0.4457087141734484,0.7660511158770944,0.9550109366396483,-1.1023703615160751,-1.303790094485247,1.0866523285895386,-1.8523762683167284
-0.8728898980138603,0.1927580554117917,-0.09449731506816084,0.9550109366396483,-0.7035915544841091,-1.1020249118917305,0.5426525318620082,-2.258984030707503
0.056765175087194544,0.8135391201736326,-0.5779293016354785,0.9550109366396483,-0.539984092763722,-0.6586493058304395,0.27447036045468376,-1.666163053084066
-1.4197686863319545,-0.45402306348737587,-0.23445071952423227,0.9550109366396483,-0.23709656642947402,-1.2371323798183038,-0.0030959957981125177,-1.680388149780679
0.12249614421118986,0.38448280329655055,0.7812174482303061,-1.0471084273847717,0.21048919869082014,-1.4482957872777267,0.285379160265718,-1.2655418281072448
-1.260096883017256,0.3646938379452277,0.002601618633942999,0.9550109366396483,0.559060742994747,-1.7668234368731195,-0.057872126669581546,-1.679519509181255
1.3530180318342369,0.2758840929759982,-0.06390644603650569,-1.0471084273847717,0.5948150372154027,-1.7724185377621897,-0.044118295929627176,-1.6827236863006916
-1.3411227130083343,1.2111669666173455,-1.1757652351723562,0.9550109366396483,0.7658433146199808,-1.2967432200888545,-0.3129087716634042,-0.9585165576978897
-1.3589974433452972,-0.21065198350937828,-0.9801094408549097,0.9550109366396483,0.870522443486324,-1.5808050072817235,-0.6481612233783172,-0.6007526690057214
0.048767345729306605,-0.4990830002980223,-1.1481658229970764,0.9550109366396483,0.4904818132490217,-1.0691301921589584,-1.515623044011764,-1.3505390656236584
0.9026836586302192,-0.12277845328624645,0.6790566130288908,-1.0471084273847717,0.28080951037225743,-1.0299632552430298,-1.2114849861332282,-0.5244818869270146
-0.12704641737950378,-1.3493482064151143,0.7165642133027375,0.9550109366396483,-0.4182378099629599,-0.09696077411080108,-0.8605808867778356,0.09343398238945215
0.36238709902121635,-0.5333627900618146,-0.3735881657359522,-1.0471084273847717,-1.1685975290680408,-1.6789377378358687,-0.49991746054161984,-0.2749227990989243
-1.2861198421386277,-0.4844593396904754,0.03913948903379349,0.9550109366396483,-1.286367954070161,-1.7964886496553365,-0.041657276790007046,-0.6656962601607003
-0.6422350756133335,0.29265836883987195,-1.114538080567535,0.9550109366396483,-0.9458229853898475,-1.2362875728400917,-0.02653805029585117,-0.7098854179008189
1.6600132669559322,0.4642186255187687,-0.13749564121850474,-1.0471084273847717,-0.6933429336846358,-0.7990344211294219,-0.393664642339529,-1.0867670497593376
-0.8578151883200139,1.3309899955832856,1.0720364208048765,0.9550109366396483,0.45952809798330946,-0.6541712331677988,-0.2338422924192695,-0.6274000836634632
-0.4686828460654314,1.3623850006348255,0.10608369494499623,0.9550109366396483,1.2749299415316944,-0.6299632912058153,-0.018179063770962275,-0.6712722831295017
0.3426522960281579,-1.675098646112823,-1.0129161759857641,-1.0471084273847717,0.7628104020959179,1.0301260104523409,-0.4911893444110726,-0.2427315344562499
1.3250215592052843,1.408224170003941,-1.1576873270884356,-1.0471084273847717,1.2426392144161729,1.3325531862349955,-0.5105894939325153,-0.20290194652468935
1.629127708983556,0.016654772610607056,0.9173240446609231,-1.0471084273847717,1.050132388055677,1.4213822760285288,-0.0363364936093209,0.2991391657876436
0.5240664835956075,1.169010556329273,-1.0215322858103673,-1.0471084273847717,0.9804615520758965,1.3360832875146955,-0.977617030734719,-0.18711745302327074
-0.530907678583943,1.3850906406913135,1.5198539884085598,0.9550109366396483,0.9902277355586713,1.350261983552018,-0.3419777717992913,1.116997903982801
0.051561186653021715,1.2486556258468013,0.9296030550927299,0.9550109366396483,2.2477972472510874,-1.3219551375636354,0.5313900519690152,0.9972109274213987
0.9312384001489831,1.5152558020844027,-0.44857778301343,-1.0471084273847717,2.2938338511414855,-1.2558939029027607,0.8502097832816782,0.3740704795798256
-1.3609535336843022,0.6536459810896663,0.7415037612815966,0.9550109366396483,2.567817451843493,-2.237088930836059,0.7711599721845287,0.3031963243626976
0.9457648284481966,-0.3628247447545119,-1.5654334580204838,-1.0471084273847717,1.9089421865545297,-0.6382278562584127,0.5266188754899852,0.9903617808411912
0.3834612933969597,-0.42456411835161767,-0.21301145622788226,-1.0471084273847717,1.1305708051127636,-0.19466818769183508,-0.2524873995223697,0.1581606126431494
-0.17549415142571892,-1.3470211426148815,1.013775979954006,0.9550109366396483,0.014114474452023677,0.5455354877084966,-0.21464276816420594,0.23906417715046657
1.0072774695929831,1.7050158239576132,-0.20731963490277058,-1.0471084273847717,0.09573433571549816,0.7846387531302875,-0.10617171654697746,0.18363279097030843
1.3252142885389047,1.7392393999230584,0.381744333660306,-1.0471084273847717,0.5626713826184802,1.5838323039021938,-0.26792162530195573,-0.03058791409126587
-0.4623218004341508,1.1485180236178825,-1.2451107750275885,0.9550109366396483,1.212732369429134,1.5639075509938585,-0.12390270385539423,-0.4601150958688221
-0.8232675234146087,0.2399473912442918,-0.3317740504550432,0.9550109366396483,1.4985530427500913,1.2400996595607823,-0.17729904959332696,-0.4335410823184589
1.3600721767419686,1.0754536626942681,-1.6909171636175209,-1.0471084273847717,2.5405114888536886,-1.2296328373773424,-1.3933446500534203,-0.46178356369917817
-0.4494085625528765,0.7503964290170844,1.2849171694125017,0.9550109366396483,2.129909182818288,-1.439778397951742,-0.7224263963338834,0.8802651220830295
0.21178986719664314,1.4122187563820283,0.79822980063596,-1.0471084273847717,1.9892505799543796,-1.8039415620772403,-0.5351721338771329,1.1455316493366605
0.20278417520382822,0.8352648467214572,0.6462333272363425,-1.0471084273847717,1.854513660205749,-1.8666440482099316,0.31518705750866505,0.793126171716797
0.5333996746397178,-1.1380071810635342,-0.6868247544673558,-1.0471084273847717,1.2618258015677382,0.17343793130561327,0.15555421798281185,0.958296650381358
1.1879825732084774,1.7372003132281906,-1.1311205575815042,-1.0471084273847717,1.5464572496197198,0.5987936940382067,0.40724199318960425,0.26577239378541434
1.6461242901240696,1.6127488763814475,-0.5739411691788832,-1.0471084273847717,1.9173735597006956,0.8528554711769534,-0.4285114119222562,-0.3751843929787538
-0.8712642502352801,0.597978061648833,-0.3939452921115215,0.9550109366396483,1.5671511478187938,0.730591603594798,-0.964520193531881,-1.104996646882179
1.66681960522208,-0.03807641193989886,1.2137956564825843,-1.0471084273847717,1.1915083139702844,0.893600580575133,-0.7093409044849207,-0.24099110061327797
1.3525981217102965,0.03410220650779923,-0.49972602645865133,-1.0471084273847717,1.695657737304083,-0.37204637164878784,-0.625220239784959,-0.2980043219244482
0.6465257776679554,-0.7399465380604479,-1.7057899176843305,-1.0471084273847717,0.6301836699237471,-0.26200725898859484,-0.8835948907996993,0.2913916209368021
-1.3235684888262709,-1.6155396057888898,-0.39895518046454037,0.9550109366396483,-0.7583725466710745,-0.35660931889531955,-0.8049201833845563,0.27424569127787224
-0.5762559874558074,0.02718089151849599,-0.949484393733098,0.9550109366396483,-1.0038846696974415,-0.8298782834836071,-1.0546937601084565,0.3984556445279919
1.0937462460381766,0.820730252088907,0.9326604659255314,-1.0471084273847717,-0.634493477188972,-0.10135402366602206,-1.181093759466598,0.004054138021109162
-1.447662676840211,-0.2948735279129968,1.2727028172960617,0.9550109366396483,-0.7759930066336722,-0.16546061417514854,-0.3841995525583956,1.0697007300063104
1.412891637582352,-0.45815964591676384,0.8180486570985491,-1.0471084273847717,-0.6547904118215747,-0.24134595636525424,0.7505327931166721,-0.023119433208375204
-0.7840950953023046,-0.45500864208128394,-0.31951930670867495,0.9550109366396483,-0.1556211172845495,-1.4907756652085358,0.7862476190403125,-0.076604899647397
1.5726248916393541,0.9172868357806151,-1.2901642803583713,-1.0471084273847717,0.2272325679295582,-0.8998680204117868,0.6330759817029809,0.36759242003773496
-0.2292747539446038,-0.07830197704891377,0.3322043033492449,0.9550109366396483,-0.15946050413727458,-1.3513327664913728,0.3631074359159923,0.15105883963056302
-1.541041346554983,-1.0381616489599141,-1.4716136541438614,0.9550109366396483,-0.47916469008627,-0.8162107894353221,-0.8707530407508419,0.12028651306522103
0.9276455702546346,-0.8510194997040219,-0.13707407737179617,-1.0471084273847717,-0.6481421514375825,-0.6304439476003932,-1.3001817180529764,-0.687386856062646
-0.3057040631959674,0.6165712569594708,1.0399588957890986,0.9550109366396483,-0.18723262039382757,-0.30666811057510773,-0.6889524956186008,0.3884772881752066
-1.4982814220953369,-1.4209297491403616,-1.1615180930595184,0.9550109366396483,-1.1929497961260231,-0.47903203436781766,-0.6311124295643217,0.28492604819587014
0.15950440606385563,-0.7734054205788351,0.6261854944696288,-1.0471084273847717,-1.491928717316194,-0.6351231784447418,-0.4989367944355643,0.46795661682262446
0.17936089556568627,-0.17316637202598792,0.4447801490173735,-1.0471084273847717,-1.119875669472006,-0.6338877922883699,0.3626848866124734,-0.400933554412682
0.800138752474499,0.9982528340056485,-0.8439290665864942,-1.0471084273847717,-0.3244639182201279,0.1402878753568488,0.04487881613796851,0.011042687764346143
-0.917822750608811,-0.7592969204555587,1.1917983262160883,0.9550109366396483,-0.9162543736010657,-0.1430506803532379,0.11314669775920533,0.16225544737332617
1.2857073982812075,1.3285023850287345,-1.081890632880545,-1.0471084273847717,0.2663354423621731,0.13044554002440711,0.14894766204108667,0.07627992126652668
-0.9052902668891352,-0.4004578545177881,1.4870020902350958,0.9550109366396483,0.4267482010663832,-0.13479190570670269,0.5359757567333159,0.7349111391656298
-1.1109568872485935,-0.2664313351271165,-0.7533057615501606,0.9550109366396483,0.3866329371983008,-0.09727484891837926,-0.002690562579715537,0.9841019676344266
0.7806712271352317,-1.3350695825688295,1.1525646945656713,-1.0471084273847717,-0.6169791516062207,0.15581343648825138,0.8949445204852652,0.9169025220058165
0.13407937045094898,1.2190860877444782,-1.6486143322281879,-1.0471084273847717,0.23396587391234427,0.6887571933608764,-0.38212135480705767,1.5959647372283468
1.000781284908404,-1.2329924505801877,-0.6051226681206893,-1.0471084273847717,-0.867788073234634,0.27325238784157285,-0.16776373447422147,1.367166391301495
-1.758137195632358,-1.5589461636402293,0.1139616529837044,0.9550109366396483,-1.3660787781603998,0.7161597494701768,-0.7850906156924558,0.30782824520924007
1.0608701100815898,1.6979407739430663,-1.6218362235026953,-1.0471084273847717,-0.5211601412977112,2.2231406245453367,-1.1755869090088515,0.8388340089613585
1.0270240146915266,0.2897478876731949,1.4611811845140126,-1.0471084273847717,0.17770875211036966,1.7919195156245575,-1.0368311593138797,1.2431779644473029
0.3126904528374195,-0.9545376921139629,-1.2435896914781968,-1.0471084273847717,-0.7572135228753138,1.4169704992210295,-0.8547297502750802,0.9436376260214995
-1.2100029844388964,0.004966309160596977,1.3541286960668515,0.9550109366396483,-0.224740870192665,1.0844466628878868,0.026160936817641055,1.6940128880267011
-1.1684333738802117,-0.8866012320800082,0.975236980363573,0.9550109366396483,0.06444912616922135,0.4670170477534162,0.41339527988330044,1.933122591531297
0.25011150409004723,1.3203714605062502,-0.08269532358112194,-1.0471084273847717,-0.09795154535182624,-0.045273285886780534,1.1054018848789042,0.6693435419366596
0.946793021572325,-0.6833367554062992,-1.5014153529247378,-1.0471084273847717,-0.5164961512268876,0.0051784775710799385,-0.22659856546919804,1.1510880705143713
-0.6801415154033805,-0.6186928349397904,0.08966566870492375,0.9550109366396483,-0.37204206454406347,-0.18491184885107126,0.37284071617130937,0.530452105777664
0.21235054315421692,0.5241305961665669,0.7559002367813851,-1.0471084273847717,-0.1487383535722625,0.010024498822667214,0.10387375860232977,0.03444029042620812
-1.147779948573218,0.7560961861121314,1.3263110728408505,0.9550109366396483,0.5578210894925906,-0.24975190926449584,0.26171869070016085,0.3696435670566439
-1.0727895150333484,-0.3155480645745632,1.0392337867229384,0.9550109366396483,-0.14582303616270384,-1.025183943706793,0.7661444743998911,0.601139007040128
0.42935025374293756,1.019902318709551,-1.314822375345963,-1.0471084273847717,0.5867766734892594,-0.8786543693392813,0.8500377507964111,0.3256099919932455
-0.33391841244418463,0.9177788540011381,0.042063413782478645,0.9550109366396483,1.247646148780564,-1.4979711599275867,0.8286355030745175,0.3382956355658713
-1.258885097624821,-1.3822431179817039,0.08094333720676247,0.9550109366396483,0.42767386732140245,0.29889375261105483,0.5251709972474101,0.27009238096299293
0.6224634319165223,0.754830356133393,-0.24143170187403065,-1.0471084273847717,0.42712940665878424,0.2982784958976019,-0.17969517523368617,-0.4347742274160498
0.28335435147176485,-0.10869629605862664,-1.3756828964996453,-1.0471084273847717,0.5161007952669479,0.21941988190893877,-1.2654556117143596,-0.8606157329310519
0.7478743291033092,-0.24266984382792753,1.513084266410997,-1.0471084273847717,-0.02695861062987518,-0.10435107496888771,0.005987486514310511,0.2471198117805927
-1.5234105411102652,0.8568810920486918,-0.7390728210091851,0.9550109366396483,-0.05315204606874659,-0.15881695819556216,-0.34521585939428695,0.4316945610744944
-0.4521882303550694,-0.07422755767137164,0.3368790911003505,0.9550109366396483,0.5094535412889947,-1.5362166725314155,-0.23014567176044803,0.5033593473591716
-1.3998221417355863,0.38927331005534943,-1.3409443419972515,0.9550109366396483,0.3522196039704611,-1.7864264839154225,-0.7244928814799667,0.9997077700281268
0.663302234244427,-0.8812159844314863,0.9513065584024722,-1.0471084273847717,0.019942293049700098,-1.0570171854386945,0.32173496720460193,0.7827160759221109
1.517858072533333,-0.13241634033784433,-1.3406500418425449,-1.0471084273847717,0.06736469303595857,-1.0887464979009698,-0.9613203984962464,0.24809681680251358
-0.059731043664511464,0.7805436745319364,-0.3928777913321507,0.9550109366396483,0.03453033011049132,-1.1747600250575334,-0.8056691211080852,0.19450857105342423
0.4287798180648927,-0.9199562718742077,1.020882877220692,-1.0471084273847717,-0.3292357552765239,-0.7005392350674448,-0.49813708303321114,0.7461647443601911
-0.919427636297051,-0.836333714266091,-1.6777532834777371,0.9550109366396483,-0.8563956612523681,-0.7773801451953394,-0.6495683211595906,1.0637665953783295
-1.56786130055393,-0.435153192991218,-0.7010478528128374,0.9550109366396483,-0.6645344736705125,-0.9500634468963641,-1.3924763722762097,0.30857907076762814
-1.8262877723677489,0.08319723115079362,1.4445443830875642,0.9550109366396483,-0.5717944454090106,-0.876785999964391,-0.14023693250381694,1.1610897252224095
1.1262963113250457,1.0750495588195026,1.2213590457209844,-1.0471084273847717,-0.44512113888457877,-0.4715560152096292,0.5855332379366507,1.5081382262374612
-0.20787805133814352,-0.749696244488969,-0.25560848154381005,0.9550109366396483,-0.37188864409079375,-0.5951071092297356,0.011615377960441634,1.2937694497639238
0.1959268952307734,1.2079967174453399,0.281522355442827,-1.0471084273847717,0.5074217847648335,-0.2538903760967745,0.892516979112809,-0.13754686390700044
1.715804817329836,0.46352855365804657,1.2709562235370673,-1.0471084273847717,0.8939641067853258,-0.5557945582498834,1.7791413589742782,-0.8061840920852473
1.2837002656525398,0.0004988618229730425,-1.5452785465124939,-1.0471084273847717,0.8583937618590253,-0.5216988050401403,0.43489976604671293,0.7446797333915834
0.504078941148432,-0.4339316799656329,0.03406355818092279,-1.0471084273847717,0.20934851964715048,-0.6460317257643599,-0.0989151169838536,0.19882376354883333
1.0533424944660579,-0.23680415075255892,0.22205434963313234,-1.0471084273847717,0.42995442557326313,-1.062712345017701,0.11584484043926763,0.18955132247579806
0.5746021256744313,-0.06070629373703636,0.9498717417368209,-1.0471084273847717,-0.11574199001023774,-2.2190409891359937,0.41633857027502646,0.47584858018834575
-0.9484910189607598,-0.9902264379335998,-1.6292486585706838,0.9550109366396483,-0.7410332370995439,-1.9884974272181357,-0.8876102328276125,0.6539957394865271
0.08637378919962738,-1.3999136090018143,0.1185501521225917,0.9550109366396483,-1.3433807202629369,-1.41881862499147,-0.13954327606271552,-0.04974544124632135
0.3291379335522837,0.9972214145855538,-0.3234656561080312,-1.0471084273847717,-0.7278110345569139,-0.08951240572016994,-0.3002904680705765,-0.03332675841461437
0.049705018097988225,-0.67942754580132,0.07057586542951752,0.9550109366396483,-0.9181928638759818,-0.05696809638725556,-0.36839606619285653,-0.07607799396375599
-1.6089242449021086,0.9017192779133054,-1.6410425356785596,0.9550109366396483,-0.5042329535688109,0.5806197663933802,-1.5332860337326775,-0.27259539126368
-1.0702762079320944,-1.6034082735936255,-1.3996642942734334,0.9550109366396483,-0.7679756316197961,1.0515989688599152,-1.4300635824902275,-0.4808565783004386
-0.17578739060651613,1.3313784286590309,-0.7617548324977839,0.9550109366396483,0.406811739204084,1.1485323448974782,-1.8258537689500205,-0.8966126498033525
-0.5088107560805017,-1.358105367973006,-0.29415555125169385,0.9550109366396483,-0.6062649000419995,1.3684297928073024,-1.812675777152953,-0.8780874650245609
0.31691185311426023,-1.7054467404199365,0.858194422062742,-1.0471084273847717,-1.0475777935153532,1.9016332240769391,-1.4585579420443746,0.11656498510389524
-1.1944580040590174,-0.3674889594970813,0.8144918316988702,0.9550109366396483,-1.5934915177512774,1.1683617482172126,-0.3545355610489362,0.09144360665893533
0.199710315611664,-0.1746094050070367,-0.09381056803119087,-1.0471084273847717,-0.9789344351990508,0.863497379931143,0.23258378829964987,-0.9170122237350719
0.9096200450785156,-1.6187881125714354,-0.7194469423970141,-1.0471084273847717,-2.247864431214029,-0.8254189914374493,0.2516056591333422,-0.9634391589556016
0.7087401703349767,-1.7267629007476761,-0.957143646599414,-1.0471084273847717,-2.4064319544561372,-0.620998289910422,-0.0464776034434981,-0.4368320826168385
0.1297564262936206,-0.3223116246380052,-0.7601233240216,-1.0471084273847717,-1.8115158327970131,-0.6753832687368236,-0.7740825740664093,-0.8700894830844382
-0.07445361099956771,-1.7033298165505995,-1.0358154175245688,0.9550109366396483,-2.3860896779435903,-0.5824201685861633,-1.6059913601945086,-2.1551228060525562
1.2536945268696795,-0.4648360843143135,-1.0505905230092836,-1.0471084273847717,-2.5109224064929494,-0.8685773653949556,-2.036165133372762,-2.93900611185254
0.2689080062052427,-0.10950142614964287,1.048668940235681,-1.0471084273847717,-1.861745784691838,-0.5915047970129829,-1.241210058602284,-0.22203456402602048
0.26140269973863706,-1.1991938058621592,0.23193610624610753,-1.0471084273847717,-1.6348269853241626,-1.0172909092327092,-0.7065929596235176,-0.13967947395131303
-0.2833316519734006,1.1368351753990378,-0.7562914643838226,0.9550109366396483,-1.0072166056118292,0.5107002404585986,-0.7048701334814187,-0.14136016929604953
-1.209508438716625,-0.43958561285251946,0.8552194498778714,0.9550109366396483,-0.46365307963755736,-0.34446154733072265,0.14535002413128045,-0.08041328279728091
0.4978286855606507,0.7238071495130398,-0.33239345772158563,-1.0471084273847717,0.04760790610146567,-0.07295194951844758,0.46825555727179313,-0.7153700301492235
-1.0486819661139608,0.7125229594416659,1.4137536362067868,0.9550109366396483,0.40117825060735185,0.08053962118864194,0.6323997373190472,-0.3166390444209731
1.3198831975604484,-1.4565585603855107,0.43495461765626886,-1.0471084273847717,0.2904801417488945,0.4197219182350609,0.7236780282405351,-0.3101691956258204
0.5668497262248469,-0.2320208213194188,-0.33683005307512504,-1.0471084273847717,-0.2982942240998088,-0.14780737617637288,0.9122702923933419,-0.7349425160821108
0.23478741727993968,-0.3618070850603853,1.5535410326814159,-1.0471084273847717,-0.26484000869129126,-0.1687245707906826,1.2262396942432054,-0.18232758728789306
1.0905744411930307,1.2687985967083055,-1.2214784009811626,-1.0471084273847717,-0.03042748138046268,0.3668083176286379,0.8265019878583526,0.7744405487727879
0.005719333628978294,-1.0974878275252764,-1.6414643200290757,0.9550109366396483,-0.8089519980794688,0.3631861602975431,-0.5471415853350506,1.1746582000937265
-0.7742620180705246,0.9589885718773842,1.1579322360706044,0.9550109366396483,0.23002670704743475,0.11768993742868333,-0.22208668800095913,1.6455896256574352
0.8435415300680413,1.3364539727943014,0.2853500536748073,-1.0471084273847717,0.9046614052683037,0.5107543934957739,0.05764906808853301,1.6494707598958904
-1.2095681183509222,0.828591944639953,1.3499419492318543,0.9550109366396483,1.4166775965250389,0.19652530133570323,-0.033890251362549924,1.4567352741811121
-0.8074873981124031,-1.6827123262505093,0.23610604489671524,0.9550109366396483,0.14716935305272372,1.481935332164049,0.6214481026099442,0.8063244470889895
-0.8359086216100161,0.2867279203005191,-0.8398071945468795,0.9550109366396483,0.7425502777648101,0.8832482027802933,0.9818777590525319,-0.32740509572044324
1.633458082428074,-1.2981196199346194,0.09599920198098565,-1.0471084273847717,-0.2282804359639166,1.351190347258536,0.5044265564430236,-0.6731389909478273
0.5568340279603703,-0.8917861078736299,-0.13842727463358998,-1.0471084273847717,-1.1866943550313722,0.4252384801806019,0.3138938311728788,-0.6192702245617375
-0.846905418981283,1.289869363623666,-0.49295727097595265,0.9550109366396483,-0.9882890293480723,0.9931167390749185,-0.5146842624831541,-1.9041733031181174
0.17056192189238556,-1.6724046762284133,-1.2162678050730877,-1.0471084273847717,-0.9838554876755387,0.9838521876947048,-1.1676799025530193,-1.5842894598642465
-1.5034008699245043,0.9745957088984838,-0.7093958332265983,0.9550109366396483,-0.6879887770862466,1.473847732900533,-1.1090462041016957,-1.6458795620677753
0.45822630235336553,-0.58520646620552,-1.0704405550083598,-1.0471084273847717,-0.381349517004618,1.133767786060378,-1.6334842306704265,-1.918810729706425
-1.7312145711196154,-0.22353945086803656,-1.0360215411038007,0.9550109366396483,-0.09392227655551831,0.9151265153534588,-2.0370477777343887,-2.4283205624594086
0.5070305863053989,1.256296117508494,1.5675120275752588,-1.0471084273847717,-0.10836285082945867,0.8817866921275392,-1.1106489249323155,0.7422490125646132
-0.8282251016577417,-0.0013004649705102222,-1.7201865018265052,0.9550109366396483,0.6104149640825313,-0.5652605356583915,-1.3372136705978432,1.0914494357198672
-0.4036955948891689,1.498032779679291,0.19250809646561895,0.9550109366396483,0.835556491131019,-0.07211971035586327,-0.9317124741509774,1.2480911765859832
0.6390167996646509,-0.3224059352621753,0.1971174863283679,-1.0471084273847717,0.948592644182766,-0.3014876269526247,-0.36181108509361526,1.1135824526884108
0.2804028558584728,0.6822401208011346,0.03315788305347776,-1.0471084273847717,1.3381878931985138,-0.601308208763551,0.1188981361868627,0.7557201297188743
-1.3188696110290759,-1.6282158397505069,-0.5318066417467681,0.9550109366396483,0.09749734394457549,0.7859995266878701,-0.8249676172574426,-0.5416653199917241
-1.2434887242761006,-1.5930280925329308,-1.6016400801969848,0.9550109366396483,-0.5871388973902255,1.556251897138337,-0.7716684639632889,-0.7202758055195101
1.1550118399677995,0.1808962759158773,1.1643362187036341,-1.0471084273847717,-1.1536675984358946,0.33710843673976315,-0.3347289481961186,0.19647482965346913
-1.2322489977286581,1.476601783802813,-0.05726635291594601,0.9550109366396483,-0.3798757375764303,1.5827560915549974,-0.4491013860737506,0.14069556085015117
-1.7853172098221017,-0.24449130417094767,-1.0218472505518188,0.9550109366396483,-0.7784828287226485,1.2798841502314127,-0.9234377647615853,0.31870450809607814
-0.695863249488501,1.451223378463768,1.702058858938201,0.9550109366396483,0.546050122311096,1.2052066235242889,0.08092101826118965,1.597775016247039
-0.3850083453381963,-1.4660772363619845,-0.024058364431422324,0.9550109366396483,0.6006544123278585,1.0420930680478506,0.79021083525305,0.43257915077128095
0.6709715512728816,1.451243542777161,-0.6732023599979445,-1.0471084273847717,1.147058057595829,1.40603108594251,-0.03595708313604446,0.31219030835815503
-1.0550090232885305,0.09736998653545566,0.8639295828478805,0.9550109366396483,0.5538208370692064,1.0278826789621054,0.3782179102490034,0.564555045791005
1.632714669953898,-0.04596873151384201,-0.3476439855103612,-1.0471084273847717,0.6392096596356786,0.9661134969753579,0.6813435776535031,0.02266471693738838
-0.3574265972333006,-1.49960242979164,1.2461079512583633,0.9550109366396483,-0.6300039012871275,1.024024896009874,0.47634542596754337,-0.5432187937979586
1.280122259740618,1.6664248611158927,-0.5526601777212699,-1.0471084273847717,0.7173525338555594,1.202608966033907,0.23868300907779305,-0.2889121150813482
1.2305568474446895,-1.3062051938626997,-0.10075731917677644,-1.0471084273847717,-0.46868539501897166,1.174667142760621,0.49605759334451555,-0.6325260616367636
-0.7587420338360638,0.767327748555284,0.6554485129107304,0.9550109366396483,-0.18052217155042427,1.4430679660278283,0.4023233046771097,-0.770188969609239
0.5862380588750806,-0.9601672446941256,-0.30346842011278796,-1.0471084273847717,-0.5737385881405602,1.6395266427100053,0.42218489307106083,-0.7976259466094598
0.04337183867987747,0.1232157040749792,-0.2863951120852633,0.9550109366396483,0.12427034774870911,0.9889171023651898,-0.2668373024042345,-1.8260667653303357
0.673446245771551,-0.5319980728543998,-0.9393017443844285,-1.0471084273847717,-0.8213185760815501,-0.4154644783780316,-0.4406735755553062,-1.424126007803464
0.5886309556445452,-0.6866092453247353,-0.9933400024727326,-1.0471084273847717,-0.5548170503130252,-0.9090864166077399,-0.841983885986906,-1.0790740021640075
0.7361478650357195,0.29050155505964914,1.1088694146272995,-1.0471084273847717,-0.7599102378860529,-1.4902954643078854,-0.6381232395399727,-0.4193167778701515
-0.20644307227713757,0.2936196435699781,0.7275964686501166,0.9550109366396483,-0.22062956715312884,-1.7273573400184314,-0.17455053268815593,-0.01250735354658893
0.24689706865390054,-0.9170841484363699,1.2515824290623327,-1.0471084273847717,-0.6680848783204196,-1.382589018016044,0.5169330195085682,0.535787468985426
-0.4139003945896453,0.008945467362851926,1.529647819530687,0.9550109366396483,-0.43541344274583255,-1.3871634657872793,1.6269869500599126,0.14703858387666396
1.1549982075451157,1.745875375087808,-1.067260661553338,-1.0471084273847717,0.6108504398345702,0.02196858671239699,1.593751796389438,0.26242172883661885
-0.8475156412595878,1.397555455133993,-0.8285683054034301,0.9550109366396483,1.0870181006689985,0.46279611906444945,0.722668649227793,0.8565202043481126
-0.7033713100067691,0.39229679712604415,1.3632059075194065,0.9550109366396483,1.129461263900197,0.4485119142909421,1.0084423103120472,1.1639664237474443
0.021957590502545827,-1.3725737331226187,-0.8959157282788505,0.9550109366396483,0.9335454100651402,1.0268672410381237,0.04291478182410298,1.2502360919023834
1.1130449855294948,0.12272301282438212,-1.4992296998709531,-1.0471084273847717,0.9824835761962191,0.9951633961510357,-1.3188859794027816,0.5735005945712071
-1.6247382564817172,0.16959434111577276,1.7336820712680716,0.9550109366396483,0.30449124654205323,0.15103110126030309,-0.059566009784915386,1.8323254491889964
-0.37688424204635146,-0.07479031218362757,0.9220718996481407,0.9550109366396483,-0.3287962924982956,-0.8946047569989628,0.7275318997880593,1.7192634254769026
0.8040243894163213,0.4691164066242345,0.8730004318803556,-1.0471084273847717,-0.29575452844461037,-0.8384067458785244,0.5071326972429799,1.4504961978082789
0.5303694205994524,0.6093858167182832,-0.10413459572981476,-1.0471084273847717,0.5567288444542338,-2.431227190319018,0.863122050435237,1.0037549075107295
-1.31548274534966,-1.2353527753605231,-1.222318799738772,0.9550109366396483,-0.027408722156074886,-0.7813557128550845,0.9876227845113135,0.6271626921480352
-0.5913455259217361,-0.8287381294974939,0.9810468935489577,0.9550109366396483,-0.4568129609515387,-0.5267160671355943,0.6492336778608396,-0.022648725695854476
1.0178159464676055,1.3396626627852788,0.2611921297270096,-1.0471084273847717,0.15157364462025075,0.43105952750955384,0.352098330527338,-0.2621369257555008
0.2310547906588324,1.152461930000456,0.2823232824093836,-1.0471084273847717,0.4454952318039299,0.8005410597825421,0.08652648530204683,-0.5653706341266664
-0.9100278631935103,-1.2595304501779625,1.736448992477292,0.9550109366396483,-0.3583657970435669,1.2716395630906814,0.9140634574861559,0.478388696065301
0.6368004618211217,1.5698504678851524,-0.06454053451092993,-1.0471084273847717,0.8482123708412489,1.3735728847462298,1.4346072275197133,-0.8754031981144327
-1.4644455914682624,-0.2816155117987457,-0.08642391098495611,0.9550109366396483,1.0835415603610419,0.98521335872086,0.9546662114534913,-0.7631540790341156
1.1403158765057113,0.2741471519159158,-1.3990764600940377,-1.0471084273847717,0.6252404529268041,0.6508560532658945,0.20819990009665482,0.5735733404764177
-0.12214393986042565,0.09014242125881425,-1.6862042729694373,0.9550109366396483,0.16831401465463344,0.2622797034895356,-0.6768614159319194,1.4392424060072095
-0.6535424384765041,0.5338485422227821,-0.5652549488006071,0.9550109366396483,0.9396848392763779,-0.9042264889312079,-1.7117207521953355,-0.779347982642464
1.2226080226443268,-0.38255931265778714,-1.6954525060484,-1.0471084273847717,0.09991145685212807,-2.0499036373190824,-2.4449881590505735,-0.8667831650192652
-1.7005765462463,-0.19157114716640614,0.5963303186868919,0.9550109366396483,0.13864147214354688,-2.1135859728463986,-2.138017928745034,0.06154661024284608
-1.4162268290111781,-1.1402873039242238,-1.0163249000836356,0.9550109366396483,-0.4697371679531864,-1.1895498065304013,-1.9659306249685788,-0.04531419043869213
0.047411614172275365,-1.616961583730323,-0.14855375908727148,0.9550109366396483,-1.2039992673886082,-0.3990283565401317,-1.2745941061121435,-0.34993683755654226
0.7040218731474113,-1.3945389952284692,-0.2058129999860771,-1.0471084273847717,-2.0334401670853253,-1.1627090270215814,-1.112986937655493,-0.29590483522238514
0.06651726563802697,1.613917088748737,0.06687718204386423,0.9550109366396483,-1.1747127845206304,1.3496488505440296,-0.32063336924481184,-1.3838523916419725
-1.6919271018788498,-0.4145517906026125,0.07304422528818995,0.9550109366396483,-1.2706215486641312,1.3091966025133297,-0.5559058078842489,-1.8721076494700575
-0.7904159445517257,-0.2657292999490948,-1.6859436777069359,0.9550109366396483,-0.8944553665216932,1.1874470521345588,-0.856970263365886,-0.8082021001357275
1.0786901361715004,-0.40922203885369185,1.1466912634076019,-1.0471084273847717,-0.3749806472306812,0.5285377063001565,-0.2746206482658,0.19723857466334185
-0.3905199392574424,0.6414588787973634,1.6854727299305157,0.9550109366396483,0.5007457695893517,-0.22321768258642913,0.575712298576756,1.1986650547527957
-1.3588713317274284,1.4727699294495338,1.3765778032254712,0.9550109366396483,0.44003534467470823,-0.4190826480757245,1.164561234025547,1.4968781151483135
-1.8055243095252855,1.6233448342076375,-0.7495660024899202,0.9550109366396483,1.3165784549903887,-0.014821024942807228,0.7947109422241959,1.9027517931185423
0.7243334080861901,-0.2156669815267849,0.1249988117241443,-1.0471084273847717,1.3381113334324393,-0.056050062031341136,1.608921105840368,0.16247178088314396
0.7916893799818834,0.28802193279045213,0.887912419529725,-1.0471084273847717,1.6380109417409434,-0.6080373851709067,1.4925726485901305,0.0853703923852951
0.200889257274949,1.3307204229423033,1.0563882739514638,-1.0471084273847717,1.934477136527468,-0.4871475784633288,1.2097326573588183,-0.3927377765811269
-0.36204309509210847,0.8592123685186506,0.705858888649778,0.9550109366396483,1.670572850967283,-0.718717011208153,0.9081735739730765,-0.8297245063666041
0.16536036394206627,-0.81507147611084,0.5285045216535214,-1.0471084273847717,0.6217576211515631,-0.36357560582600945,1.482801435790352,-2.198527637841787
0.30655748579069236,-1.444275616948794,-0.4703136078356504,-1.0471084273847717,0.09330665776975428,0.7388344172538113,1.2151455464612582,-1.3232152780596003
-0.345875664976727,-1.5305818396030688,1.1364463169047732,0.9550109366396483,-0.6889138865299721,1.3764886794948605,1.3268878168132427,-1.1610288083303468
-1.2617008613319534,0.46571397204733744,1.3318271164172846,0.9550109366396483,-1.0609717405348076,0.5387561262143093,1.450726705292134,-0.9468581921814885
-1.263278812661026,1.2043194340040384,0.7217290353565611,0.9550109366396483,-0.9125337791143449,0.9404825976518664,1.4578620145701244,-0.9455071784570012
-0.4675640805640192,0.11815185903038693,-0.287126737280361,0.9550109366396483,-0.5111343779646265,0.9280841578157668,1.0911495073189161,-0.5101580745067475
1.2683070524117945,-0.6009246083202421,-1.1792660019051588,-1.0471084273847717,-0.14839099481585216,0.3403651733251251,0.772400431552981,0.3415778349194082
-0.8647987251971411,1.3077919251792154,1.1565016983054797,0.9550109366396483,1.0724545268515422,-0.5704893359263757,0.7814174464316729,0.3553676936502739
0.40569751982487134,1.6480011164981894,0.4677278354036298,-1.0471084273847717,1.580981622027277,-0.029539113226528305,0.3929134375629146,-0.15051533359469604
1.2236480164141679,-0.8013135930821352,0.3204217387304986,-1.0471084273847717,0.7183157780825901,0.5598889558158328,0.2124833678322512,-0.3068762386316973
-1.695259054162942,-0.0002424334427287413,-1.0136446650372937,0.9550109366396483,0.6673918498987096,0.585279502324098,-0.11416327295361477,0.16511538644064913
0.9114746383692163,-0.4928258264008418,0.36593172235210325,-1.0471084273847717,0.7138874578561498,0.5084016261406222,0.5805665151149669,-0.6358315326624502
-1.2764853876449342,0.7735151898895337,-1.385310686645236,0.9550109366396483,0.4840835582772239,0.15602731289924957,-0.5622469590348946,-0.3039431961703096
-1.5348037441715159,1.2050726925870399,0.9579287810575264,0.9550109366396483,0.29357052949272777,-0.38602444053290486,-0.3418497931972054,0.1297869132545651
-1.1805149844846852,1.5969433433888034,0.3028860728471262,0.9550109366396483,1.3251123500333695,-0.33222102774426004,-0.3497339294805752,0.12235741244129442
0.959756776477756,-1.4730517057709507,1.7259918850975537,-1.0471084273847717,0.6916254475323356,1.170602418546876,0.8820224276386994,0.6727604831807045
0.5281059658546784,0.14387744485611637,-0.42535879083484174,-1.0471084273847717,0.965485200250513,0.910825344526315,0.5262536597347166,0.8833558768253819
-1.805400911513103,1.695273986164654,-0.5003021707172176,0.9550109366396483,1.3619534569870695,1.366162764568187,0.9241585809350783,-0.06544765680815422
-1.0318704215888486,1.6792638054988829,0.48168655612202965,0.9550109366396483,1.5659132398021103,1.6052711331056195,0.7100373362524373,-0.232447983473649
0.238952311335056,-0.192401809193385,0.8249726649663875,-1.0471084273847717,0.7962774563291791,1.4252855971847305,0.9447704722145728,-0.13108493554144066
0.7641724667766869,1.3745080853035223,-0.3967330799018505,-1.0471084273847717,2.021074085211517,-0.18905541035966456,-0.009618886448755212,-1.2743125443144319
1.6150102517682978,0.3835845607410771,-1.6430519072048946,-1.0471084273847717,2.1241772644231554,-0.3624332718422729,-0.5571007183126805,0.004008213900807124
-1.776378492108248,0.2345584128488137,-0.151228445324298,0.9550109366396483,1.4958921216279288,-0.559480228870959,-0.4001551627663175,-0.03376380182746
-1.1820337287587601,-0.08381288190505161,-1.3186264016089775,0.9550109366396483,0.7375549692485694,-1.1840154792379645,-1.209586227766609,0.07046381072617292
-0.9939822708305766,0.606968990647742,-1.6923967642845643,0.9550109366396483,1.0813815199469003,-1.4502621568557523,-2.341410008386325,-0.8853030465506245
0.2507752167039368,-0.9395027719094268,-0.8084534531601408,-1.0471084273847717,0.08607574761678602,-1.2533720111383402,-2.526521857288859,-1.14789527198058
0.4709767382624195,-0.8691908248077302,1.2046645117301438,-1.0471084273847717,-0.45276985407222,-0.975054116048151,-1.2461721692532266,0.6461962777813413
1.0671036279536537,-1.4891111123549121,-0.650394839995461,-1.0471084273847717,-1.1941571395627713,-0.4676907948222147,-1.470600252557288,0.5648011927462983
1.6980237311356066,-1.1254648933811664,-1.29946999974565,-1.0471084273847717,-1.6421940433438331,-0.5307444402538017,-1.4619874240514317,0.5545284082743632
0.7964410876744484,0.1441547099815793,-0.8870480083195208,-1.0471084273847717,-1.8412604062470073,-1.2319295259024694,-1.099897989301696,0.04915456070774962
-0.7511539360529192,0.45880616252819656,0.5250803671176774,0.9550109366396483,-1.2398176992655963,-0.4025443047719602,-0.5003335104003221,0.30485810301036864
1.4087260229502403,-0.5692413935109651,-0.9052265442012115,-1.0471084273847717,-1.1108030062505532,-0.4589237436351293,-1.44895266969889,-0.9799053163025002
-1.6339686402407707,0.2137362748755973,0.955262310599224,0.9550109366396483,-0.37837176954101626,-1.065796562075974,-0.7270399756586248,0.1192736547144451
-1.594423672757489,0.171828446999195,-0.05112164091305591,0.9550109366396483,0.17962196072226314,-2.0353541348983057,-0.16577537038980802,-0.47471939252622175
1.2859542459274105,-1.692076647349351,-0.22605988733404897,-1.0471084273847717,-0.6101805864819658,-0.2656307744673593,0.1314086922056862,-0.9024325745646619
1.1158115073250847,1.2029516624033465,-1.4708683665650435,-1.0471084273847717,-0.2901076234833069,0.44998552408778575,-0.7659813433728803,-0.16192274596481393
-1.7070205465745758,1.376533046675839,-0.5739076695000753,0.9550109366396483,0.5468117565332806,0.9756402403941711,-0.6170184708609618,-0.3072928645569625
-1.6236520185922207,-1.041819971232944,-0.7455732990054912,0.9550109366396483,0.006770046987423835,1.4537507182353742,-1.381723947739758,-1.4935822723245717
1.4920222808916834,-1.4053596104935318,-0.1975396102161202,-1.0471084273847717,-0.6716124129649539,1.9181177023055962,-1.4475543092439767,-1.6190227310129983
-1.2582291602176536,1.4007474207430695,0.6486650054014086,0.9550109366396483,0.658677649494594,1.6416790447070206,-1.0542729642041233,-0.6764264673292181
-1.4183716301632037,-1.0485122000793035,-0.018914738909660046,0.9550109366396483,-0.3097253169550177,1.6478114497270409,-0.40146625850482826,-1.5205544221701572
1.6160327276408297,1.015938251337189,-1.1055408749782016,-1.0471084273847717,-0.46482488364634417,1.318942823817951,-0.6404916067654025,-1.038419632258918
0.026573950525724723,0.6575051554785631,-0.8967949107590627,0.9550109366396483,0.2660913531593297,1.1452874343028456,-0.7084817135560699,-0.9345123964366093
0.8085830841212495,-0.3005382724879447,-0.3468485180249354,-1.0471084273847717,0.7412987410947807,0.1903288245278003,-0.7756118576472604,-0.9454601616088166
-1.7134410584344113,-1.596832018630822,0.6304476890161487,0.9550109366396483,-0.5480245607933987,0.5581401803656557,-0.7838024679185737,-0.968801948178387
-1.3954345856636114,-1.1695948272640324,-0.7521541385682421,0.9550109366396483,-0.6001047994794888,0.6405946950723528,-1.1134711211475286,-1.0028648844253283
-0.00034941691573678655,1.2112127110589774,0.46077793765261693,0.9550109366396483,-0.5161130600527213,0.8497059431682437,-0.4092451702130658,-0.971605739552737
-0.33365104431913006,1.6385036733742147,0.6596462809123085,0.9550109366396483,-0.09416452663709983,1.723225180526088,0.2905397455010826,-1.169252981986258
-1.2728595133881058,-0.46645335231813423,-0.9738863212390223,0.9550109366396483,-0.1655281661623246,1.7570284322438188,0.008619941129570543,-0.5928071077852631
-0.2326332313384477,1.5485775759130922,-1.2256226726666781,0.9550109366396483,1.1873800607086147,1.2107905460399366,-0.8258799735218681,-0.35552075543777784
-0.9461430858764965,0.07613531436261528,-1.4464962585776653,0.9550109366396483,1.7231953516618967,-0.02317162398280043,-1.1380601860012156,0.09674808480731026
1.5471323500957734,-0.7054696136333228,-1.244190245669201,-1.0471084273847717,0.8987891153890882,0.5780789724262677,-1.9046236918025163,-0.38008231512896445
-1.2666703312242455,-0.6306650079859518,1.2360197242152777,0.9550109366396483,-0.0772290739415773,-0.04709152837110632,-1.6454828751755024,0.5442420393632463
0.6376760208785492,-0.22477744565233518,-1.6099402088702506,-1.0471084273847717,0.0267209244725615,-0.12578138937133954,-1.93145636298053,0.7953441146211593
-0.4765399149115248,-1.6567584785359526,1.196300860255643,0.9550109366396483,-1.3519629599641012,-1.0594284201302457,-0.8425456065566512,1.799759881533763
0.06950554473785264,-1.7228094140728065,-0.1034384555525501,0.9550109366396483,-2.1257277272008124,-1.022293259855306,-0.23869909021001873,1.3296833139703135
1.0689864658402743,-0.04065609965585341,-1.0412624176569971,-1.0471084273847717,-1.8397771553085953,-0.5710789333827222,-0.1474615710660515,1.1802585585217167
-0.2903604713138821,1.492213076992347,0.7684113443704744,0.9550109366396483,-0.926681693657723,1.3679707923226643,-0.3577009893157931,0.7963758553179588
1.1400426000750425,-1.0243266034486165,1.1391744230058132,-1.0471084273847717,-1.2705849599435128,1.4294664005863902,0.8783167678922859,-0.028764558844167062
-1.758022972470545,-1.2345423723696884,0.9069868229479797,0.9550109366396483,-1.0889807439009982,1.1685300827407368,0.748239511973059,-0.2241699922362581
0.3649664905899582,1.5789053779480084,-1.181389203291168,-1.0471084273847717,0.3311577056843355,1.405382468238182,0.26358665313922525,0.6142148150569031
-0.2978024303347784,0.6986047689582249,-1.442045578342235,0.9550109366396483,0.6491296838606045,1.45527817580605,0.0833922379434946,1.0197303575515064
-1.2226253130404705,1.6006339511637784,0.7859277982560533,0.9550109366396483,0.6957638306138656,1.54362541895384,0.09126773640210947,1.0291752243404093
0.7564918142312448,1.1298143350488392,1.5625380089145995,-1.0471084273847717,1.6223061170582092,0.8020767555880095,0.281614440708668,1.405425533106305
1.7017536420222914,0.43842368768291634,-1.0900897410339312,-1.0471084273847717,2.3418847531274545,-1.5532914668497688,-0.6162826738620797,1.4299501665626235
0.7180779653019729,-0.7074823125638623,-1.093851412056469,-1.0471084273847717,1.3584602981135174,-0.29102190434290864,-0.5769251792206052,1.3783568558536965
1.4335031012535024,-0.9572780213069874,1.4743846048493146,-1.0471084273847717,0.6462295433114073,0.6048139498384802,0.7343186126115291,1.338685718356092
-1.357901488310041,-0.35581536087180354,-0.08046197812900976,0.9550109366396483,-0.1952813283729316,-0.3175463637138981,0.344784783844015,1.2721017789666151
0.9428637679027423,-1.7258883488508256,-1.2142149001399472,-1.0471084273847717,-1.4235803903605913,-0.5601463328274604,-0.9036593018172863,0.6603573675445368
0.37541780053204704,-1.3891081261117113,-0.3413854637667581,-1.0471084273847717,-2.209641077032349,-1.4701148582067542,-0.5670375506288527,0.4213997442576468
-1.6888332119492027,0.5743092490836084,-0.4021566044263681,0.9550109366396483,-1.6583149947648126,-0.14467601368082053,-0.2560475850281823,0.07580614871220415
-1.567288759024208,-0.6162673857752821,-1.5469186135944895,0.9550109366396483,-1.5116389958546517,-0.16166587278963437,-1.6144428969610396,-1.2155222669154386
-0.7447973394790101,-1.2222040609921752,-0.8961896511455686,0.9550109366396483,-1.8842913849406686,-0.16182403332797768,-1.9811987525385995,-1.6170496649365478
-1.0197836051615035,-0.03900892917509259,-0.27052103735262506,0.9550109366396483,-1.158728314052443,-0.4712352392362658,-1.5569085617081722,-1.5464250428938964
1.1928330590218217,0.34569942697283645,-0.14626038187595616,-1.0471084273847717,-0.4125503235366322,-0.7875287395519976,-1.469179202118271,-1.4098593084819062
-1.0302338656369492,0.4989705932412086,0.631722784473146,0.9550109366396483,-0.44495509761355523,-0.8567739268810594,-1.0043410798100805,-0.5154268528233699
1.18951216126162,-1.0872337872567694,0.6510131745898452,-1.0471084273847717,-0.6475278627788175,-0.5219201092677045,-0.016138300694240947,-1.117014494982506
-1.2770089395182809,-0.7423688347853229,-1.5580607933089223,0.9550109366396483,-0.4411404256056762,-0.9448467473256521,-0.3137193746923139,-0.22357185729643062
-0.5862563880941896,-0.6584870874792013,1.3487391017668968,0.9550109366396483,-0.7075912872646036,-0.8791066317893712,0.41430930126185084,0.5323202096069375
-1.4091259945458703,-0.9053597534893942,1.4706349738175193,0.9550109366396483,-1.2456987122835044,-1.1741704149312515,1.141274756980437,0.9307001376206344
0.42486708657654976,0.4674539010285906,1.3588624766340374,-1.0471084273847717,-1.2592547185512324,-1.2232024336012213,1.4682009466200237,1.149992793077103
1.5317105490004952,-0.47685102052814765,-1.7048190418343419,-1.0471084273847717,-0.9967159801688515,-1.469390059965518,0.4090052263906179,2.5305851275720523
1.6708449058446861,0.33325319314562163,0.5790179281989865,-1.0471084273847717,-0.5340678426685322,-1.2158089892462642,1.369848116573309,1.3815685193870848
-0.614458110215103,-1.6968582401987184,-0.2977319017001929,0.9550109366396483,-0.9806935786288096,-0.19112494233037325,0.6295852794340819,1.2918199265295118
0.8072695691161473,-1.3174826403389075,0.998394756178561,-1.0471084273847717,-1.1579564842509151,0.05429330618187663,0.41726336025997035,0.9535605050087703
0.29819354690766026,0.6362782106880598,0.6850463285598192,-1.0471084273847717,-1.0853415224887653,0.21972563747698945,0.11431174287145608,0.4760752100429945
1.6648401195468165,1.3811606735093942,-1.473446644352703,-1.0471084273847717,-0.28617078464713724,1.3289923757968747,0.21833810412215068,0.14157248392816002
-1.1178173965135296,-0.6117152214002048,1.475326781404479,0.9550109366396483,-0.6926219967213513,1.2717439159049984,0.6213237219858834,0.7707474049288162
1.6941775098618677,0.6623506163892978,0.7712778158059392,-1.0471084273847717,0.32212440594787656,0.5039708388601397,1.1019566421794942,0.6466505423982216
1.156224666311936,-0.15516888311241483,1.7004708025882225,-1.0471084273847717,0.82206051827,-0.6222342344932863,1.4176140724702737,1.0668135715684788
1.2516675427173174,-0.287861187683369,1.6951076888641246,-1.0471084273847717,0.4245683134388665,-0.5005312324092218,1.8717434720704271,1.3901213346437622
0.34228320467664386,1.6945138493804712,-0.031777272429999934,-1.0471084273847717,0.5593482448943702,-0.07534866050483986,2.5199263172155364,-0.77900651389988
0.9796112835945741,-1.2402229007462358,-1.3204593700893417,-1.0471084273847717,0.28901359229021595,0.5516964104150828,1.2629247762341087,1.1430338428294762
0.9810298830996245,-0.5264829370487072,0.13722483444721123,-1.0471084273847717,-0.22232925400122658,0.5007088392133848,0.9778509074026389,1.1634466166310113
1.360409111945926,0.9253389792247226,1.1533868261118743,-1.0471084273847717,0.2424203858200437,0.8274199519594232,0.7318788035957793,0.7381628898528653
1.5522894589827188,1.5622794495451764,-0.7226564630333199,-1.0471084273847717,1.038205613065682,1.2830269809638009,-0.35516187118576475,-0.10274261081601556
-0.09048178349047768,0.8557804452536735,-0.3000032695734409,0.9550109366396483,0.677448360794648,0.7445880973452033,-0.47575782290418916,-0.10739218613839041
0.5310911183741139,0.4680527100112086,-1.4131495957314832,-1.0471084273847717,1.4122143930359394,-0.6515178742222059,-0.5174318817029394,-0.005251986061148266
-0.5570671066861703,0.37605989506250526,0.9502185652546589,0.9550109366396483,1.8004174508458755,-1.7323301924815593,-0.15190522227401018,0.491642854890299
-1.6076723450841337,-0.6357848906778096,1.0050168066153136,0.9550109366396483,1.1289445430187512,-0.5418062129029385,-0.2186132367775413,0.3462688337097155
-0.7173646619374464,0.39673589411040633,1.6243217239818024,0.9550109366396483,0.6276192251144056,-1.4284401373661615,0.8366016608824625,0.9321278107789106
0.06148303428741338,0.00807412274512228,1.5598978476186087,0.9550109366396483,0.26300252791805095,-1.7670376123886802,1.6728239052534501,1.0292129943016086
-0.07046894900363863,-1.6734593010607557,0.6522955056298093,0.9550109366396483,-0.6581077855838364,-0.2836638586535468,2.601459907630267,-1.980099775238842
-0.10050438684100708,0.4384890197924211,0.5710651364794316,0.9550109366396483,-0.6312556781222335,-0.23831160290236295,2.430990344361201,-1.7079262025629756
-0.022823014923396712,-1.5007086635671774,1.484188155038898,0.9550109366396483,-1.0032779705410209,0.32056806279918304,2.646428539818592,-1.6097333523583988
1.7080220764797813,-0.8248270237756872,0.5160697220627068,-1.0471084273847717,-1.5286984194756537,-0.10010605230747142,2.14815206274837,-1.614908764176899
1.6783081479639568,0.8591948448096735,1.6361469391873658,-1.0471084273847717,-1.162613115692369,0.6882408391895813,2.1824340930635824,-1.5320139950775233
0.1290822291247931,-0.7572924773606007,1.6664159813025101,-1.0471084273847717,-0.7685500864702942,0.08908073002231556,2.638388494289976,-1.3906191949472104
-0.5385554724990858,0.9842339299724149,0.9162045041782324,0.9550109366396483,-0.5338134785460992,0.5685275827663818,2.7935651399783232,-1.659606233293221
0.09368927365323729,-1.6552602770304257,0.9332038573211054,0.9550109366396483,-0.6002894471109883,0.7307386558455203,2.5458394292984208,-1.67949101548615
-1.520348009584514,0.8072816903588437,1.3146130521180648,0.9550109366396483,0.10171556690389644,0.8650253871955191,2.904869105399971,-2.1803898340000534
0.45014771408923865,-0.522258586512195,0.5075008081004854,-1.0471084273847717,-0.4924772261480514,0.5845665169552716,2.3974233105057867,-1.9027386476197352
-0.13763020545541113,1.576830878238602,-0.349474203326441,0.9550109366396483,0.5114793637343718,1.2895923684123745,1.4910674838364286,-1.1941907730217225
0.5221375569870293,-0.5838097509880191,-0.958546307532821,-1.0471084273847717,-0.16296990345938667,1.1591909793739459,0.6481687313628733,-0.10972422082024842
1.1921802630961933,1.110310362205315,-1.4202710317638099,-1.0471084273847717,1.0265614301719934,0.10962978416335105,-0.40996712093046633,0.516136026413963
-1.070395786460454,0.7524009302751361,-0.02295668395237792,0.9550109366396483,1.0029560364760584,0.09405765660780323,-1.011346170795321,-0.7384758360129298
0.7542753486635809,-1.3791985177083013,0.38010827668952485,-1.0471084273847717,0.634367765854491,1.0256647793700944,-1.0686225859487255,-0.8802303034973028
0.2118048763790663,-1.028987230359258,0.839400302321769,-1.0471084273847717,-0.48645057302468164,0.5440191592768533,-0.5340977672908854,-0.09638703413081795
1.2605954650808378,1.5714539346179388,1.1133560410071381,-1.0471084273847717,0.4405746310665161,1.3523136563547293,0.3974414505731894,0.1120534616564525
0.8826703398560339,-0.021216089596449137,0.9258661054441395,-1.0471084273847717,-0.04611919991185051,0.989893636995119,1.4522782074003944,-1.8239548390993294
0.27073890241141607,-0.12191126317514915,0.9351170199781618,-1.0471084273847717,-0.42217965366778853,0.7078685431854466,1.8830336575520452,-2.502997242567292
0.310363388812459,-1.4486487204261955,0.5490284865212229,-1.0471084273847717,-0.4520516775777671,0.7735469295966841,1.9589811558783738,-2.7526936457179154
0.6197813081006539,-0.8710416857632897,0.6794445379735851,-1.0471084273847717,-0.3841159063344432,0.6799943460285405,1.8870641238238657,-2.687076575451915
0.3536966594638786,0.255624458582837,1.3353900370572471,-1.0471084273847717,-0.950082426680515,-0.8993010919996316,1.986891886056726,-2.4089485854315678
-0.9120369782071913,1.5644683543964337,-0.002297285485179752,0.9550109366396483,-0.2680454884005221,0.7290863007629473,1.56958428473775,-1.706718728179772
0.18067399174206267,-0.8464855104645613,0.45562317749333553,-1.0471084273847717,-0.5797004352910894,0.8891023825474723,1.354001094094756,-1.7460113914041822
0.6595250063553522,-1.5159579596375719,-0.7343590797314502,-1.0471084273847717,-0.6086515848111574,0.9499035107085637,0.7769826595503071,-0.6902347415514868
-1.7901697046296539,-0.29826728455643914,-1.4694930843178908,0.9550109366396483,-0.36228901222983023,0.7941216540477177,-0.1891920606621336,0.4225402509389953
-0.3517181751000659,1.3978309487778282,1.1843512857312204,0.9550109366396483,0.1289985326580244,1.5091237207639403,-0.25709995235237504,0.2455310940244069
0.9361560209608262,-0.39282275872931083,-0.04790303374941423,-1.0471084273847717,-0.7128744157562389,0.4686910357898367,-0.27760455919261184,0.24179487174262213
-1.5023138986855988,-0.6413961517961697,-1.296731151729202,0.9550109366396483,-0.6246610774783087,0.39372728490162634,-1.0654731488561202,0.42771228440263775
-1.389634957854256,0.3303494738539399,-0.46888075639006427,0.9550109366396483,0.1694754065066413,-0.47038725280827043,-0.9461125670895276,0.39281586967247034
0.3197716316227073,-1.466887695854109,1.0716863814723872,-1.0471084273847717,-0.33317333319212716,0.46762023959350973,0.19641634296391602,0.32023566586850205
-0.0808284146489314,-1.5573832099943237,0.24810949316889996,0.9550109366396483,-1.6042744179295685,-0.590716449417786,-0.22452335421329747,-0.31794181614585876
-0.7755699605780506,-0.9181385489253544,-0.6996442953785486,0.9550109366396483,-1.8302240225515662,-0.6780633252046981,-0.5175499756347065,-0.17879530336791874
1.2146961133121033,-1.0229431760051302,0.05474618117140392,-1.0471084273847717,-1.9943355929129691,-0.7037848633004127,0.0900820097908733,-0.9863503453618767
-0.8922149673034401,1.4781032773393952,-0.7882337706706041,0.9550109366396483,-1.5006620294281363,1.071810139246474,-0.05350094302302962,-0.7313015693268968
-1.2558940809710337,-0.6333613642189717,-1.3649245334381652,0.9550109366396483,-1.1421444508784808,0.8007139651865623,-1.1490152309016763,-1.1049009237800833
-0.9545021978515904,-0.18368492640819975,-0.851756385201535,0.9550109366396483,-0.5512873134405071,0.26176198700388353,-1.6435212585697176,-1.6498847907393572
0.6332056985026785,-1.5555972823156319,1.687649335085369,-1.0471084273847717,-0.8254720066487986,0.7458162127990394,-0.5701803055555134,0.8570104297690522
1.1296097766049533,0.5111675633176658,1.4832930648989693,-1.0471084273847717,-0.1656180264990948,0.7148278183544479,0.07210259338878294,1.7241520462670878
-1.7718231341963484,0.2095808060590573,-1.2854171295347718,0.9550109366396483,-0.7112367879929107,-0.5103807968752623,-0.15143390560584105,2.036222689920688
-1.3259012711671951,-0.2311041277690879,-0.37384418192303576,0.9550109366396483,-0.5382173105120056,-0.574866358414339,0.29416152322382627,1.47298251789183
1.1416679876156977,-1.120701086805595,-1.429959842716703,-1.0471084273847717,-0.9412480872705005,-0.26209887251299396,0.03419792167689788,1.9204134822884968
-0.9401761261455964,-0.5591060524823654,0.044984554871784294,0.9550109366396483,-0.5126358056825286,-1.114253986943424,-0.704353615586111,0.7840679809102862
-0.3374206731543522,0.3698153126440273,-1.6293711041740173,0.9550109366396483,-0.5734344448024739,-1.256391847404555,-2.1038253366230935,-0.8510228384884599
-1.1516273358618732,0.0211101868352201,0.24910753202988595,0.9550109366396483,-0.6544997062913707,-1.3726722546749384,-1.4138942189551176,-0.3874521804863165
0.5900260012225368,-1.3851451920887594,-0.040956695444898696,-1.0471084273847717,-1.150877555705088,-0.7549058567166755,-1.2642260895622912,-0.25337779797051657
1.368311119464578,-0.0053444849921192,1.7359271291742489,-1.0471084273847717,-0.6711387245189162,-0.952019202513194,0.1591749098716783,0.8440744365756254
-1.5429376864792326,-0.7607358903291209,0.9621021729265208,0.9550109366396483,-0.7578640485844086,-0.8665279721955247,0.5715162681476158,1.0753818024634523
1.081057921311642,1.1612141576662713,-0.400832190154274,-1.0471084273847717,-0.41746640688331216,0.023389892522822815,1.123874433042789,-0.4005389631357605
-1.414507300268031,-0.2988965610288994,1.05579664050756,0.9550109366396483,-0.555108182565107,-0.002936988182245077,1.4865664979947435,-0.340244873231814
-0.2389498678201466,-0.5353127376623693,0.31898186657244426,0.9550109366396483,-0.18957699036369877,-0.7125022941631161,1.6483969466049497,-0.5585671928597049
-1.5073843957078152,0.058669193494588226,-1.108790650435504,0.9550109366396483,-0.16204333229666656,-0.7042204650933849,0.36939546406447277,-0.15063017815997373
0.06868487565965752,1.2668363517681185,0.35618792467055066,0.9550109366396483,0.7100590392567165,-0.4158172151757371,0.09697293154945674,-0.5006152936175293
-1.2018741601437088,-0.7492899536819128,-0.2207230079297296,0.9550109366396483,-0.11168981475493274,-0.5564355683159314,0.17795105624622243,-0.5756510571771944
-1.5593641682819233,-0.573263710389924,-1.3931391954979828,0.9550109366396483,-0.22970101882754027,-0.4474422175520012,-0.9231045870757216,-0.5644040458368161
-1.2598622803903197,-1.4480238577015818,-0.14900149287308545,0.9550109366396483,-0.6222776756799804,0.26005659729148967,-1.133512598311626,-0.865208603460384
-0.2139388861795875,1.1582578888510922,0.8636652623586467,0.9550109366396483,-0.14932095973983955,0.9583182269185544,-0.24668507018490585,-0.4449098492132647
0.4126296147422294,1.6675140182073673,-0.7451715088779555,-1.0471084273847717,0.02301911075190377,1.3827098580155566,-0.7418626088550928,-0.473960640431217
0.2382617271596979,-0.5709495122658322,0.2722689405243891,-1.0471084273847717,0.09972716517958222,1.298830616726107,-0.5202105920986774,-0.3136518785219266
-0.2381338601406977,0.6765055555877164,-1.5077274361698358,0.9550109366396483,0.6372797702725841,1.194336098815722,-0.5717301244584438,-0.17296296079872853
0.7082254234441914,-0.40260070250851393,-0.8447486518770514,-1.0471084273847717,1.0869387239667072,0.08440514289800741,-0.8845420505544899,-0.05461683897159564
0.6690021765594609,0.4879226151225546,-1.3129375047759688,-1.0471084273847717,0.7986131246036713,-0.16313373010371565,-1.8631551790767777,-0.9856951851407253
0.5776804949929314,0.4221557248659879,-0.8564414883460865,-1.0471084273847717,0.26295777358481215,-1.3808187785914612,-1.9131828021056978,-0.991259994096273
0.8879455642978088,0.14823935609264888,-0.8547343325782902,-1.0471084273847717,0.5722963533246234,-1.914700667781769,-2.419889958596995,-2.363028548315833
-1.111966968558184,-1.3794205843968377,1.2807558609912044,0.9550109366396483,-0.3120016387235093,-0.6333936405350853,-1.1661718229450349,0.22661336518363467
0.3809738030686912,1.4589556780748343,0.36228886264386706,-1.0471084273847717,0.48869374493779943,0.27466296867042816,-0.6234808109860195,0.38988446667720394
-0.11159852064687834,-0.25304649189618167,1.5287430392946069,0.9550109366396483,0.16998701673243144,0.29806525098792835,0.6541551129794452,0.6244150401311007
-0.40695072642785307,0.3451962647037212,-1.2699845718291431,0.9550109366396483,0.13688509990427455,0.27702755265134155,0.4682237630717779,1.0395061696718504
1.6267658752559253,0.40667528700276834,-0.8665225498201884,-1.0471084273847717,0.24804394473448252,0.3193914701135689,0.46292371276908406,1.0486823261546683
-0.8030605833665937,0.8522121428303633,1.7171881144614225,0.9550109366396483,1.2079171139577416,-1.1281669805079577,0.6591461652098539,1.4291364233445747
-0.6700740132940856,-0.41813504924980077,-0.5963601727392335,0.9550109366396483,0.40054007410074693,-1.556316782907172,0.2281320427266084,1.6282041457409628
1.1278687646622871,1.3682347088304736,-0.206615256413546,-1.0471084273847717,1.0978879420347265,-1.0387653783430928,-0.5520950324717335,0.7297612367893384
-1.3404604692219975,0.7122311768082255,-0.2529055297767487,0.9550109366396483,1.2557575412743254,-1.0481999634274803,-0.09481044277710497,0.20494274053735853
-0.1496278225399245,1.3168758087713288,-0.43493064785586966,0.9550109366396483,1.6472543358854135,-0.826300279430481,0.09923575977468449,-0.05584619359774381
0.713371137209553,1.0563721749246557,1.1456980699970711,-1.0471084273847717,1.73506795084282,-0.7838308940190115,-0.1577094526348582,-0.9690871945657404
0.0685390982502747,0.10780852179631481,-0.0092684079347993,0.9550109366396483,1.9612875774925385,-1.5529016672778286,0.10625038301364804,-1.204380614854183
-0.8717980977382815,0.19832224597000175,-0.7411163070497617,0.9550109366396483,1.45808309866463,-1.5286111192320468,-0.13406436493190768,-0.8680680812448393
0.6822541675848818,0.67119526188606,0.21901672056708812,-1.0471084273847717,1.4404326702461259,-1.5298421658083505,0.078114594316699,-0.8714099074384669
-1.0539453132755416,-0.23764351564003203,-0.21205819734449705,0.9550109366396483,0.7718005192937982,-1.5975888081508893,0.17831933049990467,-0.9806959106480548
-0.28733432892639826,-1.4012534191110644,-1.163198227453799,0.9550109366396483,-0.2852770360449444,-0.6127857820881438,-0.8597737304845098,-1.4545930064428347
0.3234490026542453,-0.42158840644539775,-0.7132752315538445,-1.0471084273847717,-0.5129820257991539,-0.6302044250084419,-1.17629924931854,-1.5602279234554481
-0.4943253650137032,0.1687079521986242,-0.31662616316485,0.9550109366396483,-0.5257197696356861,-0.6448771289601806,-0.9854460380635734,-1.5961412957111052
0.5002014561995306,-0.1550119524406699,-0.5154550965998873,-1.0471084273847717,-0.8810892386236626,-1.283348274754278,-1.3156687932957727,-2.1341253212618883
0.482897842203816,-1.3530862104635586,0.8509895671867284,-1.0471084273847717,-1.360865100262648,-0.8603161651483265,-0.8377164014654334,-0.7670709413824377
0.37462991664277356,-0.25585469741857264,-0.6950922678913188,-1.0471084273847717,-0.8682045080417703,-1.360123951215755,-0.6272532685114932,-1.1340826962054484
-0.6735614462965391,-0.6158388268126741,-1.3459410371407095,0.9550109366396483,-0.9517557861468208,-1.3309920107831448,-0.9117034551339671,-0.5882250840707226
0.9276453664282022,-0.30435262639748395,1.357428811577688,-1.0471084273847717,-1.155229301869915,-1.6677722066558174,-0.15903870578801035,0.6071056260828656
1.2479764088780412,-0.8760424521027746,-0.7815959783543706,-1.0471084273847717,-1.4653600067898154,-1.7971017620949201,-0.27869717762956675,0.7238725377735198
-1.2321597856134123,-0.22588410152574728,1.450933077724863,0.9550109366396483,-0.9805261685598021,-2.410063967798942,-0.008959123148790125,1.2603405857008905
0.8524751239153429,-0.19258717829393251,1.5621615566059606,-1.0471084273847717,-0.9533134496611522,-2.3654873795460927,1.0059151848390586,1.5801919098964141
0.9119511382677531,1.0949407150631763,1.4820260210499783,-1.0471084273847717,-0.2174704228638927,-0.8152794609388991,2.2773854466439793,0.15960247464097818
-1.650303677416771,-0.4824848289849047,-0.22788470522112103,0.9550109366396483,-0.29408890929860143,-0.754974541445522,1.5646193674179059,0.5551632445015526
-1.5192641782305962,-0.16302820260927242,1.3579540049710788,0.9550109366396483,0.012593834242734935,-1.1840537626742795,2.5265733511336843,-0.7384410241365823
-1.8310239365652596,-1.228664548134952,1.2340817234943022,0.9550109366396483,-0.4187235745666642,-0.39985962036927286,2.4290757344843983,-0.8012649090127734
-1.3266731155660225,-1.3370264831516845,-1.3288901730207996,0.9550109366396483,-0.9109715009996039,0.11706602372793191,1.1292422414054863,0.995968161051258
-0.42650108778710616,-1.7329978646523974,0.9140902002013307,0.9550109366396483,-2.127328625432449,-1.0953470737554138,0.8738950283849705,0.6700599979309597
-1.6958405113694763,1.1431488023941472,1.0586363513112373,0.9550109366396483,-1.4281086835890069,0.7771708901214833,1.4523222981896244,0.5633966733827677
-1.438205160187387,-1.166623002314218,-0.6307499071181464,0.9550109366396483,-1.8597763631563764,0.6993428731415127,0.5581895760870129,0.6983303440778368
0.8891477634617232,0.9922670756885915,1.1722892011509352,-1.0471084273847717,-0.9045059683560501,1.5332460307936233,0.5304073024802701,0.65131494833527
0.8097624962350986,-1.5814216041459968,0.24832288693571117,-1.0471084273847717,-1.0096255592588887,1.6933536925845538,1.2395313696990966,-0.7659500501055687
-0.8154962857194687,-1.398453394643135,1.1225644264728651,0.9550109366396483,-0.8657307970267112,1.4471297971988488,1.3332625814150623,-0.6559474003409487
0.3803683986511982,1.3561130549738614,1.0941327025573524,-1.0471084273847717,-0.7741302977326618,1.673735672362886,1.3492219451853353,-0.6362577768929596
1.0117545075974395,0.6054406357330744,-0.6410521355206518,-1.0471084273847717,-0.011927664850868379,1.5614937099496282,1.3445900040153802,-0.6215863685212324
-0.6628010439475708,-0.26672383565930335,-1.6531373924360397,0.9550109366396483,-0.5534466976893518,1.1378247959234618,0.07426194971441487,0.8245073790370152
-1.4219040816657997,1.4482294930837332,1.6619587793048325,0.9550109366396483,0.7496713131098129,0.8878585809826192,0.709840781144422,1.5986175719014042
1.5399188299479287,1.53477085748982,-1.5984990404785482,-1.0471084273847717,2.011314066680496,-0.6598377262538119,-0.5135650109039592,2.075744126883199
-0.4758889151065466,1.3319162661023065,-1.3390272875284688,0.9550109366396483,2.0009065080639763,-0.6715548930666811,-1.6075277431243944,1.5478597325197767
-1.3999903421812492,-0.38409099450136713,-1.42181838584711,0.9550109366396483,1.5752876997487084,0.07113900555149623,-1.9585647418885028,1.6689626957014636
0.283793376044703,1.5916231519905455,-0.564874228053302,-1.0471084273847717,2.374602654574763,-0.40410372779810727,-1.4692753611926586,1.4207043229279803
-0.5898581629354646,1.3938332647995966,-0.641674966229519,0.9550109366396483,2.3512056684130824,-0.4230192881194207,-2.5050023485540884,-1.7730660689645479
1.1531849287546403,-0.9862454534102291,0.05941180916215751,-1.0471084273847717,1.2668624041816863,0.8546116812278787,-1.759596090749036,-1.2793145057105726
-1.2590488527383994,-0.9478119380608795,0.250394646553907,0.9550109366396483,0.2863023372854389,1.1387117732936232,-1.04498284347198,-1.1010825371180974
-0.39225768944500994,-0.46873684531460424,1.174965937107662,0.9550109366396483,0.2498943387423026,1.1718632202879364,0.12254633031925777,-0.828071724192666
-0.27585008835913727,-0.8499332225165457,-1.0241072093649266,0.9550109366396483,-0.8002715001263864,0.20997284588519588,-0.08392746055697596,-0.40447251755644303
0.7111225213483553,-0.480854288163294,1.373491990053704,-1.0471084273847717,-1.6066148830726075,-2.5138488684798634,0.822103198486605,0.0009711846256533277
-1.3333621541152543,0.19851882060583947,-0.5348305617531044,0.9550109366396483,-1.0970223212646013,-1.8019149571029722,0.5549284091852738,0.29477150578948713
0.6607521021462955,0.883790233665606,-0.29238002723220774,-1.0471084273847717,-0.309210886219128,-0.9465269076756033,0.3108937926641614,0.39505419051604307
1.1734762007915736,-1.0879380824863993,0.9799845810471302,-1.0471084273847717,-0.5755426381510582,-0.5180482127381086,0.22322905303456242,0.2330880188826636
0.6841763631315418,-0.6990683830495513,1.233667730814823,-1.0471084273847717,-0.510652430270183,-0.6075824720496983,1.2383376576318106,-0.23994302123907185
-1.5287749819247571,1.0755621252298313,-1.291194343775979,0.9550109366396483,0.15879569940078045,0.00619974946740728,0.04027934903535997,0.36480311992567255
0.5464679148060309,-0.22454235043099838,-1.4703494583349237,-1.0471084273847717,-0.02317199719371931,0.02415119405615366,-0.38033532994939334,1.047840504257367
-0.08803193080389664,1.469549517102641,1.566927310225229,0.9550109366396483,0.2287756521371139,0.5995756884675535,0.4556199476362369,1.8203149377458507
0.059487259527456995,1.203353710628229,0.8478397378968127,0.9550109366396483,1.2143094670157248,0.04648801361067338,0.39620686577947495,1.7605171336523664
-1.7995387648683643,-0.4009399551000773,1.3649091280185213,0.9550109366396483,1.3425409073777645,-0.2895456664849464,0.4552137531401057,1.8512897732392313
0.5792928392384761,-0.0029549806189980675,0.9081049808557025,-1.0471084273847717,0.8786475346815782,-0.3115038238539717,1.4440313845116328,0.9364499958466037
-0.9621172108352821,0.33078128496434045,0.311212706239001,0.9550109366396483,1.117504158062347,-0.5600124512088024,2.2450319850143132,-1.72044848314531
-0.8568426685498132,1.2923948084392207,-0.9286135972999742,0.9550109366396483,1.0413061127599472,-0.7425313621942754,1.12302243336628,-0.2934957453923206
-1.405487982238739,-1.30495367532841,-0.24291190691464887,0.9550109366396483,-0.03757076987827021,0.015558443357387916,0.6326142175506826,-0.19469476891393428
-0.2536224173195404,0.9366460589658406,-0.8692593062694989,0.9550109366396483,0.5377537047835679,0.20175768238589412,-0.37188076616313687,-0.6476461599950761
0.9932918311356963,-0.2115525043962893,0.473325911224991,-1.0471084273847717,0.4480314293404172,0.26422665073355694,-0.5673599376370575,-1.1436919931729295
0.586163915546854,1.6094944851557074,-1.5721741491627526,-1.0471084273847717,0.9980334422255498,0.9202856559623412,-1.4141415050467234,-0.6839606542272163
0.4203576736969557,-1.6250157778389047,-1.4770346171223239,-1.0471084273847717,-0.2568075139992185,1.6065018759217828,-1.660714751235442,-0.36681517802273406
1.3860019637677234,0.5720428178149775,0.1306677247960325,-1.0471084273847717,0.5505289937123662,1.0474123089649183,-1.4927511991988562,-0.122289336291124
0.8189794471404298,1.6263325675942504,0.7838587772307651,-1.0471084273847717,0.8471779748510417,1.5038317729255137,-0.7494997966286654,0.5478310262444124
0.9857557277192049,-1.3095341119520247,-0.888953709256494,-1.0471084273847717,0.37491250189265385,2.210547125626727,-1.3619885527081936,0.24631153526464017
-1.3350230649309769,0.42314945958731753,-1.5983752509286513,0.9550109366396483,-0.13535997511097067,1.5092140232606117,-1.3737687188262466,0.2688731377334506
0.5850175014954851,0.21102829100941375,1.6321675158264064,-1.0471084273847717,0.6543620152941179,0.37702697090894655,0.024146450848324653,1.1855163881561017
-0.3662530188232292,-1.3093820536856593,1.4986350156586918,0.9550109366396483,-0.15487923306606421,1.0909462374632688,0.6391924162587284,1.790028491678561
0.4411689372969706,0.5609495738538551,1.4306597009486917,-1.0471084273847717,-0.6131233420367969,-0.022332855272002478,0.9299978333279963,2.088026952118287
-0.5261156382704407,-0.9803412995742565,0.5871611756560684,0.9550109366396483,-0.47153044270018724,-0.31603732389109945,1.5936675793167265,1.4250377736153779
-1.2530986440278145,-0.2683240419352844,-1.3101530591473642,0.9550109366396483,-0.7689480478654788,-0.5927186878834515,1.7232539352046923,0.9801968427068137
-0.2360720041063572,0.9571769394352548,0.563390779102304,0.9550109366396483,-0.44801348764953747,0.07192179383545509,1.2427257645112801,0.6208402983284392
1.57453948387469,0.3238068039227559,0.816554350276113,-1.0471084273847717,0.25445611927386863,-0.6922747182985521,0.936058372585959,0.23479303239153396
0.7634127646856337,0.9185276888654769,1.46202667739243,-1.0471084273847717,0.4082581469612596,-0.4536113991765963,0.9501611456841957,0.2631868795200308
-1.7918357127027338,0.05863934419533272,0.9712386966842502,0.9550109366396483,0.8551460381134316,-1.4941448102922879,1.122844609163974,0.36875403891374464
-1.7447506674536242,-1.5117257520981158,0.051563127430061605,0.9550109366396483,0.32033225554511935,0.1997809239835084,1.7350800421181716,-1.6125103715085822
1.2647052381889115,1.2549184565202134,0.8993214193130495,-1.0471084273847717,0.44839727723387224,0.43953405565097026,1.8861163909398324,-1.657268721653619
1.1549506766047997,-0.5733962491223268,0.23107378023578942,-1.0471084273847717,0.06249097309340256,0.6195446310552865,1.6228809577282666,-1.403965615756433
-1.367668161231812,1.3932435857607546,-0.9095371296763692,0.9550109366396483,0.2666764767715548,1.0124530656235124,0.5566122238236909,-0.7284692480103967
1.25684034836828,1.6096297791569079,1.2343352433207624,-1.0471084273847717,0.9337907765745072,1.6037976597678814,0.6749019450787608,-0.47973418132074247
0.6944693510254479,-0.19174454464064067,1.133196544666505,-1.0471084273847717,1.5015430457803873,0.19557346321335423,1.1612105533093149,-0.2703603046196338
-0.2658151085399201,-1.3270697759374799,0.19395139689454854,0.9550109366396483,0.3909744484710476,1.1697253104875538,0.8440721324510477,-0.34306280276155976
-1.0673560233583321,0.7994185204652384,-0.5620402205725568,0.9550109366396483,0.981451567561244,0.9645213648649701,0.48748351401992757,0.020610596841065913
1.108841306444211,0.30640520918994696,-0.920238358913722,-1.0471084273847717,0.513979037594948,0.5397863753750233,0.48267217977873295,0.031973938262137847
0.04644170529626867,0.7366436011920507,0.2568876515635123,0.9550109366396483,0.13848893158078182,-0.2753198649243546,0.0432061181806509,-0.5988325527264154
1.6585441168991384,0.5260601916700287,0.29422070617382423,-1.0471084273847717,0.44723216639705504,-0.2526850463327753,-0.33400224636754805,-1.474127109744312
0.298397044450235,0.12970472769291558,1.4509405563448736,-1.0471084273847717,1.0738221704703281,-2.4053780813266625,0.2311473125791444,-0.1648971392139324
1.2896366413071123,1.150891712615153,0.5427555402876746,-1.0471084273847717,1.2249983397072515,-1.9948947966059563,0.7278698437817017,-0.42021921447296845
1.6984217541324504,-0.4887442413302593,0.6048103221339585,-1.0471084273847717,0.8829874820222202,-1.177387810761831,1.4135405060833788,-1.7451690792710561
-0.17617438622084833,-1.2523631817487866,1.3306111602424011,0.9550109366396483,0.027472942799564255,-0.08876597735210749,1.8962927739119464,-1.6345067352756815
-0.08898787251354835,0.8845463256221315,0.15695047171805748,0.9550109366396483,0.18166552893659518,0.13324339381181052,1.8345752866321758,-1.4926714473757612
-1.1451569546456817,-1.3717364122524085,-1.2003830817770178,0.9550109366396483,-0.46413655481048244,0.8281227543835769,0.6425249229164139,-0.10674127682183149
1.5379431477909709,-0.37996304513676205,-0.743791540522515,-1.0471084273847717,-1.122590067351319,-0.17239182118368074,0.06408595244670022,0.20370914784613445
0.9597806752599802,-0.33391480271405427,-1.6619111294878843,-1.0471084273847717,-1.0559946002207345,-0.1577412235819157,-0.9550450551741496,0.8232479033137713
0.5017243073367322,0.8619420605128914,-0.7900715330968844,-1.0471084273847717,-0.14658650235837964,0.014612230835696707,-1.9085161967476254,-1.0551491897738003
1.3583292265855524,1.3244267591824657,0.8892202163451765,-1.0471084273847717,0.04261552030843987,0.45569983091509686,-1.579283506000319,0.0019522301985708296
-0.930509141911251,1.4140274673750939,0.2466356078961653,0.9550109366396483,1.2408324003629565,-0.25808625731612084,-0.9286955768140135,0.1094115652432587
0.7092539257671631,1.5841121164173353,-1.1308031761505133,-1.0471084273847717,2.0856233137208426,-0.6256081302020968,-1.1026982351010954,0.27809955491300065
0.21245205297493536,0.6053122149476455,0.9152481469749241,-1.0471084273847717,2.4896050276757196,-1.9529564191839066,0.05600740486261671,-0.056417366539854075
1.55840445098617,-1.2602659540614183,1.1815104064183157,-1.0471084273847717,1.576797777698044,0.8141904853953833,0.9424419895741791,-0.10887629974728716
-0.911403065230566,-0.8474789992390986,-1.353385862125643,0.9550109366396483,0.6426144606337469,1.254444666346842,-0.06584660751538503,0.7254123049046078
0.00025186573748041445,0.1769874435400997,1.1977878421669277,0.9550109366396483,0.11053697599770812,0.6867551894063909,0.36179691005030906,1.188184861861934
-1.7100418897276846,1.6706299214472078,-0.6993076061835116,0.9550109366396483,0.14775014225712693,0.7926507285126808,0.5557998011817973,0.833554347693085
0.1822463711057424,-0.6374288538794503,1.0430467948946942,-1.0471084273847717,-0.38677948428276915,0.7549281336944783,0.6132588086544054,0.9030659059235144
-1.342669568300171,-0.36157176715749223,-0.736909558748959,0.9550109366396483,-0.00023181144154313428,0.2156941017083703,-0.24927384649031453,0.6960419144046576
1.3842440789346295,-0.6728143257003002,-1.167109768637154,-1.0471084273847717,0.07489521627029076,0.09221626449424487,-0.1655230430041735,0.5206354173687019
0.9611028744418998,-1.694818653301252,0.11285390623567904,-1.0471084273847717,-0.7302087905072573,1.0203893476224204,-0.6533155834314721,-0.3122747833279952
1.3564859209152889,1.6767084116759141,0.5038045953231854,-1.0471084273847717,-0.7275943012999896,1.0293314837219434,-0.11238941479034396,-0.22431508780199497
0.5354871601183129,0.518499328606066,-1.0419521535667444,-1.0471084273847717,-0.23040476182972788,1.1648187742834726,-1.0498169393384345,-0.8218035436249413
1.0943263940723265,-0.06115527957785686,-0.04833890781037198,-1.0471084273847717,-0.10118917787552052,1.1360667619356077,-0.7402316125630205,-0.8180807873722518
1.4381914407451861,-0.24620679135877846,-0.19692186638523465,-1.0471084273847717,0.0823038857486642,0.9953094822985225,-0.3040295491396104,-1.4263902795769363
1.6959019730140998,-1.262152397535386,-1.6076466876071784,-1.0471084273847717,0.268402935592749,0.46688614454585975,-1.0775765160864166,-0.4470083810271942
-0.32415409816144153,1.6752708393783833,0.9249959571819655,0.9550109366396483,0.2677846048699638,0.46502209626679886,-0.8882064562119655,0.039331447141501295
-0.659522113677235,0.8893181653517279,-0.2349699657528892,0.9550109366396483,0.427281751372645,0.6296021032349154,-0.5253826211040502,-0.21510369326418316
-0.6260563631993539,1.1862115930852846,-0.17914288259791025,0.9550109366396483,0.9638010355000729,0.8619092876633645,-0.5841928408293974,-0.2325270246885884
-0.6340463300723596,1.0768583844769513,-1.3594854867332156,0.9550109366396483,1.5328797857460017,0.6924295757737647,-1.1068881340604437,0.21187827077500507
0.6036048574682326,-1.6796631177983499,0.07612088030912216,-1.0471084273847717,1.3532994572474857,1.3470649419843488,-0.34985654693620083,-0.5261101082455155
-1.0404655901172835,-0.32729037043053427,-0.42270036071792766,0.9550109366396483,0.4919548678933134,1.0004887006004801,-0.9557885662610734,-1.4931932274972253
-0.6861088982204777,-0.6682706049445031,-1.5863411260702012,0.9550109366396483,-0.17799751766272784,0.9576935571789187,-1.5633728158822757,-0.822637092085212
0.6069095496966128,-0.10163113875527463,-0.6319930150374096,-1.0471084273847717,-0.7319263382034062,0.16591441045825567,-1.7669768411779678,-1.016490717255167
-0.6430636273993979,-1.2190785791218424,0.2694942292536495,0.9550109366396483,-1.71945814068088,-1.0904145009158634,-1.034578187536699,-0.8547667162815733
-1.7612509849822493,-0.3155546187242274,1.3730224666288715,0.9550109366396483,-1.1327257755405133,-1.8500081123883938,-0.4514837718088929,0.5051355449969768
-0.26431785278720316,1.1117237120673737,-0.14791913061994638,0.9550109366396483,-0.513774910072436,-0.30567869297437694,-0.3279405496345559,0.4793810604471489
-1.248279050957457,-0.0057518941923608,-1.023082980445874,0.9550109366396483,-0.22881138233751322,-0.42160431473536464,-0.07469644631076587,-0.13813292259135998
-0.5357273860738381,1.5966515441373363,-0.14964287245880759,0.9550109366396483,0.5016564769910006,0.6461658408547988,0.14217095328986235,-0.33718244812809545
-1.5776476009499745,0.4666848087899097,-1.3232555136863595,0.9550109366396483,1.2267395186462922,-0.5897866046203241,-0.5739384959981775,0.3152313016515726
0.18441760583188932,0.18893460313272656,0.4956985317289651,-1.0471084273847717,1.4437311688917533,-1.01824491233956,-0.9683883853503483,-0.8264510966781294
-0.9446908784262203,-1.4773607550650871,-0.8211996451697732,0.9550109366396483,0.33011032862876216,0.5527861761952462,-1.2710991788242003,-0.8368059284101822
-0.053365139726442946,1.6170374987973726,-1.106812136566079,0.9550109366396483,1.0281069024495582,1.1566333759322363,-1.3087442892028809,-0.786103404390065
-0.19889958959874268,0.7378654831378241,-0.30528236490882826,0.9550109366396483,0.6587245717465195,0.6569699342616311,-1.3787207005756579,-0.8570436334935072
1.543096681466502,0.0609998484503541,0.45309576124266737,-1.0471084273847717,0.4842307565965789,0.6576880820475053,-0.5800629460413682,-0.8582548051683418
-1.1190897699781728,-1.4786376592967059,0.7770141362479623,0.9550109366396483,-0.2330278912615539,1.5047268555712459,-0.45358183152781434,-0.5693566940487814
-1.6858203097648707,-0.16940544340994343,-0.7588073138417001,0.9550109366396483,0.32955178185551004,0.7103724300050326,-0.4255298803501812,-0.6116021630100116
1.495340070697931,1.2368330000831977,-0.44800677552786705,-1.0471084273847717,0.16601766054551853,0.2975681554635211,-0.12932719918682148,-1.1573158046511203
1.0625076191748477,-0.6656292012016167,-0.21536436946721266,-1.0471084273847717,-0.43765554885339497,0.17418997177039533,-0.08889955103795277,-1.1844943437742046
0.2749288963878101,-0.11172202490110114,-0.2134778121235678,-1.0471084273847717,-0.5119469364752446,0.1436089512496453,-0.3885948651631636,-1.4094454933192355
0.5395586846375868,1.0306369506435378,1.5314734856331356,-1.0471084273847717,0.5673459699733271,-0.44793777486808595,-0.04938560043513956,-0.24257004794626236
-0.2889491068489,-0.9284061644597343,1.5449030406705762,0.9550109366396483,0.24088345727213725,0.11087992975997465,0.9863758307635799,0.1617123262800698
0.7349568992094853,0.6819998955950071,-0.13629447006533874,-1.0471084273847717,0.0022378217706484605,-0.3844571051824935,1.1265234769274037,-0.05995259286393138
-0.937951997129828,-0.004649986089128897,0.2531808859890326,0.9550109366396483,0.2865391793641234,-0.6838417931576213,1.337184119842938,-0.30777629070911844
0.5350731332873437,0.9657299751260527,-0.8716879054288456,-1.0471084273847717,0.7499744271689963,-0.4559482327824029,1.0412490744775456,0.35516255179292877
0.6956136421952549,0.6861212359704612,-0.41323780679045286,-1.0471084273847717,0.6017908184345322,-0.6687780293529867,0.166895687315114,-0.16235826532243805
-0.32659130083681176,-0.8167414515094101,0.46583134412203037,0.9550109366396483,0.6498202099210105,-0.8266430928524491,-0.3182611565537294,-1.5681170832272187
-1.1011880520636526,-1.671057230135972,-0.19064492935467484,0.9550109366396483,-0.36228020117356774,0.4928420429758455,-0.34269743578890716,-1.5664818730520877
0.36947094458000806,-0.6330613988692669,-0.7839747484817808,-1.0471084273847717,-0.6325734474600241,0.5384371762648102,-0.8090085769578405,-1.5481836290588187
-1.7422888102948975,-1.6090283921201263,-1.121881946194228,0.9550109366396483,-1.7400323244516032,0.01919214879572489,-0.9214972573307707,-1.303731478598874
0.2943915894972998,1.0057750285836755,-0.6195355212591116,-1.0471084273847717,-1.6025423624043473,0.47846032599146837,-1.0142498968162679,-1.2768860234787436
1.188874144614972,-1.3153175939883412,0.3785169634822137,-1.0471084273847717,-1.8169906702022802,0.5896202079553057,-1.0535069447687533,-1.3943754753571496
0.5390377729285486,-0.6855831204078935,-0.4662496993260956,-1.0471084273847717,-1.3931170886082886,0.22813440060580426,-1.1774204352089315,-1.4677447948543185
1.3412646461798934,0.178025796000863,-1.0651043451630469,-1.0471084273847717,-1.04425106475152,0.4651444035877406,-1.3038179195283315,-1.3034459760643613
1.0129209583724978,-1.0771725759209203,1.6987244317473102,-1.0471084273847717,-0.8154884544723339,0.036346148618556263,-0.03565706191761937,0.4680076959499165
-0.25631791544890326,0.09938255916899301,-1.0856469345548956,0.9550109366396483,-1.205347323972855,-0.9846888880290617,-0.24522343539320643,0.7644894849263293
-0.9145494386038667,-1.6891956581943584,-1.197570167014498,0.9550109366396483,-1.3661603099153892,-0.5692790275675277,-0.9538412782481822,0.9370704342929487
1.5650085402131635,-0.03759493951901258,0.7932407032167583,-1.0471084273847717,-1.0874466751759304,-0.4193346518874099,-0.38756714601465053,1.3505918625388067
-1.0988518499090119,0.09290798160152054,-1.6017519303509418,0.9550109366396483,-1.1240576753947567,-0.4797426178141421,-0.6288469882460459,1.7407846685199084
-1.587294117923858,-0.2086543322018634,-1.4027509323225829,0.9550109366396483,-0.750489323866476,-0.6858875592613092,-2.0232881581719893,0.013264571486390079
0.483096947632696,-1.4723473208039772,0.33239374670067645,-1.0471084273847717,-1.4265241044313999,-0.3672467985517172,-1.3857289083129787,0.48913223106538545
-0.2086547636230693,0.5248817093623432,-0.6002441718703748,0.9550109366396483,-0.4742018724740222,-0.7184873763538131,-1.1171677038148289,0.3152259104465033
-1.1210398157724857,-1.2694541706095026,1.6220734993512362,0.9550109366396483,-1.0040509868723917,-0.2928220063311066,-0.7445197094750907,1.3420758145597522
1.6863718845720947,1.7282569018143457,0.8521222686886428,-1.0471084273847717,-0.3006522906268415,1.341794220053061,0.35875625028285907,0.8281998037420385
-0.48447812370752785,-0.43698153319722216,1.5275436611432045,0.9550109366396483,-0.3988607240152514,1.3667432654592442,1.6762335607516752,-0.16165683006651993
-0.4116406550206504,0.38789468189792503,-1.1093850611007194,0.9550109366396483,0.40126931748772154,0.6231128523393725,1.0280015126057958,1.038811324820467
-1.2340204277062765,-0.8270979884419559,0.4405524150312161,0.9550109366396483,-0.1802461897119509,0.8377843248624212,1.4959496469380604,0.5219595093338782
-1.3084672529583055,-0.14837033711771594,-0.5643176241339655,0.9550109366396483,0.3019560468342802,0.15158503864807557,0.5129356170772394,0.373642967662949
0.20451443756397658,-1.1276220810669864,-0.5427420403943389,-1.0471084273847717,-0.9264188451321225,-1.2983281298133436,-0.11420340249350622,0.2955626538685214
-0.26517700993695126,0.8429352059622343,1.3088548333946373,0.9550109366396483,-0.37589916428599685,-0.47035351955113575,-0.21252715780951828,7.314091386389742e-05
-0.329533027682506,0.28855112387452253,-1.5285257278929834,0.9550109366396483,-0.41862896239230146,-0.528064326200355,-0.40097521338213477,0.4412431688581054
0.6243428084790823,1.6524736904969979,0.7632021431087445,-1.0471084273847717,0.647888075443313,0.3411300405696793,-0.25591003907544213,0.6386114857519614
-0.3765772171739084,-0.03386387515844755,-1.6241527173996648,0.9550109366396483,0.6971397642164726,0.30094398700679664,-0.732417995418727,1.3238651493482358
-1.7735498575335873,-0.4825245360974988,-0.24777250372815451,0.9550109366396483,0.9746100743590261,-0.44645384719023024,-0.5997979944455255,1.3035691286587665
-1.0190516383663815,0.030672390408587054,0.8286824210231604,0.9550109366396483,0.6252383907951155,-0.5042338378943161,-0.8156862740141257,0.8221145829759496
0.7829132130494514,-0.9749062327439968,1.6508913238241028,-1.0471084273847717,0.08179824391095152,0.13942994828373007,0.6137979271632851,1.0704729591457713
0.09331114102951135,1.119888294740794,-1.193353578932477,0.9550109366396483,-0.1472781742063402,-0.6229914945984233,-0.2658807837094227,1.46903399599292
-0.1091573249957357,-1.5395409982588553,0.9632089467216136,0.9550109366396483,-0.7949022452931088,0.2375641868829726,0.8974119084512339,0.5752045569280373
-0.6581479701539483,-0.20553547760051114,0.04307370026188006,0.9550109366396483,-0.6757633017851339,0.2369622521614073,1.0281780353271142,0.4476282685079865
0.515660980085919,-1.4235260116759785,0.19766167121574538,-1.0471084273847717,-1.3012452692514584,0.5314253605639885,0.7444674752489158,0.38483745452728857
1.6804395646909944,0.22622366158371368,-1.376827997719317,-1.0471084273847717,-0.7846135026302304,0.6388658046643694,-0.6168125535565101,0.09694569508492638
1.0591425581340244,1.6873675828132257,-1.5944848668441947,-1.0471084273847717,-0.54052847194176,1.3534689034465477,-0.7971634887564306,0.47571395097964325
-1.7145932184753068,1.6230281112399783,0.35696730181609937,0.9550109366396483,0.8197604308805369,1.3025749918378522,-1.0697332206889578,-0.10926561857038268
-1.4969027422365198,-1.7166424710742827,1.628713718818869,0.9550109366396483,0.16980085591798913,2.411561867787272,-0.35682034439368504,1.35658718122316
1.2420559577621926,-0.33756109187407307,-0.6085325816515084,-1.0471084273847717,0.6368976933670022,1.7243200350685974,-0.7192899194157394,1.3385461455432497
-1.0103487531564483,0.8149879063154667,1.4052131776975867,0.9550109366396483,0.890137841094262,1.7854275536482243,0.5315318012313608,1.4417645215748534
1.4030791516098817,0.03426371212224829,1.7058515855882213,-1.0471084273847717,0.1791023592894498,1.110080401133731,2.0153820607542925,0.13858565992726948
-0.9518029488901275,-0.48088162980234567,0.39476409283343517,0.9550109366396483,-0.7258344102134746,-0.10612146915321093,2.0323757154826985,0.1204780942926551
-0.9891921926790994,0.09415086208561915,-1.6545822565105817,0.9550109366396483,0.05302669641143585,-1.6086296495972592,0.5561869525180936,1.591599108481685
0.09100737974081166,1.549582065821193,0.6417556940318622,0.9550109366396483,0.8647275024870058,-0.5765475172896557,1.1183237555655208,1.2927286853916928
0.08159409289159603,1.4283867185625028,-1.4038425114739221,0.9550109366396483,1.128563506828504,-0.14798791685635507,-0.14464384591021673,1.6966572714017583
-1.6581706933120677,-0.2361467914770638,-0.7004521118819513,0.9550109366396483,1.0122541410828096,0.009019991687653921,-1.2265318344365104,0.2629919286995006
0.6615349627517731,1.409527619871141,1.1213353382500608,-1.0471084273847717,1.8253597634706065,-0.3614250614176289,-0.8998612217240506,0.980384170980563
-1.3276644267495965,-0.20848193513282615,-1.1648298220391342,0.9550109366396483,1.69519089713663,-0.09183317724957026,-0.6796657090947741,0.5791671434545166
0.41261973740911656,1.669356867612336,-0.29235730890197137,-1.0471084273847717,1.7467086120301551,0.0014091005628729695,-1.099648290205722,0.12220434210491603
-1.3321978863585375,-1.21766453794988,-0.32890612321159485,0.9550109366396483,0.6085851320650993,0.9748771600048519,-0.6163507047373926,-0.3911514927727979
0.31225903370454045,1.2000862958550957,-1.4500368890188722,-1.0471084273847717,1.226339831779393,1.0329295760680723,-0.9533683337337612,0.14304800391595612
0.44865710318464924,-1.6737373655132948,0.2207379016646521,-1.0471084273847717,-0.09983866388789865,1.8460858599389034,-1.3582821233620965,-1.0065827067874
-0.6651988075387651,-0.7315498032181892,0.24826672123596472,0.9550109366396483,-0.3248213889269702,1.9647295065917574,-0.7229457863882361,-1.0000559344474156
-0.40258485205999045,-0.005347575945054114,1.6881491970979292,0.9550109366396483,-1.045147741080366,0.6390141484975658,0.16750133476781148,0.6229535617369739
-1.6666495173936793,1.3360600856822482,0.8669024312752779,0.9550109366396483,0.053264070998999886,1.192984126088551,0.7051437416828171,0.6931607546249332
0.38374514751474825,1.3643061874168627,-0.7731510615697186,-1.0471084273847717,0.1238985736390214,1.3343526464608264,1.0094755045815824,-0.19994971937604464
-1.5849253237630496,-1.5539162060753395,0.43083942028300115,0.9550109366396483,0.17543622795215794,1.1943882828197616,1.1039383563003016,-0.23071728508128012
-1.5995458884751002,0.09038992516056191,0.22222450131568636,0.9550109366396483,0.5289701595725707,0.9047495949073604,1.092229624374261,-0.22402157635682501
0.9171402196988114,-0.032352578648013955,-1.4858991808191249,-1.0471084273847717,0.5173547278695328,0.910071399821468,-0.33484079017069523,-0.011470677930804345
1.443438861771491,0.5611058630697761,-0.5027063309728225,-1.0471084273847717,0.18403027148094778,0.42650022691572226,-0.9506247705612058,-0.682310380269511
0.26528813445057875,0.5046069641976574,-1.6904569190572882,-1.0471084273847717,-0.18574482990659363,-0.32538456780846675,-1.3630507623692967,0.006969626350582
-1.2749704580650265,-0.17723074082108364,-1.0458804610870516,0.9550109366396483,0.4063971585285244,-2.2431181103939672,-2.026992518246533,-0.6808155051843452
0.782142469739105,-0.35140640067855605,-0.5648097162039668,-1.0471084273847717,0.21637106944114598,-1.9457672231713217,-2.3808476311272946,-1.5654052500505133
-0.8484629610579386,0.38194876696127983,-1.1136542819930169,0.9550109366396483,0.39457097696695315,-1.9165454836179765,-2.2134841826758165,-1.7518348992197985
-0.7506608277593508,-1.3376149474127867,1.5284181518818194,0.9550109366396483,-0.4221096262488558,-0.7803967949106014,-1.3002789278643097,1.0204252267879255
-0.26172912777729157,1.5282625503138967,-0.9725447889505466,0.9550109366396483,0.018186628439675268,0.3677990325736825,-0.9775015032207055,0.5631970828458379
-0.5519786330241261,0.30246076936872135,-0.8353040947621545,0.9550109366396483,0.22451225026700639,0.3702066346258909,-0.8828251572407965,0.47162868830378424
-1.613074349566751,-1.4114933224244008,0.7745559936022082,0.9550109366396483,-0.23145390438453203,1.0998385711538983,-0.2806386272501223,0.8574276346387663
0.09829384633530047,-1.361719335071421,-1.3707284165686986,0.9550109366396483,-0.9814430073186875,1.3537640450430801,-0.396220637389001,1.0657946717238564
0.020283985504348546,0.9088415713154773,0.3578621996187647,0.9550109366396483,-0.015193806970581524,1.3796751813886905,-0.9225093290378472,-0.14184461745758478
-1.443734164502796,-1.7067423066953502,0.593816559186635,0.9550109366396483,-1.406638880644643,0.81911114522441,-0.21826425389496823,-0.04564967962414277
0.9953797434257764,1.711437242120015,0.9658720468516475,-1.0471084273847717,-0.8006078363064497,2.2270380597053996,0.591554903545887,-0.07836304198102789
1.0909337488757986,0.7200696905358654,-0.08165339239107425,-1.0471084273847717,0.11622319941305256,1.9928169841004104,0.20659823687763532,-0.22020999351149104
-0.5366306538180013,-1.3083137572028891,1.519204141959486,0.9550109366396483,0.1391940855527982,1.9479003806709483,1.505928544190789,-1.292420997783019
-1.0077118293154304,0.8440854060505653,0.20794355773963275,0.9550109366396483,0.11134106797458294,1.9157332809311007,1.4385242601531045,-1.2101767714087666
1.1923891245202574,1.3356657615160967,-1.0529105795717848,-1.0471084273847717,1.419946125999984,0.7935782705757312,0.6981462631130663,0.09627299342732333
1.1416649850341558,-1.5438493928027466,0.36328850377886995,-1.0471084273847717,0.019777424012980334,1.3831463947859663,0.42722123481366936,-0.1405502578182668
1.6964526311420127,0.36746448838946066,-0.28565239731911835,-1.0471084273847717,-0.1318856470378769,1.2453003889950887,0.33550210836466693,-0.07008780515407229
0.5277577882659145,-0.8752127173616762,-1.1677933730924885,-1.0471084273847717,0.054400412775741896,0.9091686953925654,-0.8725874356903852,-0.9431063736952816
0.23785165818036463,-1.0495200817266188,-1.0251119277208098,-1.0471084273847717,-0.7600799802724589,0.8215670284711948,-1.426976277094162,-1.1108609017629272
-1.008581955307462,-1.2698860382211934,-0.9394586779099107,0.9550109366396483,-1.8807837739906512,-0.7651904851600361,-1.3759676492919055,-1.1703065746233967
0.9119698972179082,-1.0148052586170813,0.4228888931536439,-1.0471084273847717,-1.6532305285376099,-1.0800802634540616,-1.349170971281624,-1.0873562574008724
-0.6881927542049011,1.721349196988771,-1.0342657344703974,0.9550109366396483,-1.0708956352772725,1.077474359216298,-1.6857518352706724,-1.1016886010215574
-1.372210517891129,1.5304564704855617,-1.331294510323257,0.9550109366396483,-0.03616564621192683,1.9994004931096245,-1.7592628873736675,-0.9948599191757294
-1.1094461464881327,0.02286363956646393,-1.443724483870406,0.9550109366396483,0.4250896260478556,1.5958457176796865,-1.9474735013625317,-0.7771374639581203
0.6608284274284962,0.39711742738153655,1.3757759427391452,-1.0471084273847717,1.142103622173636,0.6395039095830211,-0.9065306937967837,1.023681878074871
0.02028292965149836,0.7121459612299758,-0.23927219944514935,0.9550109366396483,1.8849024350178067,-0.7962572566518445,-1.204242131179039,0.74368668584018
-0.6901225301789773,-0.34899473284345073,-1.0893414058349709,0.9550109366396483,0.9944030418764611,-0.8386663417836947,-1.229004469936195,0.7660346945741685
0.0229152628742279,0.6854020526508617,1.0976114285665095,0.9550109366396483,0.6309269858405937,-1.7881100275174564,-0.1369543836117981,1.102883643918542
1.476870287984623,-0.28408021772732805,0.8427171656601135,-1.0471084273847717,0.49890383997094107,-1.5635923114148143,0.891042938461043,0.252902686814882
0.9654510909480883,1.182510873241166,0.8243707636097859,-1.0471084273847717,0.8367184305022225,-0.9937675385298383,0.6431279970767009,-0.13552795054693947
1.0946340506470542,-1.0085963933230273,-1.4697989255131183,-1.0471084273847717,0.09659018398125083,-0.26238250366730564,0.0898761004465494,0.9288925088440105
1.3117037689629443,-1.1220924094734868,-0.893793969824691,-1.0471084273847717,-0.23593573210353447,0.25468923296807106,0.17779535287884085,0.7723863818142978
0.8820470263860682,-0.25235718778828564,-1.376068769310365,-1.0471084273847717,-0.6392861235486049,-0.11140264565020498,-0.9343854979223111,0.7185578915346582
0.9934643161939076,0.0929126196927254,-0.5733187231445411,-1.0471084273847717,-0.47713340674449367,-0.05139086279109025,-1.5710433815595857,-0.13504310749756393
-1.1913737083406497,1.3680895503687238,1.374393729912468,0.9550109366396483,-0.39731203166723444,0.20348342583243054,-1.3237498910155276,0.702819660739135
1.710745536615415,0.7097962221325411,0.48071488758499603,-1.0471084273847717,0.3418055415978798,-0.013800218286160779,-0.44678765716946967,0.5433434421954398
-0.0935999112034906,-1.6265411730830472,-1.5603900506744557,0.9550109366396483,0.1248312933136264,0.6374653191236783,-0.7464930907887866,1.0383143773889294
0.6381905868268092,-1.5734421479499372,1.5136043656835798,-1.0471084273847717,-0.4433957236378277,1.444977927775146,0.552720578210621,1.2659426654625077
0.5479613180795235,0.8639805589296197,-1.5543060520611516,-1.0471084273847717,-0.11174284120256588,1.748295105079115,0.11166303041764132,2.030729168882046
-1.774146388316796,-0.930438678725109,1.7216613641467808,0.9550109366396483,-1.100389202627251,0.9659762169763735,0.26779655698664284,2.3267523576273144
1.0338714790648005,-0.931492123677568,-0.46061693922153063,-1.0471084273847717,-1.8063425733951266,0.21528500557918356,-0.15543164887539498,2.335341842208727
-1.1316548143051666,0.6114598644173671,1.644867448712461,0.9550109366396483,-0.8437302571384104,0.42567598146440105,1.2856705662632282,1.939623015374563
0.9986812260530789,0.015368909600884977,1.0554400037655316,-1.0471084273847717,-0.16034849521061162,-0.3943030610325866,1.0796772328153053,1.7242457371882036
1.2068924139958506,0.5548398716477178,1.5911486901793122,-1.0471084273847717,-0.29331654484386516,-0.6777752469032636,2.4938917842290524,-0.16735367658661301
0.2076873599953039,-1.5836334019906038,0.5506911431721078,-1.0471084273847717,-0.5742696252908377,0.04381314069860641,1.9674168349837151,-0.33765609210612046
0.37652858753248886,1.5198476768956797,-0.7300932943528532,-1.0471084273847717,0.48010427526712846,0.7063363384775246,1.846258715119238,0.04630915473977997
-0.8482152895910647,-0.9018312927846924,0.39344642243691175,0.9550109366396483,-0.17079475542861197,0.9577770052152166,1.2836126208875909,-0.35181105156530273
1.238953677953423,1.3599553288297757,-0.4196595287133654,-1.0471084273847717,0.40754074385553746,1.5489655597721717,0.6203993831954887,-0.19051609875604622
-1.043577923412035,-0.3515679976921509,-0.12215525893294567,0.9550109366396483,0.017675250516416444,1.5475181221921643,-0.14991193087013394,-1.5434795929916985
1.6597253852704172,-1.2218553400144305,0.7981336311998439,-1.0471084273847717,0.1732837656039262,1.1922127614440938,-0.038660364440793654,-1.2643694510344543
1.5928870186252153,-1.0002977663240011,-0.06209461775511381,-1.0471084273847717,-0.9106849197327747,0.35041700478736787,0.2616756842975041,-1.7607851056003296
-0.25190814069926426,-0.043678232357385965,-1.6766075899558677,0.9550109366396483,-0.5415748561720625,0.2489043321937052,-0.6690325109992636,-0.24676873992396156
0.9122914805130145,-0.4949950588322911,-0.7207726845205036,-1.0471084273847717,-1.3394288603877966,-1.6907109301034293,-0.8044147184893158,-0.17300708760774397
-0.08333007809872153,-1.7350733182365263,-0.02181413220738583,0.9550109366396483,-1.9345042150668772,-1.0693712314941848,-0.7593007705393094,-0.14571292796155472
-0.38514781104657103,0.7531919765886667,1.396807745580122,0.9550109366396483,-1.0849939421514823,-0.02607112056621693,-0.49013344387535274,0.5859990616968562
0.6487236311682198,-0.013729120249260034,-1.28695922854558,-1.0471084273847717,-0.6606495769652435,-0.12328662940122144,-1.0408396208962885,0.9059276607329696
-1.1255613486081306,-1.2683389581142301,-0.4871959177184734,0.9550109366396483,-1.1874024596029067,0.13972533152870736,-0.5060732890490331,0.18720236996976802
0.6036567310291411,-1.2833713407461151,1.030054847367851,-1.0471084273847717,-1.5265000319894335,0.321113037457521,0.2811088437476619,0.494215373000329
1.182956995168015,-0.27087436559835815,0.1607310666348749,-1.0471084273847717,-0.8967166129281642,-0.28764347548589997,0.3631822155328683,0.482861262039271
0.2527339434819633,0.3727116734735614,-0.1500242378176084,-1.0471084273847717,-1.060369363634996,-0.718607617114494,-0.33228234484897967,-0.4073356360478753
1.3211840465888223,-1.3224950675476095,-0.03153033955121897,-1.0471084273847717,-1.6232977085538463,-0.6494839903447835,0.2321657075227396,-1.4345372617916112
0.5520128681406231,-0.007036083766811465,0.8433874738968091,-1.0471084273847717,-1.0807842507706107,-0.6633281029283313,0.8304036567203384,-1.5650823876878026
-1.7408655286359285,-0.2454318030442847,-1.4117582006112175,0.9550109366396483,-0.6343441617001,-1.1542470243180771,-0.26744954011957406,-0.5223867704655885
-1.1427599749613662,0.7910393708186548,0.7999095809365342,0.9550109366396483,-0.17759225482033694,-0.5520292124278726,0.019928797815934096,-0.16453037202238496
1.3493850273775683,0.014921547341256895,-1.6617593922875291,-1.0471084273847717,-0.33148547304452003,-0.6812319156922703,-0.6597560263288447,0.8330686211036116
1.4579771338233134,0.06840183653346744,-0.5803154248405845,-1.0471084273847717,0.2667691604775316,-2.0142222825310805,-0.9064929584464112,0.8157223840142612
0.6000195265771643,1.6833033153880907,1.5391008378756272,-1.0471084273847717,0.9938204428566523,-0.6005551647403073,-0.5936962267881284,1.5638088695022638
1.6096803762978606,-1.1016584868798684,-1.6814258910810203,-1.0471084273847717,0.6255389552446864,0.2935814662596285,-0.7149403721217529,1.7806569899302291
-0.16911134106963774,0.9564315328697897,1.2033495477361917,0.9550109366396483,0.6966776766013879,0.3745859424157153,-0.5335514416094151,2.094540897965742
0.8671920650022492,-1.5696168843059797,0.3141654147821444,-1.0471084273847717,0.015133662846457735,1.4903278708451178,0.35483572134398944,1.2949041009997349
-0.3963668973737853,-1.1778623885242616,0.6223853551897892,0.9550109366396483,-0.5209113488621112,1.8388412334125903,0.8955769125219963,1.0755478185790897
1.1892514885421637,-0.16453632009123087,0.12612079303912724,-1.0471084273847717,-1.3157068658321873,0.24222078092104518,0.26029295391647567,0.44515495676808625
0.8540183390693301,0.7666150329716096,-1.182212623255603,-1.0471084273847717,-0.5121222962942087,0.6460514341912222,0.4847421116604027,-0.2932205511437545
-0.901295170895738,1.0055821381643195,1.3863031131918082,0.9550109366396483,-0.49098156525110576,0.693450080012998,0.5669990874247602,-0.09907906095957394
-0.960270290039812,-1.3990503756428343,-1.4510249263421968,0.9550109366396483,-0.41761724627678054,0.5181594934740034,-0.22664064704966425,0.8707863700374506
-0.5044501402217173,0.6960913223578254,0.32060741420300104,0.9550109366396483,0.3884104954282912,0.13737004405295028,-0.3623217457817382,0.731159101655907
-0.9596023779627979,1.6055429627315738,-1.1010019240105613,0.9550109366396483,1.149759614506067,0.6817713521320306,-0.9140431803702157,0.9232421026252098
-1.4799507160639753,0.9143610793239502,1.4166208834293688,0.9550109366396483,1.2133083624797674,0.7156593815564462,0.25440731821735424,1.4076770711030522
1.44639124347097,-1.72478371372944,0.3378149084544688,-1.0471084273847717,0.03891936404785774,1.933313723440889,-0.2169990117523012,0.7624565940099992
1.4941135379575499,1.3355269494786788,-1.686568129199264,-1.0471084273847717,1.2151198075732648,1.365896482534082,-0.3229005910990744,1.019815480601078
-1.56190926219511,0.8292696593361467,1.3785480763686604,0.9550109366396483,1.2724026708453493,1.3825092607945915,0.15275561812086158,1.6609088957813272
1.4174938942000992,-1.3891257079837815,-0.5322712352215107,-1.0471084273847717,-0.015668646922386585,1.7425408921718728,0.40846020834114377,1.3048485632837379
-0.10018733668832866,1.0013880606867396,1.080843392770009,0.9550109366396483,0.021763527014417212,1.7946651680027779,0.2574927164390255,1.043460803019392
-1.2378289831325817,0.9165047000529098,1.6728094513762808,0.9550109366396483,1.1578384060201774,0.5222468459368347,0.8577139446463035,1.7272925077753563
-0.17536882850438443,0.8375636548911791,-0.4796127563704179,0.9550109366396483,0.9436536972637095,0.2688679541474317,1.4003680252279103,0.327713366937899
-0.9001388167135571,-1.7237375358399833,-0.8354656862293797,0.9550109366396483,-0.15444953342708245,1.4868975589037723,0.4049346978781698,0.5709372118459678
0.010082994644016236,0.7982034203360917,1.699050007228547,0.9550109366396483,0.7863677063090632,0.797105047830614,1.4081495677585767,0.883585077260607
0.6745547230938833,0.22307143964688983,-0.5335946733216395,-1.0471084273847717,0.4515970101359034,0.5980730355023922,0.6822889235844958,1.1121868966891795
1.5464509876029677,-0.8096840016467628,-0.7634480369735862,-1.0471084273847717,-0.29087382727494926,0.5760881969696051,-0.4130664616788092,0.36327657622651927
-0.2996810985605728,-1.2425830310956598,0.5871356068715027,0.9550109366396483,-1.1855895963918126,0.33111122941376325,0.06654974062552353,0.4800140302987346
-1.1898186882834783,0.05653118301138559,-0.21545996752484922,0.9550109366396483,-0.4198577820192407,-0.4630424098951972,0.3453078793381271,0.14748278540345905
-0.19783311169731002,-1.4913126003758588,0.5900694768247601,0.9550109366396483,-1.40462779904564,-0.6641645750995115,-0.15329614833084687,-1.2133208301241547
-0.9333230807598036,-1.0610270397672497,-1.5854769458964806,0.9550109366396483,-1.9569461361949105,-1.280885847733019,-0.6262284707300942,-0.12320435682893048
0.1297017880373717,0.9725509222205153,-0.6710344301388746,-1.0471084273847717,-1.1903686148128767,0.3193263156956399,-0.5846787813388606,-0.16410744008986655
-1.4709072789283262,0.10338455718691239,-0.6433054623196091,0.9550109366396483,-0.611439045052607,0.13836013071696437,-1.1378921661442967,-0.6282030197995735
-0.05628518752894406,0.26511749626797826,-0.9849768209771497,0.9550109366396483,-0.5217215914951996,0.2181862224529725,-1.4838713713434821,-0.6120955843455063
1.3678002676277285,0.7625428503804395,0.8345914289415233,-1.0471084273847717,0.44771004843983614,-0.5653194266129121,-1.373932894664809,-0.25674330764745606
1.3773491538693132,1.542966761819646,-0.7968099459680623,-1.0471084273847717,1.5677437136892989,-1.3471305755304999,-1.0193436734178523,-0.8400247796950445
-0.12611912685426827,-0.6025646330495947,1.432711816413822,0.9550109366396483,0.8902526814581498,-0.5475152088931264,-0.07348725577385783,0.46785700519163176
-1.3996295273536878,-1.0973405918102097,-0.07855238377079364,0.9550109366396483,0.37379500449713327,0.3776143948645386,0.18042897799479482,0.2817812250778771
-1.2168253196207783,-0.708137142575719,-0.7320700248776165,0.9550109366396483,-0.04482272020744994,0.6183717153988748,0.2941373287754616,0.0618211709180717
-0.8722488175845216,1.636282597685395,1.3283256278161777,0.9550109366396483,0.3309915121658104,1.3485918379100312,0.5161230655919433,0.4531530002910807
0.27701359428715655,1.486945121036885,-1.4646965760507902,-1.0471084273847717,0.3068954011762346,1.2961380459328078,0.21583739361152002,1.1206327065212947
-0.7056666526784157,1.573906293352809,-0.01770915365655339,0.9550109366396483,1.2430422950443418,1.4800116090492297,-0.4362802204184698,0.25488190675942535
-1.0530812360856738,0.9704165261580835,0.39252504647266584,0.9550109366396483,2.1324290448408747,0.13072735375392247,-0.22448109714818396,0.37854692635837345
-0.012428129246712065,0.8722421443475082,0.18154108449298056,0.9550109366396483,2.812184121115733,-2.133540787530458,0.18628371464651836,0.1638067541412188
-0.7196137392020822,-1.7241188846510191,-0.132596713761387,0.9550109366396483,1.3668032654941449,1.460970271737506,-0.47055537643918366,-0.8458087367207545
0.062365153575728347,-0.6613491520255794,1.4099069561379205,0.9550109366396483,0.4427757554339258,1.4727584257088773,0.8218829124267917,-1.2601587079534358
0.7549438275164445,1.09043205834336,-0.306153372652996,-1.0471084273847717,0.23482310241251023,1.0798860740888363,0.6921967318253243,-1.0565872887855141
1.405822702219779,0.26014568351611844,0.055353631337321636,-1.0471084273847717,-0.07067964291633588,0.7736376593274129,0.5406025234580062,-1.0332504217997895
0.5857024892249909,-1.0437689948712232,0.2845004356047215,-1.0471084273847717,-0.8947971879005701,0.562946899449572,0.5868936401575978,-1.0358583566510824
1.4592730952747854,0.2714599422446986,0.7083219644646562,-1.0471084273847717,-0.036455871411977744,-0.37855011373002334,0.9649755166292374,-1.1027008998812717
1.0172926920850567,1.7445697382883163,-1.2028788275647708,-1.0471084273847717,0.9983815200476384,0.3502084207270219,-0.20974800598848048,-0.8769295864755555
-1.6566361751073109,-0.3969718777979133,0.36455063055390663,0.9550109366396483,0.35861713916180493,0.310393540698504,0.0918043731600535,-0.831408458923178
1.4467057902306015,0.4301060180872877,0.2910291839596133,-1.0471084273847717,0.4317207296391562,0.3341530063624771,0.19776545772282894,-0.8001486663587583
-1.0349009901497972,0.481892235742459,1.610083384316578,0.9550109366396483,1.0879403946060602,-0.6262004209494291,0.793755179017931,0.19500225304439373
-1.0474182363801585,-1.5854299735152881,0.44307583485156343,0.9550109366396483,0.28925215769628515,1.0068860317185788,0.6744989928876463,0.13562298866076752
0.8764139237074706,0.6422851121202718,-0.6363461400427227,-1.0471084273847717,-0.18486413599180182,-0.06945989078730312,0.9292153490907372,-0.5966364244840673
-1.6114021250535804,-1.6697730837683904,-0.47259457567210733,0.9550109366396483,-0.7323232731787974,0.8239474633771988,0.5528300473432963,-0.2502954186347969
0.9583019325884589,-1.3580070989349158,-0.9073977534508489,-1.0471084273847717,-1.5014291316944846,0.7479101813262911,0.014010400399374496,0.24340962556386772
-0.2893524676502221,-0.16120157738360588,-0.8306467396879729,0.9550109366396483,-1.7780375937330244,0.2565356036056892,-1.0833559075903263,-1.5253684708212831
-0.9976976089256335,1.3283270930994753,-1.635985300168576,0.9550109366396483,-0.5247680947894221,1.1858303201458753,-2.018113757048359,-1.8777215131764233
1.0008275625556444,1.4061028506665871,-1.0625860106111638,-1.0471084273847717,-0.19623367939825057,1.7885734951656675,-2.2097536554883677,-1.9575910858387344
-0.45099717458975674,-1.3326750529044857,-0.782089158457758,0.9550109366396483,-0.051240575794552594,1.4754077273137747,-2.348904200775639,-2.238612511642123
0.3497064042152007,-0.12509976724929905,-0.8369012207395423,-1.0471084273847717,0.4790593491819366,0.7300963457218749,-2.31720855402361,-2.2086092801757102
-0.0541329927460497,-1.3940172407112716,-0.6261167688343823,0.9550109366396483,-0.05120114726485365,1.504786227173555,-2.225250702239245,-2.069266978411746
0.8857250594543731,-0.6679766835710483,-0.8968145203075167,-1.0471084273847717,-0.9098542802227881,0.712195314945238,-1.8929152663414215,-2.9233102983175185
-0.026180888288517914,-1.034034457377319,-0.07154086405793694,0.9550109366396483,-1.9594097481255275,-1.5326917902752755,-1.4473356658652001,-2.285754397189152
-0.920572306913976,0.36581820364951345,-1.4312439941202166,0.9550109366396483,-1.2288513165423374,-0.8903011319258806,-1.739199415289405,-1.7151393598559341
-0.6029797050442632,1.1340227705013421,-0.7298329381036031,0.9550109366396483,-0.6872756683608302,0.3436119905735238,-1.6910608993332763,-1.7194164365566917
-0.9587871600442508,-1.3163611080081452,-0.9794574859387724,0.9550109366396483,-0.6538740977090199,0.2729920602720343,-1.849924918905869,-1.7087312041478924
1.3486927311666166,-1.6826510854991368,1.7504683179428904,-1.0471084273847717,-1.090307352171357,0.9061863675277239,-0.6596913220635461,1.0211148152304184
-0.610379218674155,-0.1737771160752604,1.1803593258435725,0.9550109366396483,-0.7202921922085631,0.7860922348443635,-0.09682979310850387,1.6399797261099727
0.41934507515753605,1.591830586506722,-0.3552267766695431,-1.0471084273847717,-0.19295793281978615,1.7934809555437288,0.3869537393821189,0.9260653381502704
0.87147872645809,0.6576267445932842,-0.13390434560136152,-1.0471084273847717,-0.3978660960738281,1.4771328280051332,0.6548866636116641,0.6192702610114653
0.020072573322870126,0.4803092557127797,1.2562262947758545,0.9550109366396483,0.37492041804809445,0.9570786198619929,1.660062955798362,-0.12633491394038393
-0.4331086106645975,1.423943129725569,-0.39023049987654707,0.9550109366396483,1.7111333165582494,-0.821121978501293,0.6975924494835656,-0.46817548574708545
-1.7482443126386975,1.2685350264985071,-0.9852369245322558,0.9550109366396483,2.3315027485039934,-1.6655099214732838,-0.27607208577122844,-0.47450475336799713
0.589052284038569,-0.15468604468974742,0.574908721447408,-1.0471084273847717,1.5802884319929391,-1.1299270052542796,0.14212218628703743,-0.33678982210200065
0.793960353952926,-0.663573454935151,-0.3557323685620637,-1.0471084273847717,1.012011848114605,-0.18850398641971972,0.042387030740364144,-0.2708996841719354
-0.7876561021962154,0.0751776341116477,-0.19324123775476576,0.9550109366396483,0.8377560358412244,-0.1269402020746451,-0.6093019122855643,-1.4668563828330239
0.4446167055692769,-0.25860808671864766,0.16799193350177696,-1.0471084273847717,0.11405461812835575,-0.7933002037667443,-0.3583218941636367,-1.3754587235625826
-0.94147937638771,-1.3554850541675902,-0.7854364159121618,0.9550109366396483,-1.0145927798975487,-1.3999774811540207,-0.26849043581331195,-1.621987570722758
-0.598892658317291,-0.9076544852572078,-1.2580878288903268,0.9550109366396483,-1.3384606791959264,-1.418877068565225,-1.0926162321146768,-1.4971373898011018
0.0353454863938924,-1.039815265573166,1.0965965783021001,0.9550109366396483,-1.5002903632497753,-1.305013759799092,-0.4396407807394839,-0.2086924741788641
0.5313923195581816,-0.3989202084644867,0.24362467347171715,-1.0471084273847717,-1.7042100284900736,-1.7824700206090984,-0.24322335327618028,-0.13232178421941354
1.390454685757781,-1.2899344093048661,-0.8457144384347824,-1.0471084273847717,-2.147805631694103,-2.051274450326009,-0.6989915710800048,-0.004848770669127941
0.834323707977672,1.7336985626775332,0.7240383564417212,-1.0471084273847717,-0.8190814055092768,0.9954292553829892,-0.02032302774108889,0.17370865543943373
-0.03493182863990546,0.492171277831882,1.4246975958744432,0.9550109366396483,-0.2169862779449025,1.0290922381883585,1.1858727362839936,-0.2823868069730894
-1.3739289285159102,1.6049554772722348,-0.43975948165924156,0.9550109366396483,0.9205864255878251,1.252683640413913,0.4951182113587951,-0.20961118591356886
-0.960779714027268,0.814128551603879,-0.7686906397335971,0.9550109366396483,1.4423447523694446,0.9545785568287929,0.03997542156484751,0.15922481999960214
-1.0802613423432315,-0.38706258513700753,0.5846746548140997,0.9550109366396483,1.8306893167293667,-0.297083935629855,0.6830865885102095,-0.24088536575186834
0.2524606947248567,0.3483172131764167,-0.9830456011506336,-1.0471084273847717,1.234807041700764,-0.8118560423420365,-0.08442818157753133,0.18800622248812374
-1.034965955434551,-1.725683242520167,-1.3535544831576791,0.9550109366396483,0.28086017519663325,1.1374886300050826,-1.3335463026871426,-0.8220620213569929
1.345136435696738,1.7372850884287374,0.6072854323062701,-1.0471084273847717,0.3377779832629718,1.2793611630499797,-0.8627888845533598,-0.16421985566705147
-1.1208702476142096,-0.9173742659435515,-1.5541838076474235,0.9550109366396483,-0.4069785695159071,1.3221175520965827,-1.2159511326639663,0.3427728308702942
1.485205317574049,-0.6919214966299162,0.22642688863060353,-1.0471084273847717,-0.5381049354140433,1.3885307782920682,-1.3770213897382444,0.027182580195731613
0.26522431868304075,-0.3547220226848538,1.0176742764232625,-1.0471084273847717,-0.8404972113388236,1.23548375476995,-0.4774862204125003,0.7563378737371521
-1.6993747930524912,1.068692136677273,-0.37462499314809167,0.9550109366396483,0.3614236596471371,0.7900466409252073,-0.0373538888331556,0.14048101395493123
-0.8736125265781565,-1.4274296559038728,-1.463559670490882,0.9550109366396483,-0.9997881268032631,-0.029701473870388788,-0.968417762927755,0.5087601399863807
0.20785820539493075,0.14016185187825206,-0.35766697320250007,-1.0471084273847717,-0.5449191277081743,-0.06003603271803581,-0.4304569092680886,-0.19000834059377814
-1.1840134246466625,0.4096127109758604,-0.9880048782465303,0.9550109366396483,-0.0711256051619632,-0.05818810562927748,-0.9764724196338248,-0.10729603064177423
-1.456848991515193,0.2512540189750886,-1.54690160663477,0.9550109366396483,0.1895177061163253,-0.10511112350231056,-2.129520493516482,-1.4264583443028849
-0.6604314717339059,1.3504270576047837,-0.17440148338274866,0.9550109366396483,0.31069794699205444,0.18398310633903805,-2.0394988514172567,-1.2279468425407742
-1.0957868501143506,1.046113752482552,1.143667398124838,0.9550109366396483,1.3746220961817943,-1.514976015002415,-0.8672745590881157,0.17899088868722512
0.4696279777822433,0.14024403799026483,0.4990416704297684,-1.0471084273847717,1.374657446193846,-1.5150458602889034,-0.4820934233125933,0.4535760438457876
1.688102381625341,1.364421875470362,-1.1492191310569275,-1.0471084273847717,1.7853413761904695,-1.2821940063331327,-0.5545762790211949,0.5652259480254633
-1.6394910039655235,0.5263263310267282,0.7349129282287685,0.9550109366396483,1.9036558858825,-1.4878864770688862,0.4713406656724298,-0.2352875079493763
0.8295936670880703,1.6638082464831832,1.0177400702527626,-1.0471084273847717,2.038447866334145,-1.1989705954012098,1.0073343679043227,-0.1263835608696083
-1.7199679554516374,0.1376448240931358,0.12651488001905345,0.9550109366396483,1.647695867228324,-0.8708792995001549,0.5500167429533012,-0.4265643899701286
0.6186025750534558,0.7023976573628942,-0.31795436623959217,-1.0471084273847717,1.8894902134189604,-1.1764159600582984,0.1826906237791351,-0.36255276038203926
0.5242468827605377,0.6821545562443284,-0.657823447488686,-1.0471084273847717,1.5960323849990292,-1.396955704494089,0.4036249506577699,-0.9546010856653437
0.9586327253258872,0.07924969206761978,-0.548942245318935,-1.0471084273847717,1.4037351198228878,-1.1312687734046416,-0.17360372281718914,-1.0234027985808665
-1.2238758680297397,1.4956379126690078,0.3388844171061008,0.9550109366396483,1.3314014471185476,-1.368436971679975,-0.4788211306841573,-1.9369302947823248
-1.703398533844098,-0.8181169056237666,0.25466656177739927,0.9550109366396483,0.9203077983596226,-0.3265174441516812,-0.4212033971663295,-1.8347316348056473
-0.9463567678222914,1.6167369401841212,1.3279493388734986,0.9550109366396483,1.3135847629959179,0.236491646540994,0.31880437936863915,-0.5836818385030421
-0.853875867859852,0.4670658285640201,0.28873156969520986,0.9550109366396483,1.2210704813294981,0.23935928365812062,0.7443809616791703,-1.0788595211760657
0.6950400347011886,-1.7274381177544815,1.535152373571139,-1.0471084273847717,0.4439752484747177,1.8351459354552904,1.681401894448362,-1.218241602010771
1.0148585744797325,1.2456076753792502,-1.627802662201043,-1.0471084273847717,0.3364318730165353,1.6479664070620665,0.7971680670519222,1.0586193992577333
0.455221652744711,-1.1959775230948595,0.9423759200154821,-1.0471084273847717,0.17390590537342446,1.9138716989409588,1.106366151673213,1.144681223392117
1.4478094097783296,-1.0169693078860564,-1.3764762651751088,-1.0471084273847717,-0.9589077213021803,1.074189561095151,-0.1095591614779211,1.5986631149253785
-1.0281070954075087,-0.7584881260896926,0.7067048024168506,0.9550109366396483,-1.486044800874052,0.6828837345664942,0.07836400901899401,1.733495588552676
1.1999893348088781,-0.22753204640654476,-0.5310291976309479,-1.0471084273847717,-0.8409029831024506,0.12636209834135825,-0.850603114435975,0.7649615172826628
-0.6307604063734449,-1.1379994320777627,-0.9515578932390008,0.9550109366396483,-1.866143597520501,-2.0013019282239357,-0.5465595751217345,0.21536028154452194
-0.9706181205485838,1.5059857600354805,-0.6649940293130495,0.9550109366396483,-0.7039711539725579,0.4795740199943266,-1.2692423533283743,-0.6634556796572951
-0.8731317420670716,-0.038897583411925736,-1.5185869203459985,0.9550109366396483,-0.2832814972721356,0.2280533008698517,-1.3331361216139934,-0.5228004347181439
1.138963307717575,-0.8403127794073968,0.4478256832253916,-1.0471084273847717,-0.318476038175936,0.2758160001737262,-1.4495296632222128,-0.8890065262601438
0.09998372125957092,-0.8815644810658725,0.39761337784805206,0.9550109366396483,-0.5997894362865983,0.46712756638155745,-1.0320066177724163,-0.37092729119652396
0.8880732793857568,-0.8327765907892283,-0.641983871140057,-1.0471084273847717,-0.4685065363665154,0.27425621863136407,-0.8928203561127854,-0.4943794305254416
1.4314769669988228,1.5652355904015511,-1.4280055560995546,-1.0471084273847717,-0.44302191169886934,0.3641915266796809,-1.2358747290106435,-0.04568578248017111
-0.3348441021602606,0.6084472388888127,-0.07739688990086875,0.9550109366396483,-0.16458499930687162,0.5938101814771952,-0.587907398552035,-0.6398431762589019
0.8934243437580194,-0.6179724717403071,1.3522539960337874,-1.0471084273847717,-0.06895165733143964,0.47040329974934325,-0.18127122493055,0.3188178048722893
1.546467270833638,1.6409591679306907,-1.4738730118024284,-1.0471084273847717,1.0160399453913835,0.7923939317461852,-1.0227022744618133,0.7362329092384242
0.9673455176712313,0.624971120976125,-0.10469029510068573,-1.0471084273847717,1.643048547187044,-0.11820721717767751,-0.7811319910264912,0.7474386608302157
-1.8425131610347074,1.1883093198103731,0.9156188082419613,0.9550109366396483,1.4809244622058237,-0.3687242601764857,0.27257500866118434,0.47542151754974665
-0.8904150521827804,-1.6154312978009722,-0.6493554478182324,0.9550109366396483,0.5243865368849808,1.4098496829797784,0.015419149907286881,0.6744654202889757
-0.35231399701432486,1.3055839577897241,1.4556073166307255,0.9550109366396483,1.3517494732974038,1.2883155573100264,0.06188739755437104,0.7864820864354161
1.0451568818916812,-0.7701407909869487,-1.325015170284051,-1.0471084273847717,0.3146835929471379,1.2083532078096413,0.1288147396458949,0.6173233505214116
0.8706811094575401,-1.2922654813730983,-0.5372817279481037,-1.0471084273847717,-0.5099610500512434,1.5817899969300118,-0.06568085774235102,0.7325822398525731
1.4936984770932706,0.9830104726377259,1.750248771797948,-1.0471084273847717,-0.5982644938344572,1.3993107861881038,0.30957357642765443,1.4972196471587003
-0.37722059929859786,-0.4679731273457042,-0.8219925325997004,0.9550109366396483,-0.10471808846580954,0.6633436133743174,0.23195494973658998,1.594291604347642
0.32644303998382723,-1.059914077352769,0.9941987674978529,-1.0471084273847717,-1.1221696019165932,-0.193925705459654,0.024503011049458703,1.231647851024911
1.481174899471097,0.7034089889125172,-1.6567251929873583,-1.0471084273847717,-0.4883641912038043,0.2771769000267144,-0.12463572385494544,1.5611706703006156
-0.2448990994410985,-0.42463371132312516,-1.6475480136389382,0.9550109366396483,-0.115177131041166,-0.31839876749070883,-0.6238178344993587,2.194646791839937
-0.12650902233865066,-0.9293144675684697,0.5791524516167086,0.9550109366396483,-0.9377091626542322,-0.9197135594645509,-1.1503494786735575,1.011130006396865
-1.833597967445615,-0.29830956413954,1.4555900875576817,0.9550109366396483,-0.8647332199153225,-0.9118909149197274,-0.12633522718273654,1.9212554007752325
-0.9981147431783721,-0.3023090960423218,0.5435924657079377,0.9550109366396483,-0.5388710448551207,-1.2881512973126252,-0.3289304133071193,1.6766687364049573
-0.09833268698613504,1.2555702836546767,-1.2333576541052063,0.9550109366396483,-0.3013746121132031,-0.46123958308422963,-0.13858193172098912,1.2996480404191466
1.1465320058011532,0.4537060286990677,-0.5970494636175736,-1.0471084273847717,0.07641817593099201,-0.3978203571141489,0.3337282610561175,0.3631798545102142
0.6273248227100824,0.6824807182510566,-0.6098017017772265,-1.0471084273847717,0.7696859051032879,-1.0157879554920586,-0.20083236768650248,0.40975743857884894
-1.8382891184648225,0.2278946290784678,-1.5761130295991999,0.9550109366396483,0.9960176309470424,-1.3566717730520128,-1.5639035339229534,-0.5599014688200176
-0.8571904996868606,-0.3102124134262235,1.4955656606013996,0.9550109366396483,0.9926182443848596,-1.3471412383937735,-1.1358909077373918,0.8407711600314579
1.621469521516922,0.53002577460641,1.6579261807264216,-1.0471084273847717,0.6805459670715572,-2.031137972283307,0.16404694117718782,1.6980516171558946
-0.47908849782233504,0.15107165442990456,1.2262869444812727,0.9550109366396483,0.5503764224141895,-2.042381563251824,0.9838294819423979,1.7651625050515567
-0.22901235961024344,-0.7913827202519758,1.682825101281133,0.9550109366396483,-0.08356389960106621,-1.5605259476904398,2.01460768463143,1.57207702245175
-0.9404917543029044,-0.4403333093820411,-0.06527272464643988,0.9550109366396483,-0.37098308880186714,-1.559505719222427,2.6938901792842302,-0.8469146604986801
-0.2586319446936951,1.1490973695678273,-1.2809040636217561,0.9550109366396483,0.2566973933809866,-0.6483911619464794,1.4455734151525983,1.1907290428805943
-0.11127919487586019,-0.37677462581454796,-0.780539173619179,0.9550109366396483,-0.13333693600728658,-0.699425697800483,0.34922536063330195,1.1242509381717238
-0.5402491908554538,-0.5317043558826712,-0.06211211642222877,0.9550109366396483,-0.42701356338971974,-0.6506765451259091,-0.23004627074286804,0.5811606038153492
-1.4797874367228,-0.6187824692512944,-0.8792324826343864,0.9550109366396483,-0.3527744881532634,-0.7588254941786641,-1.3819621028404718,-1.5537445065467432
1.3273716987239814,-0.9194542279982785,1.7541326059536124,-1.0471084273847717,-0.5588546862890681,-0.4979189475171408,-0.5639469971385833,0.8758929135635802
0.1533038553876057,0.1339918312212146,1.5090015209210728,-1.0471084273847717,-0.9954733817853924,-2.028584984588316,0.6904106071042306,1.0512717221413403
-1.365865932707756,-0.8446698581218138,0.673424669754123,0.9550109366396483,-1.1967251711231737,-1.9222425870722053,1.3441211173573118,0.4791238322473852
-0.021033945710540573,1.3235488421352428,1.0220836765754673,0.9550109366396483,-0.39874092166932773,-0.03283960363746138,1.8315817844743252,0.26846682595872395
-0.949838308484647,-1.1271313939503884,-1.0312530843009946,0.9550109366396483,-0.6173927130097564,0.2646466675584749,1.7632324472212775,0.4959748377496676
-0.24655250539951756,0.7494529754586301,-1.0792977986225596,0.9550109366396483,0.10044012165749457,0.3155731647342148,0.4893058334447332,0.8653842889422881
0.24965685725883704,1.7504284900140024,-0.49907499862421495,-1.0471084273847717,0.7957042480497941,1.2339940045965012,-0.4135369244422997,0.04755912394521698
-0.1747812575692509,0.823008945799315,-0.6185605950599885,0.9550109366396483,1.5130087216919097,0.5450221044250203,-0.9944209337320996,-0.3881790187192306
-1.120281310563015,0.7029291367492172,1.150026772193811,0.9550109366396483,1.2460668561137578,0.35141855380237386,-0.9368969817430465,-0.18859391418813823
-1.1707695818888755,1.5912341605491085,0.25349211826092566,0.9550109366396483,2.415294268881988,-1.6063179410341013,-0.3592681461019656,-0.3218314555118512
-0.4337376797034003,-0.25231716659499004,-0.15193279806125323,0.9550109366396483,1.9844114137622797,-0.5346169509483313,0.05768049431352346,-0.9060164135318183
1.4475742611307159,-1.2853280784723098,-1.0545212657285739,-1.0471084273847717,0.6786673086362318,0.5744541339196256,-0.19205134347725583,-0.42148730138573426
0.14350488635391362,-1.4418649943875572,-0.6949747256810473,-1.0471084273847717,-0.29550362026904625,1.251854738957063,-0.22640757630003686,-0.37545489134103194
-0.6878886866783687,-1.1281666288693744,0.06036168564589791,0.9550109366396483,-1.0830972391704168,1.1127858903891468,-0.7163272692681606,-1.52559898529919
-1.0519132989209934,1.5414478376350347,0.15453085446745246,0.9550109366396483,-1.104511406016267,1.038123859144319,-0.7608208229040149,-1.615690709798659
1.7141184697204297,-0.41006993377418366,0.7560721919275603,-1.0471084273847717,-1.1723642595519703,1.015318165617889,-0.35257655464160687,-0.8838368848974494
1.3001386577308258,0.8989082789006548,-1.3290197133743753,-1.0471084273847717,-0.23287728702972135,1.2235350229993023,-0.475992636198281,-0.5545484927068883
0.9193586468963165,-1.1316434756454727,1.6330837542128915,-1.0471084273847717,-0.09944434857026445,0.9530054767164262,0.5707158522739038,0.444493162329389
1.6405364278662988,-1.5199322221692106,1.0726216910239423,-1.0471084273847717,-0.2679511449823164,1.2999397363743184,1.025833775350459,0.619169011471719
-1.4204476587868824,-1.3326728526777727,-0.27645658137517504,0.9550109366396483,-1.504172187128658,0.1352184195213094,0.8320593442451507,0.7805755403221675
0.8345563260908595,-0.7847399832122308,-1.474431258233703,-1.0471084273847717,-1.6653258229305399,0.08726520167050508,-0.17078784151654552,1.5807531751003072
0.26707130972678517,1.581774272503291,1.2176605079966054,-1.0471084273847717,-1.371610491802301,1.155595908839883,0.97421423989795,1.1737783585321475
-1.371664297112542,-0.8235846617740161,1.7287446143920124,0.9550109366396483,-1.2391077791604421,1.073698389626599,1.017223913077896,1.256819895941479
-0.12761588075757052,-0.07921922231772573,0.6248752576266442,0.9550109366396483,-0.6194261728475419,0.6726245872541028,0.815914540238839,1.117757437547463
0.345098196717127,0.08727509212163057,1.2265746383740976,-1.0471084273847717,-0.00867606272519057,0.09409596619870735,1.4916860252497897,1.075204732852478
0.2786832212107302,0.9913311800086043,-0.454722772657975,-1.0471084273847717,0.7552502928113847,-0.02379681028039408,1.9501528278826243,-0.45855530786669996
0.011853759923948208,-0.041239128160477596,-0.35708234518065507,0.9550109366396483,0.05715736847852641,-1.0938682210833033,1.2421393798455973,-0.010493572936882498
0.8937512675185229,-1.3681002484559552,-1.0415665720785738,-1.0471084273847717,-0.17705048100451432,-0.3889487477792579,-0.00340847027555443,-0.1909807058610698
1.6591298890527026,1.1172837780313987,-0.006309547818282655,-1.0471084273847717,0.33759115913545934,0.17560107422374485,-0.2871927907123698,-0.43521883806354483
1.1722838422400832,-0.9028913600207241,1.2650534211108913,-1.0471084273847717,-0.08830069971774093,0.5708534491585551,-0.2698925085826389,-0.3788977727036029
-0.6088548013197472,-0.0276737549983207,-1.6782262577066802,0.9550109366396483,-0.5265966094728143,0.014065376269400656,-0.8199867156380052,0.5524078045535153
1.0712589001239279,0.04364287976599271,-0.30959455829131177,-1.0471084273847717,-0.4900870346828573,0.033058652902953324,-0.7986359334024596,0.5533979730012477
-0.6155344218105683,0.7152795094903877,1.61525159198908,0.9550109366396483,0.40601934812694357,-0.6330524291600733,0.39588480079464367,1.298868863140526
-0.1661595155023303,0.07579490073633374,0.369488828612471,0.9550109366396483,-0.041947388138886516,-1.3441204903072572,0.5648459132242828,1.2902503629533284
-1.0494101602574426,0.5527680208517411,-0.8316743534209456,0.9550109366396483,0.5841629776844804,-2.2094357933431734,-0.3778549590140521,1.03124853663588
1.343513829881308,-1.280281310111781,1.0055293902489997,-1.0471084273847717,0.04538956347054489,-0.596791106093905,0.828777022940438,0.07169810917780725
0.09917811138908496,0.1065518184377474,-0.5431329783545623,0.9550109366396483,0.07244804921445797,-0.5933667974739825,0.723776805473511,0.2351428725091593
1.6961083608474143,-0.6062107925890059,-0.492562685045805,-1.0471084273847717,-0.49595331400215437,-0.8354019461452036,-0.22390862208318316,-0.7270580898209883
-0.015621222512071138,-0.3659797369163586,1.7462415174765011,0.9550109366396483,-0.6859700745347118,-0.908187909015212,0.39508730882080884,0.6193092976976959
-1.3917515293115106,0.3193818787914196,-0.11758381423452456,0.9550109366396483,-0.7863544671361667,-1.1548799187961831,0.716146524196773,0.18137273609166302
1.5524476192469974,-0.8505911517903507,0.6140218952477928,-1.0471084273847717,-0.6015355007265355,-1.6707669717286562,0.5401225016658132,-0.00980122043112116
-1.4485365020425047,0.2641149240801396,-0.9013501419895679,0.9550109366396483,-0.5337642246915496,-1.544252464465141,0.3790660036734291,0.2921954876748437
-0.013179598452891683,0.4332105446261647,1.0786245225076228,0.9550109366396483,-0.0866867818227789,-1.4437830378112142,1.0854808129783937,0.24551681899401875
-0.010541063691220265,0.6648493493890065,-1.175277477531212,0.9550109366396483,0.35669494937671803,-1.3027785581395,-0.22805093792788647,-0.004488554670256961
0.5857985324527277,-1.4803801624102686,-0.46305813445968885,-1.0471084273847717,-0.41742136163582705,-0.08767880965678343,-0.38337818019944314,0.045980122627794
-0.983252772932641,-1.594066157501835,-0.07208223148608128,0.9550109366396483,-0.7372059306931479,0.5440083135557098,-0.6918545434997585,-0.29635060989954587
-0.9844711707099856,-1.1395041112900317,0.4566988336945494,0.9550109366396483,-1.3409326261413137,0.4917570478166823,-0.08126790966473574,-0.36940326009329116
-0.2031694824721997,-0.9839651111915891,0.3740213873839708,0.9550109366396483,-1.950490315226659,-0.1344236106683073,-0.39806153358248236,-1.0661138393200005
-1.0186990755823135,0.588144266344261,-1.6776840147013734,0.9550109366396483,-1.9834828189928035,-0.253392480957676,-0.6239464035982389,-0.35154565757871187
1.3642048837828622,0.896126604057621,0.4842037269932353,-1.0471084273847717,-0.9612962137424088,0.5902573195030375,-0.19805202003709005,-0.16567102887342142
1.6489151790237124,0.5960703354682862,-1.6547511189701443,-1.0471084273847717,-0.01927146617080209,0.07583934255885377,-0.909629058705752,0.6942831790358744
-0.39458696682279387,0.1608352535286063,-0.8499515164709713,0.9550109366396483,0.5400324246289451,-0.7623011024596285,-1.4971065747541077,0.330566412097984
1.338058748037809,1.4170148202088986,-0.44786788951474354,-1.0471084273847717,1.5727454637759968,-1.7527990164941187,-1.8666327228916504,-0.21192215104189213
0.3947686653072565,0.7477845804343839,-1.274649162486291,-1.0471084273847717,1.6414101917807153,-1.7776948440307079,-1.6854259342276137,-0.5035147697835204
-0.689260484867225,-1.3419921754843729,0.6370003869816622,0.9550109366396483,0.6787472321429405,0.2919674147319716,-1.6167276766875494,-0.29267850333738876
1.14991649900476,-1.2834602604824783,-0.10893389168008752,-1.0471084273847717,-0.12967924761609703,1.0003505250612565,-0.9217193564907323,-0.8483649707453434
0.28408635764849466,-1.0578904072011146,1.4235842544458726,-1.0471084273847717,-0.6538793313063224,1.2331615106760385,0.10047540829551328,0.25178705932468215
-0.702036046774567,-1.6665886045802665,1.2318620895161745,0.9550109366396483,-1.9802033970309276,0.0279185480162824,0.8556916722241437,0.5070813491007713
0.49584537135443846,0.7413702830963508,-1.5809878239607766,-1.0471084273847717,-1.9829623240887173,0.01783951971633029,0.717960047317899,0.9343379625900744
0.46187775656134583,0.5315399825950918,-1.2297378579685692,-1.0471084273847717,-1.1771159012985866,0.558062982257987,-0.12133620903477126,1.4978752321083928
-0.4292390164063241,-1.2102014154707632,0.27860420081202325,0.9550109366396483,-1.1456056985322014,0.5155268202288178,0.05290314728770839,1.5231977644951156
0.45890272617961475,1.5287096765975485,0.7005023111735783,-1.0471084273847717,-0.03305344490314886,1.4837264722481287,-0.27219865510282093,0.9633576616649298
0.2757351225272478,-1.211143157372485,1.3155394191940404,-1.0471084273847717,0.16284342445439154,1.0181178043667933,-0.23457684619082939,1.0484905345213733
0.14011365889528524,-0.5071353315258291,0.7776829090055898,-1.0471084273847717,-0.3741656570486576,0.8637717922946244,0.8258950874090837,0.014065063839957134
-0.3633051159834198,-1.7256174384587086,-1.5381643356012742,0.9550109366396483,-1.3450175453316755,1.1898260087411034,0.687224768344575,0.4827653138582503
0.9495798323467717,-0.5511330823020612,-0.004251275146470839,-1.0471084273847717,-1.0615380991060577,1.0379570468995563,0.5600513187712284,0.5158496698601214
-1.1976527997806603,0.6471512957100911,-0.6405133183719454,0.9550109366396483,-1.4407152937195955,-0.20880944223177506,-0.042877024628081864,0.6099567039576325
-1.3173295410819144,0.03076370147896801,1.2127359827836208,0.9550109366396483,-0.9065444788082222,-0.26558166016768825,-0.08909804118080877,0.5015620109697756
-1.0021308774655513,-0.8116752400578394,-0.357488015853299,0.9550109366396483,-1.0375336346810116,-0.2011057182293495,-0.599477420899292,0.14585990252439943
-1.418399991307397,1.1181795544717352,-0.6378939624954234,0.9550109366396483,0.18564453389843158,-0.5210794206593687,-0.19471068089332383,-0.6969550436224476
0.21527631512670514,-0.31766819406121827,-1.057689929584583,-1.0471084273847717,0.2860627969235181,-0.6670911817519234,-0.6683427615338964,-0.30194983631908223
-0.1400317443591653,-0.1115691224389871,-0.19597627443532978,0.9550109366396483,-0.04027915147944674,-0.862143482287708,-0.46847634866355164,-0.37946166634120343
0.22661418330298677,0.36067077325507446,1.3070654981111227,-1.0471084273847717,0.10162096616596436,-0.7874148504375175,-0.42606525578960197,-0.2369479094085855
-0.21528211141506012,-0.86363496486622,-1.716640613093773,0.9550109366396483,0.07927197248287095,-0.731626249817076,-1.0371480842267278,0.6301172134542009
-0.5392918713216945,0.4934364979290464,-0.9833559328978528,0.9550109366396483,-0.18944343499322852,-1.4558012992770795,-1.19246977394692,0.7166335274329982
-1.234286671326758,-1.2582091741537025,-1.4906450770243451,0.9550109366396483,-0.5939903124121877,-0.6708823616316514,-1.387128899508736,0.9486237982868737
-0.6558850172585889,1.3481410120794368,0.5748470141811725,0.9550109366396483,0.03386236956044726,0.407690247087122,-1.0405623135423503,1.3482758920121225
0.6366341559501291,0.2241118394485217,-1.138203720912826,-1.0471084273847717,-0.024874561019302917,0.3739344290253679,-2.13996942477124,-0.2273569748116485
1.49645615984653,1.3963537075891648,1.6017467501918006,-1.0471084273847717,0.94719510930399,0.47249316720383394,-0.6480033718617442,1.300143343913945
-0.13905720601544666,-1.6737059441487292,-0.6679567989459771,0.9550109366396483,0.015060596910435606,1.7393738821551834,-0.5061981063946825,1.1745370283562673
0.29375022701049625,1.2695722589042828,0.5339908567680707,-1.0471084273847717,1.1023136854900293,1.316932974737269,0.4040898594226011,0.46623533191639394
-0.750762343434092,1.6771239620473535,1.3080123221461704,0.9550109366396483,1.2438163184965274,1.5303527182587462,0.7337252005997889,0.8664115081509486
0.3912319558013078,0.48989292645281995,0.8579790646853837,-1.0471084273847717,1.358134472729459,1.4868406272967911,1.6312204672663217,-0.2982013159082327
-0.2967317284897619,0.2078586168211263,1.2596526181356433,0.9550109366396483,0.846937206502213,1.2537267309195232,1.4774129770455386,-0.5706761596741612
-0.28631058485964195,-0.46873786898503883,-0.022502366437918656,0.9550109366396483,1.3652198571412861,-0.3495519181717984,1.7676130039189846,-1.4946299161489345
1.39978161938364,0.4742308668540358,0.39746311416036656,-1.0471084273847717,1.023126441281472,-0.6281990122706266,1.706229345246488,-1.42646406912516
-0.3515342592639496,1.135475250830474,0.37787755957841657,0.9550109366396483,0.7901516965135742,-1.3382536038126838,1.2880354038953727,-1.706006434533379
0.5618828092187046,-0.295948707582356,1.157024702755965,-1.0471084273847717,0.4521443306213602,-1.114890070382166,1.4224880435143405,-1.4959979765724585
0.7432608279720206,0.2774025535176694,0.7170836864732691,-1.0471084273847717,0.4820566715288685,-1.1124344189260351,1.1785459298359202,-1.9030178235502924
0.3671048134674156,-0.5296913196061936,0.9384441850290584,-1.0471084273847717,0.4558392831974486,-1.0517301082870547,1.6105930287706467,-2.270154930326898
-1.7817212187554097,1.0680591045308165,-0.9643884005932024,0.9550109366396483,0.7112575630598785,-0.6751991537116163,0.998296751489756,-0.4504343463535553
1.6296239731276279,1.730016285519258,0.10378383620935562,-1.0471084273847717,0.9669824322273393,-0.020285765170183576,0.8750626362967331,-0.3982664842823622
-0.6198946981360274,1.1181297419372085,-1.594312157639378,0.9550109366396483,1.5752079463589332,-0.27322364174080177,-0.3619542476405684,0.462255568883074
-0.6681917012051545,-0.033325728619879445,1.0651959669801407,0.9550109366396483,1.441557038078314,-0.09252611978406185,-0.2054409632472375,0.7474229031785247
-0.21616784050674268,-0.5696776815177128,0.41564364181914987,0.9550109366396483,1.4243580449530417,-0.045388955947125866,-0.4404950957278813,0.3993563644730137
-1.6129591972118555,-0.360702240551865,-1.338580333553565,0.9550109366396483,0.8098171020658139,0.1757603742768361,-0.6087339419295767,0.6810720851223379
0.13371062448678284,0.9522928449364402,0.8127290896573915,-1.0471084273847717,0.47530154554814535,-0.6512380062050026,-0.28998807662814735,1.0347678142057064
-1.3587135264298087,0.4082643558773683,-0.33835429771559566,0.9550109366396483,0.16997319580407041,-1.2194407503775604,0.27469780411720085,0.04274734383313348
0.6429010044996089,-1.0906339202369917,1.6056917403541826,-1.0471084273847717,-0.2847977673347513,-0.5013634632665599,0.5177078138999955,0.5857218476407828
-1.8027172342524416,1.0984640507684957,-0.6010831341342024,0.9550109366396483,0.4327058217404248,-0.10238039092040396,0.06058160507047691,0.7649848303621979
0.14298500442071505,0.441370544047868,-0.6320080801150582,-1.0471084273847717,0.7776945541193644,-0.29766116027951944,0.37826055591311114,0.12233293581948912
-1.5170347864482792,-0.9791872573981913,1.3006036412762172,0.9550109366396483,-0.0530765241588997,0.04921015852450959,0.5976117616063001,0.4784818622887743
0.6597214050969364,1.091457922357186,0.7484528003553741,-1.0471084273847717,0.24077970309975213,0.47468114009224344,1.0862464865100008,0.3211701259198503
1.1850376330364183,0.10540413099502687,-0.9303950499747506,-1.0471084273847717,0.7552213586378168,-0.3314083794273663,-0.05399272735219047,0.07867723700747305
1.5411778610301115,0.9081696430161212,-1.455837385725969,-1.0471084273847717,0.6733716465296407,-0.4686617113261559,-0.43829515722051005,0.7439866793639899
0.8582280179958587,-1.5710479838821767,-0.2476278097735035,-1.0471084273847717,-0.19221278707378342,0.7706609359336277,-0.26547557590738635,0.6578715500048113
-1.5102341702233824,-1.670996102387179,-0.9368099113321209,0.9550109366396483,-0.48977463066680854,1.3557795220796836,-1.271429583490799,-0.4095698668701905
-0.7416125184801328,1.3429225462687884,1.0450268514860128,0.9550109366396483,-0.38161429471337904,1.592803234415782,-1.1380881835818233,0.015642029129073063
1.0936765155788168,1.5103907435349795,0.7971257742861165,-1.0471084273847717,0.22270062504970298,2.310765935912563,-0.36138488064387564,0.42397219054776975
-1.7782734605945976,-0.13064567631652207,-0.6033672550141546,0.9550109366396483,-0.22411615651113617,2.076922573102475,0.021890595333728256,-0.3362335061042939
0.20458034800732944,-0.06954769373321765,-0.1890824586891875,-1.0471084273847717,0.4217113690090122,1.244558566525224,0.04821292205781146,-0.35065644932739864
-0.16846686158175456,0.08069054310178514,0.5686458692987391,0.9550109366396483,1.1751494197140153,-0.5080614171450704,0.7250745035923211,-0.9778710716870711
0.8292219323791442,0.2864757251298814,0.5781012874332916,-1.0471084273847717,0.7207489505192468,-0.9874591808007674,0.5151420832516991,-1.32963610027866
1.2107500607256556,0.6136214891162702,0.3006329343616397,-1.0471084273847717,0.33502923248554173,-2.337231962395693,0.2919160455456848,-1.6286919828070612
-1.5578567845374791,-0.5402337923139918,-1.0381742376907122,0.9550109366396483,0.15885658625124496,-1.881468621513985,0.09642432420573585,-1.0275506805972636
0.933855223404244,0.9223599354041826,0.93556584743067,-1.0471084273847717,0.5854973627287583,-1.421498641929769,0.6020726739908081,-0.7205513866546729
-0.11565996932844666,-1.3548542156006356,-0.8786981986898678,0.9550109366396483,-0.031961272057270236,-0.08329359145719524,-0.04866154715837619,-0.2752398871695202
-1.4313615440358662,0.1262700474973373,-0.5433818692105827,0.9550109366396483,-0.10086917506502792,-0.12044353967738208,-0.5528868275264208,-0.4527105222741768
1.6247961077907893,0.8820458261262029,0.3693028473317689,-1.0471084273847717,0.014585897769698906,0.07648253238092526,-0.5220124395206015,-0.4103000573634281
-0.3129099608738676,0.581218384721267,-1.031674772885258,0.9550109366396483,0.4969465667856294,-0.027970470202870242,-0.5190902427454142,-0.41590314504123355
-1.556832583324756,0.3090262159670691,0.8665031326798135,0.9550109366396483,0.2331385602598068,-0.3005967239623104,-0.5501412366920726,-0.5013602002841425
-1.1369172173725155,1.541895696773656,-0.7861926610816458,0.9550109366396483,1.47909291686789,-1.420564688869924,-0.5085502146960881,-0.5630245343472886
0.6824950872346651,-1.2131699882727862,1.5874416968582004,-1.0471084273847717,0.9029709876485349,0.2601348172834291,0.44948032160830037,0.5193608384267938
0.8493984112853116,-1.6232975287350644,-0.9188592613068933,-1.0471084273847717,-0.17463100155113498,1.3064999627797094,-0.12968477466614878,0.8719368848398362
0.7149955593686208,-1.3712378681328665,1.1556131540705514,-1.0471084273847717,-1.0144243727146067,1.4635137643701162,0.8537324631953674,0.7027713108501507
-0.8329130989551801,0.5343168581520636,1.2607221340301018,0.9550109366396483,-0.9175220284927843,1.5923332167665347,1.0309755945831893,0.8979156000422123
-0.2357994855055563,-0.3035396027438658,1.6304288762996484,0.9550109366396483,-1.7112833889229553,-0.19926494366569744,2.117502543303541,0.35680333784753054
1.0518312715469873,0.3239322334634078,0.33279759861928787,-1.0471084273847717,-1.050142707933193,0.09292114530364541,1.5534073373712447,0.20023099028595917
0.9050546060070711,0.7231233260302933,-0.6176427664708637,-1.0471084273847717,-0.0408966995214031,-0.36355835487082894,1.6888360066833106,-0.22570623542017187
-0.8812955100890636,-0.4813055772625916,1.6571044177595753,0.9550109366396483,0.34188229363896966,-1.526447294260438,1.914309364475364,0.06715535454023595
1.0844522359690518,-0.25465374587721445,-0.6751179063494455,-1.0471084273847717,0.0025290905451412354,-1.6084931282333343,1.0439445432781225,0.6733730136911037
-0.1490188610052697,1.7177286973441268,-1.2132659789044524,0.9550109366396483,0.8719200012379652,-0.2757427760018625,-0.23459702656355103,0.6110448148252479
-1.1725236163714807,-1.697028483571518,0.26829605743512064,0.9550109366396483,0.0026613886228409713,1.2249945500289743,-0.26359729062911696,0.5896917477950641
1.3705544826707208,0.2214808618554806,-0.8814235871217181,-1.0471084273847717,-0.21310580999802023,1.038440754972217,-0.3821946654184255,0.7172596728285076
-0.45240266374452576,-1.3132636474541488,1.4364932861030433,0.9550109366396483,-0.5709488456160996,1.4529615840496561,-0.48138269963261116,0.40489555797497695
1.4674319145187273,-1.5939233488290363,0.2831383819764998,-1.0471084273847717,-1.1469974680195738,1.901482821454251,-0.05054515848617458,0.34036961581933
-0.3887432763155735,1.593479909021919,-0.14535757249325015,0.9550109366396483,-1.2004395406168753,1.7317379022818562,0.42959260590208687,-0.44308787192018045
-1.4503078000385166,-0.8487198307205265,0.7187066637054286,0.9550109366396483,-0.8355637682027819,1.28424625275898,0.6320998061948008,-0.32065453138426225
0.6169264661300272,-0.11140712493095276,-1.5302783396354536,-1.0471084273847717,-0.9787460414212156,1.1733582694142493,0.34037097588097415,0.5272890651008634
1.0590234399447347,0.42962306001482997,1.640507352084943,-1.0471084273847717,-0.22909303307249285,0.9699170276577503,0.432096873866452,0.7500344842792522
-0.14642103352199798,0.5884710814394315,-0.6548870546177781,0.9550109366396483,0.7096016870393579,-0.17129250964419687,0.01035524006918219,0.9536168030556569
-1.4906866251813078,-1.4042914004244997,1.6195119532959164,0.9550109366396483,-0.5798041422881914,-0.3693489210582318,0.8038507341229053,1.629936245080387
0.5994052607656167,-1.0178985297665892,-1.0091051129151125,-1.0471084273847717,-0.6525715345374457,-0.254960363600853,0.027016617329876945,1.9866629265451894
-1.5730221842212508,1.6606774235791235,-1.4189355343587364,0.9550109366396483,0.10964009238352851,1.0950838641910836,0.07707698326138865,1.8850454626553086
-1.4682934987005838,-1.1176708096092596,-1.432100302147059,0.9550109366396483,-0.5558842352692382,1.3555335380051237,-1.3043850982133713,1.1206739387654554
0.2932014075779445,-1.6182113806370648,-0.4677661724144911,-1.0471084273847717,-1.5050257595443945,1.4093814239924438,-1.2202544728600486,1.120548564848188
0.28514492037883993,1.5963759158874868,0.9451787221836789,-1.0471084273847717,-0.21437429546062794,2.323481300504312,-1.5234385737578098,0.09282994380407397
0.8956958743934172,-0.1538510137835939,0.18845157644313168,-1.0471084273847717,0.1572711000416058,2.0361130664171685,-0.9850101953456717,0.2508752294616346
1.5352482478363074,0.3371036131581413,-0.88843035795513,-1.0471084273847717,-0.4120264248644022,1.1262585167324453,-0.746492015447808,-0.12847541167159388
0.7602869974727918,-0.3185585497012998,0.44448788490147323,-1.0471084273847717,-0.06831107774450965,0.7653671541487516,0.09723283154994089,-0.8513247876626742
0.7976840617041172,1.4789007431965757,1.3736732546452983,-1.0471084273847717,1.2638233695924928,-0.17712928997507926,0.9251545938068092,-0.37761764139507714
0.20441531831331985,1.0909011735997178,-0.23803884036940284,-1.0471084273847717,1.0464078258417429,-0.6146717794899506,0.39317316931523105,-0.4527535101093047
-0.18321486464612713,1.396456162708138,1.5421377925541147,0.9550109366396483,1.7132282415011066,-0.6519245064969184,1.0017982813423603,0.27449968196810587
1.4239029135486978,0.4515904043594054,1.4866342488415671,-1.0471084273847717,1.7624714694587371,-0.7080860854773653,2.0696409949485974,-0.6374534258477788
-0.9743731505151666,-0.9706095489234021,-0.3803726140078681,0.9550109366396483,1.4820103292888789,0.22418500922322118,1.6987789682983292,0.04958032704661901
1.5257147518208154,-0.5013938432425573,1.145736790143759,-1.0471084273847717,0.630243092910887,0.22888597496987245,1.5962974222862334,-0.06391654776194255
1.5657547360091166,-1.388898413264098,0.04926445571309243,-1.0471084273847717,-0.4363719730184455,0.6354526985162354,1.7254706373805921,-0.30302041725011564
-0.5991661188835881,-0.253777470691013,-0.8933500264510421,0.9550109366396483,-1.1461729041142144,-0.8936210738844579,0.6304612998834325,0.16817531889691797
-0.5076005523386058,0.29470299764658775,1.648611850424034,0.9550109366396483,-1.2136535475262515,-1.0866846477870378,0.703287361592353,0.3492343763151761
1.0445940085468002,-0.7084883761990752,-0.07731373018939323,-1.0471084273847717,-1.1009096010364385,-1.1993901719383675,0.839544379592242,0.19692112583441335
1.1409673946578047,-1.1920811409445597,-0.8917561565262268,-1.0471084273847717,-1.3979890430516175,-0.9453710159634938,-0.07652417319550339,0.2760356933124696
0.3247939872896785,0.7412693767774509,0.029608516154848535,-1.0471084273847717,-0.4817581226774523,-0.6478790077358364,-0.0853615967233872,0.27475560769654783
0.6092750262230123,0.943849328687694,0.8653476999715286,-1.0471084273847717,0.03336688756322544,-0.07689336559480969,0.7053590208218798,0.030988155355000137
1.3763455263538311,1.3041992324783653,1.5314000659128346,-1.0471084273847717,0.46757290113558136,0.5364427495995264,0.6526599280557775,-0.11328007975519229
-0.7669966530997016,-0.05622829893797296,1.3337796333706644,0.9550109366396483,0.7481239702608014,0.16244189290362598,1.2870956239032314,0.14647799461745087
-1.0595334661057192,-0.5715063308190106,-1.2699367458409174,0.9550109366396483,1.0150465254231165,-0.6584151967275804,1.1170634548534517,0.664475510448254
-0.4514480493015106,0.29088008711518804,1.2479355190049617,0.9550109366396483,0.8213244180271198,-0.7058328023288017,1.6648302857262698,0.6827314689557973
1.171007293792775,-0.9449148194493361,-0.6087491284618142,-1.0471084273847717,0.008926389145291334,-0.29834708314854325,1.0020678695427174,1.194851707113447
1.6154027634687138,-1.309146709193924,-0.8135335663425276,-1.0471084273847717,-1.11512983242953,-1.0899999114799555,-0.05222778453269671,0.9460401757607585
0.6010991808196811,-1.6658823883067695,-0.12806722836229956,-1.0471084273847717,-1.8074766300297531,-0.712706935997068,-0.7094825452000586,0.008153738594522269
1.6159451812611791,0.7892690374960608,0.5460568307458064,-1.0471084273847717,-1.2221779160211756,0.38976293944162266,0.1069986162658168,-0.4089099767288298
0.6231260913384821,-0.7582580461887624,1.3919673675171949,-1.0471084273847717,-1.6734347615948115,-0.025749337982591373,0.17175616413246717,-0.22090248524934997
-0.05269364871272748,-1.0564701575344402,-1.6124837581129927,0.9550109366396483,-1.7214171086024959,-0.0032209800989024743,-0.2795287009613135,0.7399956178612571
-1.1041085245489028,-1.4622769595827196,-0.5881324570334832,0.9550109366396483,-1.7872817183796044,0.0788100474277642,-0.17818706523248576,0.6330722522252267
1.38117790194919,0.2875202445402905,0.3711708187796713,-1.0471084273847717,-0.9470812888538763,-0.020143085973275774,0.04627323343474678,0.692504151669767
1.1075309052470852,-1.1107861157650232,-0.2522438646454987,-1.0471084273847717,-1.7643358215590783,-1.018098596869784,-0.31264735272569727,0.5612724511230369
-0.5129203977391529,1.5153250793134065,1.2750599965597842,0.9550109366396483,-0.7864188849850854,1.0647685287420952,-0.36520957940638693,0.41745730919041174
1.386003005251608,-0.8310622934520969,-0.13905151206017818,-1.0471084273847717,-0.6894661211074058,0.9655183430903636,0.29725403671479306,-0.8646103256170441
-1.5607179041493442,0.5979401110616434,-0.10198663112242137,0.9550109366396483,0.19667749238241797,0.44993029202493995,0.5158279973824871,-1.2085351282919057
-1.5285534481377583,0.42142185453454,-0.885065112540491,0.9550109366396483,0.25427145091383646,0.47785213213242206,-0.04898290586272839,-0.6263543320495762
-0.4946738235955645,0.30245481512981554,0.8908168586627525,0.9550109366396483,0.8621367302958725,-0.40387871876953224,0.464943772637381,-0.3434041527691162
1.3756785232469115,0.06795949790325977,1.6253374973041204,-1.0471084273847717,0.23959370576378045,-1.4027196658221441,0.6224305525084004,0.07238623218895483
0.13666643717584062,-0.36370829198912347,1.2830626905442917,-1.0471084273847717,0.4406127000903318,-2.085864719554766,1.2618212810053782,0.26699946585914475
-0.5648520241683602,1.5821582619187426,1.5259825078672529,0.9550109366396483,0.8639460667971737,-0.8123833718160854,1.9937655734137345,0.24803129269119709
1.5073060446601636,1.5717257756195413,-0.33545543394891153,-1.0471084273847717,1.3587164906355524,-0.19802850301581107,2.2408732474247812,-0.6018151513567467
0.9720284810411962,0.24071032650414295,-1.3027909890804206,-1.0471084273847717,1.3321588598676841,-0.17605036136996957,1.2546145368117247,1.263583239268613
-0.49859556868255656,0.6818800979035468,-0.16814598592129298,0.9550109366396483,1.596219296329336,-0.37005247018402226,0.44825404284671816,0.8072410832319463
0.21808514128456724,0.5024538545755479,-0.38148363531791,-1.0471084273847717,1.9687742398648995,-1.1772413172045708,-0.30013556324879953,0.23656816019903792
-0.6857434166723312,0.34269720432889056,-0.23561813830444636,0.9550109366396483,1.4356554166095092,-1.5072959162619808,-1.0921613502170047,-1.8120668272399283
1.32838851109549,-0.32344593456936827,0.9574796574539186,-1.0471084273847717,0.6205013576611323,-2.0531744686741003,-0.5108502934275054,-0.5765055129186984
-0.05498683124993937,0.2991317150115787,0.17835112592438254,0.9550109366396483,0.6456296516912766,-2.056607638726153,0.15507972413794807,-1.5496833341622025
-0.3463078589693582,1.5535495764486513,0.3522785651872759,0.9550109366396483,1.0205534170036183,-0.9735467607973309,0.38906559689810355,-1.5764069974266104
1.3345068984321988,-1.6835311113739266,-0.29719311674182325,-1.0471084273847717,0.08031433037424632,0.8237125736902231,0.42696309906709246,-1.653546384186698
1.2113698436876543,1.1054312664088812,0.6730625180026332,-1.0471084273847717,0.4083826332409627,1.1662188722189035,0.8355111507940512,-1.7593679999892642
-1.4916469446356897,1.7278413663991292,0.08681041801612885,0.9550109366396483,1.2906853609906601,1.5924384260114226,0.4440532508135183,-2.207738444771579
0.736213648287122,0.11952959313798435,-1.0541963348588317,-1.0471084273847717,1.2134346306985704,1.6357127306523749,-0.1101071797721438,-1.080921223912925
0.17723418760176227,-0.1529198874772202,-0.041063539196716056,-1.0471084273847717,0.4794454610037667,1.287615868756905,-0.2869560532381548,-1.2151773217433937
-1.0147498181844428,0.8767294568740481,1.487294314113075,0.9550109366396483,1.5806685232479718,-0.6852214358042679,0.5153597638167655,-0.08949340240207342
-0.18758197421281245,-0.3968682826823207,0.7016857824700233,0.9550109366396483,0.9344972192894815,-0.30061119090803456,0.5282289482228053,-0.07690748106601664
1.5641020261472336,-1.5303707657390826,0.13402544652418946,-1.0471084273847717,-0.4669298018866467,-0.26584950278636627,0.5494570967206457,-0.0828634832082876
0.7823169350535935,-0.6916315818626578,-1.466845723653063,-1.0471084273847717,-0.8158276461865697,-0.2757570662775422,0.3639275570874936,0.45936801602193195
-1.5186575476614068,0.1724233673636047,1.1378588465907018,0.9550109366396483,-0.6758905242312506,-0.15825283161018655,0.8939778453902959,0.7146804940351578
1.3211984331160869,1.489727199697964,-1.339993938396745,-1.0471084273847717,-0.4122270284632079,0.6244146169776874,-0.3771872214745787,0.8078261855224657
-0.7610250330344229,-1.0240791194885006,0.042936826144809495,0.9550109366396483,-0.6820038812360903,0.8481983877620741,-0.6733645427544153,0.4900487509780403
0.9653789331979779,-0.6848082417723751,1.4614452748423383,-1.0471084273847717,-0.31830927783923557,0.24170563329038322,-0.07654894981870936,1.438062452380573
-1.3799087080246843,-1.4387883196611466,0.6404779815004792,0.9550109366396483,-0.639677438947104,0.763269864529321,0.8709159137973267,0.5176609246110454
-0.2849637434345954,0.5675745279434083,0.8933650730900642,0.9550109366396483,-0.46971443732933427,0.9516534716670555,0.7609901063866071,0.38425722395070355
0.6240613486566428,-0.7921206752943447,0.3852332487158374,-1.0471084273847717,-1.451186220177602,-0.7133867530702912,1.5366621768648372,-1.5521789077239008
-0.7965995717800781,0.9001505478413773,-0.4577745839816802,0.9550109366396483,-0.6235337097269881,0.1261446038066602,1.3115394457218668,-0.9344746226739632
-0.2416721837604042,1.4980254112463265,1.0054718001268468,0.9550109366396483,0.3153499295238029,0.9792924465484807,1.106531147766823,-1.3815607533623817
0.47076823020846215,-0.40313402815758614,1.0874562238942858,-1.0471084273847717,0.7608070851196311,-0.033173690522458416,1.3074951375104509,-1.165255070763998
-0.40525797238870453,0.7210958021582862,1.6102421027962386,0.9550109366396483,0.8268398826431388,0.007056432129627619,1.6298071750578802,-0.6219062218756072
-0.017885740028085437,1.172378368909695,0.9465527820027896,0.9550109366396483,1.6718131170333412,-0.8209518048527592,1.8821796671197897,-0.6979738519934022
-1.2706380580642318,-0.2509619765021857,-0.7304493516688177,0.9550109366396483,1.1766948955654641,-0.3734889685346016,1.7595835225661898,-0.2772332690292725
-0.0859224129120013,1.3475331911410315,-1.426949897340355,0.9550109366396483,1.1119649592755452,-0.5198034794532861,0.6659527309553073,1.2413992293916885
1.0097444160263094,-0.709306523190273,0.7831418573863016,-1.0471084273847717,0.9802735928824867,-0.18195317709931166,0.5291312407140255,1.0972448751054562
0.36716347024426477,-1.6165558047584838,-0.8935273372645123,-1.0471084273847717,-0.02520057367493691,1.1256803250221719,-0.596577906509901,0.36868451490783877
0.7368547244589891,0.26793160949880107,0.8517078156873452,-1.0471084273847717,-0.4142225515109249,0.5589339420409416,-0.6392207491139895,0.272345892106714
0.009388672408972112,0.45603781201883564,0.08907760999792805,0.9550109366396483,-0.1101267568184687,0.6862742671411558,-0.2707567114977703,0.18550629328631824
0.6638631257364791,-1.1286578544100319,-0.2946969742081687,-1.0471084273847717,-1.175189711621323,-0.2107778390614682,0.2383107178538741,-0.8204248262983981
0.0008933383863501278,1.2592750632826775,-0.6358290497618774,0.9550109366396483,-0.3284604881123309,0.8558640171500134,-0.39966676691907665,-1.0175280803882303
0.4177520119345489,1.5418331365509768,-0.3686537830370632,-1.0471084273847717,1.0300304345858797,0.3432287446183282,-0.16368059675660646,-1.401608157493259
-0.8452948862897209,-1.3881207843451884,-1.012899672000058,0.9550109366396483,0.31772672964162196,1.434440993646584,-1.0020188523832922,-2.0116209978904904
-0.8291018171507751,0.9489620290684854,-0.7855733930383098,0.9550109366396483,0.5297440229147057,1.5983742827102678,-1.3952669761892065,-2.4259125202330356
-1.5073051295774045,1.2713624923136484,0.848529655681964,0.9550109366396483,1.56204432408134,0.9050031991631913,-0.881265705135239,-0.8422184868200676
-0.25691153252528054,-0.9106073507005528,-0.9799701782148447,0.9550109366396483,0.6287312909193895,1.4209616739953619,-1.03599353671468,-0.6831341284702488
-1.3250311994579214,1.7332113553756898,0.8727943525628373,0.9550109366396483,0.71104717344896,1.5883977827160332,-0.4778313115159466,0.07229366554104533
0.6168104686671049,0.13433123945689107,0.9113183120231332,-1.0471084273847717,1.3658864896356369,0.33505539178155613,0.38730816626884873,0.015186810277882663
1.5745579458662309,0.7232956217293691,-1.6159678196704845,-1.0471084273847717,1.2688225207499664,0.2912171865777138,0.013958053871548267,0.9104226099771708
1.5594730209024978,-0.5483963509117807,0.13728326312763894,-1.0471084273847717,0.4861051556756688,0.3651229857260338,-0.305822416813081,0.602607394241271
0.8087128294907612,0.1019825242009214,-0.7087300638273986,-1.0471084273847717,0.9216418102903007,-0.33572745332491655,-0.1838713006381813,0.438176922446222
1.0408630253095639,-0.9682723132291298,1.667556327204669,-1.0471084273847717,-0.24032434074857734,-1.055938560646874,0.17345825631110026,1.2113234354804332
-0.2678790219972028,1.1067208485329412,1.2944202059076066,0.9550109366396483,0.1779213160729648,-0.3223190130518239,0.3457030722131993,1.4696576605285812
0.632909026203567,1.6948723201543814,1.5218620771499705,-1.0471084273847717,0.5958173225629887,0.5911665728806013,1.7564894492518868,0.23989407322368264
-0.8602356011256449,1.7435376923686214,0.06345278286146044,0.9550109366396483,1.5816273830327905,0.7566829051706773,1.7232948404952761,0.2837089983502406
-0.4407324616262527,-0.06433022168055486,0.5078777730402381,0.9550109366396483,1.5100926987974386,0.8463286585173662,2.2702887244500958,-0.9801609751544971
0.14270574890397278,-1.1113417245258705,-1.1375086341643352,-1.0471084273847717,1.4485554720106009,1.0306438185087063,1.0091153771574635,0.3715102050302301
0.19482292657040956,1.5824994316652319,-0.09763942592005631,-1.0471084273847717,1.6531980598647305,1.2420943912406257,0.3832373566191393,0.01277319955276198
-0.3533320594858057,-0.18041131144936765,-0.4942324042565955,0.9550109366396483,0.8465982906919024,1.0064609214977798,-0.5232103230569807,-1.2445841000048368
-0.8508297685762627,1.3531044925527946,-0.9552182282763574,0.9550109366396483,0.6786645853358068,0.6500952898902813,-0.9812106712127857,-1.0825430136647791
-0.5631522069845427,-1.1118062349270763,1.0002920779708515,0.9550109366396483,0.22812265329954845,1.2710909948213915,-0.7598183663083642,-0.40842257358339146
0.4637865793910632,-0.41162748822326944,0.5779216766202531,-1.0471084273847717,0.529084775496475,0.7920554545095039,0.011448972200464641,-0.6261950434912232
0.13048719940026318,0.24084820460846976,0.626880862078809,-1.0471084273847717,-0.04798823458944364,-0.13785195188969365,0.33719746265645706,-0.4751082784284661
-0.5430009482732134,-1.246975057519872,1.173439114021208,0.9550109366396483,-0.5067402104987366,0.4304858125695467,1.0869921732447372,-0.4357774028567381
-0.44370273375176783,0.8549313970421406,-0.4193783211734173,0.9550109366396483,-0.7210151591385693,-0.20586233939646884,1.3279088787616664,-1.2536913460021666
0.0026330182727251563,0.5137806565905537,0.33786171239949936,0.9550109366396483,-0.021815321113450692,-0.4210563108005475,1.0300763747015218,-1.3982319077031513
0.26101882964032697,-1.1764518387996732,-0.9437895738781082,-1.0471084273847717,-0.3507827019597839,0.11687721623900416,0.3459062403787716,-0.44220163295725157
-1.0697335889741164,-1.7284725666408132,1.017479101582354,0.9550109366396483,-1.1978298647180259,0.7542436444166463,0.5215214564060231,-0.18740103821449008
-0.32405013497296203,-0.317954853357079,-1.6836267782117222,0.9550109366396483,-0.7982383204811911,0.5170310070660896,-0.7630318086222687,0.34730837026206274
1.124980931547571,-0.19158047154109265,-0.7027065814378666,-1.0471084273847717,-1.248365553188902,-0.2557044121131532,-0.8904178247400287,0.39439411999847973
1.2144953410832608,-1.3685831350708995,1.443472409460887,-1.0471084273847717,-2.0580106512773186,-1.002231524611217,-0.393328893532199,1.374902991044326
-0.3630880482836775,1.4846840524054161,1.6377266880161605,0.9550109366396483,-0.9133989459280394,1.1017420930830841,0.767335672152085,1.8153374125488393
0.15474430529906408,-0.976276885910489,0.49796804946260304,-1.0471084273847717,-0.5898634272337234,0.5223734036972723,0.5337605137936788,1.6619909950039804
0.8208261263244111,-0.04183289855745123,-0.970441012823314,-1.0471084273847717,-0.4710974436505044,0.5374618958753804,0.8544129376638846,0.849605321074796
-1.1890171453623266,-0.5720041537162013,0.30891048875642707,0.9550109366396483,-0.6347258404748833,0.576319775547546,1.309241793382306,0.29098115572201594
0.7799287358713798,-1.7315914511546127,-1.271552930912,-1.0471084273847717,-0.7908635142786785,0.9212079691313515,0.08855077778769445,0.7934134690975205
1.4346023552967306,-0.6655319259215132,0.7007002519691817,-1.0471084273847717,-1.7157175910494522,-1.1857970206943884,-0.33274169961514777,-0.20550230144600912
-1.0644011483772995,0.47795425202454067,0.8165637820448111,0.9550109366396483,-1.090221543190709,-0.4544215764223694,-0.1894992250102994,0.03294705644859016
-1.3462987905258899,-1.5032427181822776,-1.508741139653494,0.9550109366396483,-1.7188052962351485,-0.2685583962037736,-0.4315220594729765,0.5508434363442142
0.4026142267409642,0.3544221892158085,0.07280551945475065,-1.0471084273847717,-1.3203294274272224,0.25789952555247203,-0.5376762122457155,0.4719093731638716
1.5809023133863904,-0.9849300435493346,-0.5383140696368016,-1.0471084273847717,-0.99917431847465,-0.3291806151105207,-0.20800780107702607,-0.009367618771343057
0.803177147864008,-0.014308444595770348,-0.2775439878540994,-1.0471084273847717,-0.7190691115262745,-0.28892404471116306,-0.6478320402295993,-0.4031632337907592
-1.5667621822175952,-1.0563082896470128,1.28683949746322,0.9550109366396483,-1.3789883851267417,-0.6220924890549384,-0.4363933725578122,0.18913440636476841
1.5413093519628023,0.35481760850990757,-1.3597761525988907,-1.0471084273847717,-0.5797967293357703,-0.8919289537863121,-0.36941785721667547,0.017315142108563088
-0.5548039595436884,0.6873930800130005,1.000093466006725,0.9550109366396483,-0.436578797321613,-0.5867671465527428,0.04749613927284302,0.5119415051907189
-0.6036607429048925,-0.944079409652177,-0.8393070589164563,0.9550109366396483,-0.4190080622516148,-0.6228478451064725,-0.08783204065500122,0.6775758033254782
1.1540419906963892,-1.7174322610650081,-0.49740140369686664,-1.0471084273847717,-1.151558197114154,0.2360416817331701,-0.1866811999023529,0.7342339236916722
-1.0751554412551405,0.31337343354454256,-0.07998219725333923,0.9550109366396483,-0.5624286685735902,0.26837471880292113,-0.8012120986935799,-0.26058195924579297
1.505363348325457,0.6588642125861413,-0.023034672286237345,-1.0471084273847717,-0.4316516935429172,0.4608803028421161,-0.2002054373833064,-0.9821611173986146
1.4457528899519154,1.0513103522938916,-0.5211606527369773,-1.0471084273847717,-0.2751230581552454,0.7638703007850237,-0.8841700426387764,-2.2680088935158405
-1.1921515744002622,0.3909735402330218,1.3438879914456625,0.9550109366396483,0.29911189119477694,0.4599949483650373,0.09740701435533859,-0.7308344043528842
-1.2024274946244355,-0.5283075897146241,1.1582643510187738,0.9550109366396483,0.8105799535532543,-1.3250285274068132,0.8418038645635518,-0.5021711123170949
-0.6463899193755708,1.435564207077995,1.2812117614654799,0.9550109366396483,1.2932583087873706,-0.7380621584530064,1.4538045008675637,-0.37149502373913307
1.662212185888356,0.914744851043254,0.5728109496227579,-1.0471084273847717,1.4033180674484105,-0.6891008238501675,1.721700121040968,-0.6570070001025826
0.8747491471079267,1.1980492531774916,0.015145884684270522,-1.0471084273847717,1.4664336205235264,-0.6104918786334467,1.9628266262340504,-1.4324875758791942
1.2900091333137231,-1.012483253344125,-0.897189984372814,-1.0471084273847717,0.8627767087553326,0.5380373092780802,0.9552250728898547,-0.24404745998756516
1.4965557027155678,0.5560258387145527,-0.30258774319618703,-1.0471084273847717,1.3291718067221265,0.06872446935875788,0.29841756542258807,-0.47146225087617305
-1.3339263568555075,1.058223524450195,-1.0800309842442364,0.9550109366396483,1.1668694742227976,-0.17374102738215086,-0.7632107599063893,-1.0496913023444632
1.7086377025533677,-1.5060751943324178,-0.32097112470073635,-1.0471084273847717,0.125622775909178,1.043234172380868,-1.1650603234454016,-1.8469979591967218
-0.42957907499756826,0.24431940624095527,-0.08055918007018023,0.9550109366396483,-0.28459691642309826,0.48176900967705694,-1.2080898712567727,-1.9443536312346883
-0.05186375156577295,-1.2264472430763527,0.07635526619935533,0.9550109366396483,-0.37662742413980127,0.650248515173257,-0.7703783247100161,-1.8865155112357461
-0.6959113509299543,1.4570634831018838,1.3189891907999547,0.9550109366396483,0.010928220100162955,1.3713473239983767,-0.041308004448222184,-0.34137626937021615
0.3176791542591663,-1.025497723970548,-0.5026807637977748,-1.0471084273847717,-0.8853250450975516,1.0506556105146874,0.2182719768029915,-0.8923395467049613
-0.11064446552913822,-0.01240854052031196,0.8786938586985187,0.9550109366396483,-0.24286693482457003,0.4735797099996816,0.757648256347333,-0.8016138075591022
0.8047753897684885,-1.7293500632519647,-0.2173308972647093,-1.0471084273847717,-1.091784566103099,1.1305854364924668,0.6961549052967384,-0.7233848694426362
0.009663064829271253,-0.25711366249055095,-1.2922509915832787,0.9550109366396483,-0.6748533727756514,0.8951122848289501,0.08082165668242562,0.34574515895567287
-0.388928829149354,-1.5703488435643767,0.41717139279206333,0.9550109366396483,-1.9770084402689108,-0.6603951686609177,-0.32464081446355386,-0.4515483151866144
1.0996625397334285,1.4814431782824555,-0.2881344517518475,-1.0471084273847717,-0.8987193116223339,1.29303332453806,-0.2281795580439561,-0.515916845907367
-0.06931699970756618,-1.4572771521033652,0.2675599239833461,0.9550109366396483,-1.5201883357993724,1.4621637268129215,-0.5029488916256952,-1.0637701202881056
0.4357232612716518,1.4315008104374503,-0.6005653421040132,-1.0471084273847717,-0.16063848310469425,1.9463801908520364,-0.6752533031997979,-0.9879501065141296
0.8275749067734558,-1.402134182826232,1.2191551085558663,-1.0471084273847717,-0.6531364027986194,2.3737823932346664,0.45388933033758205,-0.9500340169101884
1.7138007117631695,0.43779358030912985,0.6650683383622242,-1.0471084273847717,0.21060878660364063,1.8253622141966703,0.5653452234929951,-0.8512265178167323
0.5083407661140239,-1.2840967142805972,-1.6753643621275993,-1.0471084273847717,-0.9789093222234074,1.3271014304295392,-0.05836132648978641,0.631892071669446
0.998214854678453,1.3699715734476348,1.7363206817945835,-1.0471084273847717,0.23715108111587777,1.5695674721514876,0.6020019616377087,1.5622351032181963
-1.315201556941007,-0.8410201074268692,1.2044703347896781,0.9550109366396483,-0.7403089771379161,0.9172904170964592,1.4135563883486038,1.385103172122289
0.21591229670213463,1.3053183435626623,1.6906156440458329,-1.0471084273847717,0.4242245078389957,0.9671933851972275,1.6255277579421503,1.6275270127016934
-0.12612458067483584,-0.677939833594139,-1.283380919315083,0.9550109366396483,-0.05567639832054188,1.1343277925703141,0.7494937600929745,2.5915691600969426
-1.6880602925389052,-0.41246938237438086,0.7597514130355503,0.9550109366396483,0.31922923881714704,0.5281628297116692,1.844335824537985,1.017750485646721
0.23382186326475507,-0.32083362899093754,1.183581038569963,-1.0471084273847717,-0.4080223955592721,-0.3211034815226653,1.5958209004177553,0.7275829828475316
0.866839604929673,-0.5019829306796548,-0.7748803015181146,-1.0471084273847717,-0.2621952236602437,-0.5101767932462281,0.705893464926285,1.1669032829571255
1.0098253904670267,-1.1697052141670687,1.6922250281034965,-1.0471084273847717,-1.326756016874671,-2.214528082080203,0.7066170532591892,1.1684735129425683
-0.40421056689374185,-0.8991167398126207,1.1303491355437687,0.9550109366396483,-1.421888954898354,-2.1286408337199734,1.7918439747995327,-0.08273380336025805
-0.4740552350464124,0.7655487140339973,-1.2964970507234501,0.9550109366396483,-0.9151980689805731,-0.7432193457405032,0.8673428336072,1.3367122323114795
0.9752687449583739,-1.1268185978223992,-0.42404381637903066,-1.0471084273847717,-1.2618695158273938,-0.5379911316362,0.14454544836684477,1.164722357830641
1.3919880938269298,1.5685900686774839,0.8628400703161674,-1.0471084273847717,-0.3712715949631945,1.1168875655435735,0.8808739511718352,0.9443127957999975
-0.11792239270082978,-0.49608506510492134,-0.580869422147394,0.9550109366396483,-0.08153310016332971,0.7509171512563036,-0.14112239330359164,0.22624234224906872
0.030992190724599404,-1.1498008565631186,1.2107164986629615,0.9550109366396483,-0.18935772322225491,0.934702191586434,-0.10498876440230517,0.3125981050803508
0.3701361920122544,1.6732421588917294,-1.077727879917882,-1.0471084273847717,0.20106072375997544,1.6926814921491011,-0.006628886385562486,0.08492513093137537
1.1016877879019213,-0.8443215974634045,0.6214085587320943,-1.0471084273847717,0.32256875136789304,1.4897389545140816,0.4634125171156404,0.08101931565957361
1.6133704345934827,-0.644244780668098,-1.533332298054627,-1.0471084273847717,-0.6292190468188318,0.6344186757386645,-0.613920367550759,0.6984271353571122
-0.2464291563482539,-0.3091862635823422,0.7759144628364205,0.9550109366396483,-0.5488298578843215,0.6150395026134363,-0.003902525774068521,0.9414264500282387
0.8317231908369893,-0.16522896608426255,0.14058357339001296,-1.0471084273847717,-0.12534434016818813,0.19606465936358655,-0.48504044664270246,0.26551297959328163
1.1835664942084048,-1.5538931585343434,1.3752914242506475,-1.0471084273847717,-1.513404555837674,-1.4579128983165897,0.6178511474620578,0.5120301289846525
-0.30409890928704325,0.662911599419926,-1.273710936490217,0.9550109366396483,-0.865111183993959,-0.5271568292510833,-0.23420548232186544,1.1121101377366684
0.3475972588520329,-0.5640537391833071,-0.7614931395447961,-1.0471084273847717,-0.8306192946278456,-0.5461400599919957,0.11281784459399118,0.4423924897756083
1.0842850498658947,0.28631652277391,-0.08682532931410177,-1.0471084273847717,-0.5744807554107415,-0.34155706608180336,-0.27507493025925006,0.1572997626204916
0.04288959066307798,1.390238237266018,1.5496731689566239,0.9550109366396483,0.09455909863270752,0.677595240654036,0.35845985996844354,1.0905836258551929
1.631056431765702,1.7485863535223716,-0.3957249541988104,-1.0471084273847717,1.5150264707309076,-0.12718022795463046,-0.4377992944110335,0.39091039857548304
-0.4229119358156635,-0.706692972921656,-0.9125576841829869,0.9550109366396483,0.9259301264280388,0.5912358298008413,-0.2754227140570308,0.09209532183601583
-0.308637953633791,-0.24341275104220278,-1.6309342508365785,0.9550109366396483,1.0638447024758155,0.359471917237881,-0.6663284405563312,0.8112807031085393
-1.2056407065698043,0.43210463324034143,1.6574335084255971,0.9550109366396483,1.1265513001704792,0.3405814142756416,0.11790036955412185,1.8897044052172345
-0.5625585340288562,0.384728499157012,1.5914917087993334,0.9550109366396483,0.6940599644645583,-0.08654282672104668,0.1367022256960117,1.9284156691577587
1.0279067066097136,-0.6181506817950254,0.01808996299810236,-1.0471084273847717,-0.32392446957393817,-1.4821506828166702,0.3227557936055929,1.854198354680487
-0.34991170879564465,0.5135126693093034,-0.8575820281950249,0.9550109366396483,0.20091218594849652,-1.6270493990016381,0.3474731648739241,1.818899379064038
-1.1600030679400437,-0.4392157038909479,-1.6233529009997296,0.9550109366396483,0.11669313027632147,-1.4855295675471771,0.3508817833845157,1.8104783962702002
1.6281127448867183,-0.32411368675865576,-0.48462570521971327,-1.0471084273847717,-0.20857261196972574,-1.5830724924392374,-0.6122003647214639,0.8679465631509726
-1.7655737556476274,0.9933044593184082,-0.6756263334058848,0.9550109366396483,0.05318898009969186,-0.9228008996939403,-1.6315096817506278,-1.3224905025641378
0.2772249404778315,-0.6176852108718858,-0.119432828793053,-1.0471084273847717,0.05338918914158314,-0.9231899083832421,-1.6933407202616337,-1.4711411325090806
-1.1225324904862244,0.2569611145906514,-0.2950456261371398,0.9550109366396483,-0.05695914501415395,-1.0553003219287926,-1.4404211169983099,-1.3643700752089714
0.14081681378645364,1.1486969150116877,-0.05295125355080255,-1.0471084273847717,0.6260361791534943,-0.6126706740098516,-0.7343595000365313,-2.566290606794124
-0.5332995471741202,0.09136785447685766,0.9778553986965332,0.9550109366396483,0.8047437141675635,-0.8375488682023441,-0.07681958043406328,-1.266785168453325
-0.9277572445291269,-0.8355209216030407,-1.2423210735217334,0.9550109366396483,0.018126636490031368,-0.5901987232909869,-0.3316087964157943,-0.6285417780802183
0.18900199011785218,0.20853398505197324,-1.0914870133049486,-1.0471084273847717,0.37350125902028436,-0.8861659949492242,-0.7686499510820896,-0.2484756497585708
0.6359358747990816,0.8093077385500944,-0.3354344337779052,-1.0471084273847717,0.6110774058392406,-0.6795703331706768,-0.7868089913991458,-0.24969172248978494
1.5704424044169074,-1.6658068361109477,-1.536828409259962,-1.0471084273847717,-0.5995011102490784,0.08589708790998514,-1.4539686990030114,0.17243663462490125
0.41434349009584776,1.0648897726738755,-0.6939646073961562,-1.0471084273847717,-0.18076842295373527,0.7144201319002926,-2.2056285935837354,-1.7886103020656166
1.4588220688906213,-0.18369053831575963,-1.0729585072999925,-1.0471084273847717,0.0995978255639459,0.4547268645948287,-2.129482209279073,-1.8534587514133292
-0.050688055159886655,-1.1355467193789277,-0.9732069321082996,0.9550109366396483,-0.4785201549233382,0.8572927519582756,-2.076302804176091,-1.8768938462499383
0.4182537687486133,-1.2992264353410858,1.579349459818418,-1.0471084273847717,-1.385445992322754,0.5446507057991926,-1.2154049477320399,0.9466747874876698
1.2588876273535212,0.9972638736433413,0.11246867240314669,-1.0471084273847717,-0.24000207995749298,0.638040023150669,-0.47387148957431113,0.5109894799166976
1.2207193057222052,1.1142141294066066,-0.3773576767150318,-1.0471084273847717,-0.21878661468881153,0.6849950917802589,-0.33152319174798006,0.4164604064363493
-1.5815132767382205,-1.0906792990820402,0.27583263051340273,0.9550109366396483,-0.6089019619073986,0.9929802385091008,0.2749010649097202,-0.0527247668106962
1.3885432483085811,-0.027173396190281793,-1.6837860189795983,-1.0471084273847717,-0.1321667888516204,0.6451641508246766,-0.044579381300071365,0.7868280306977726
1.1193362591910714,-1.5628782994746115,-0.5100852325621501,-1.0471084273847717,-0.24556911859425246,0.9190687417970379,-0.9840012418379752,-0.7003523675295974
-0.23738627640914411,0.8822951546872642,1.5702910483273447,0.9550109366396483,-0.2950196340305538,0.8263768672934184,-0.3285559131475793,0.831215837435214
-0.4874136506108319,0.22354978954059054,-1.6822145189246227,0.9550109366396483,-0.6781134971876779,0.16516546231257312,-0.9152270576989013,1.5273086671488596
0.5927682772520024,-0.1283013197978811,1.5332890504078778,-1.0471084273847717,-0.2641740573794387,-0.19343956177719906,-0.34986741576784625,2.4275721304185516
-1.0438120806010505,-1.415862429266421,-0.4020797314876804,0.9550109366396483,-0.8614790381593989,0.39598872852031464,0.22639510617149813,1.6488542654235279
1.4115103388465817,0.40426604706133884,1.2768669777812038,-1.0471084273847717,-0.015368002417792301,-0.2959270796495887,1.0298191022670489,1.765675039137614
-0.7810272350192016,1.6115154249656023,-0.8643656531990757,0.9550109366396483,0.2982852987522501,0.498345961239111,-0.06481656002932573,1.5513634487699
-1.1912877473368255,1.0561553744887273,0.04640322888826036,0.9550109366396483,0.6564068443751032,0.7767297762310975,0.7123799260494285,0.3076267065688358
-0.8929977273261611,-0.875180413579902,-0.9251156407835787,0.9550109366396483,0.3351581039222326,1.1809295931114612,-0.39293296904896713,-0.2249983281388784
1.4091018554751673,-0.7393827316271122,0.262069650381082,-1.0471084273847717,0.6261265519853835,0.5102893635331471,-0.09432758537009195,-0.20011093139589306
-0.8415741555752444,-0.12941266694018264,0.9847021111275125,0.9550109366396483,0.3965798742073954,0.5544560398837072,-0.22568659056728832,-0.5728549152906715
0.112586629406407,1.233307424267902,0.44130288525426825,-1.0471084273847717,0.23390448957707555,0.1383839333343175,0.3613494972858194,-0.956197012247294
0.1755894604983211,0.9181191579484443,1.422672535582683,-1.0471084273847717,0.17453214796298913,0.024180744990796574,0.9801280967849194,-0.27020223960434436
1.5235951277567323,1.2953980763570359,-1.0307847752566206,-1.0471084273847717,1.1081445783436488,-0.16185969549852816,0.9326186458936871,-0.12160635238047048
0.8484798065334452,-1.137811965782267,-1.1104401267529624,-1.0471084273847717,0.9367716068713705,0.35838883707412117,0.31553035251768924,0.7187506602841665
-0.8212165750214033,0.7887037886180222,-0.6104948530817137,0.9550109366396483,1.3316732146317398,0.19865522721312398,-0.4016793815345782,0.45376883020487213
1.5961710131575069,-0.08450981036352048,-1.7065529719148176,-1.0471084273847717,0.7648517166183219,0.09467810721465619,-1.3673677339233898,0.8643934601375152
-1.093837772362545,-0.44980310509527627,-1.0275508277879504,0.9550109366396483,0.17647896967879034,0.0757019597574714,-2.4690022569572574,-2.0738965567438363
-0.018150128455504986,0.351488218468629,-0.5708632088397916,0.9550109366396483,-0.22951693444032684,-0.7556579641767057,-2.262218874255525,-1.828330551308533
-0.624268756427844,-1.4989981484928852,-0.05015306184360203,0.9550109366396483,-0.3848708695427475,-0.280488432531818,-1.7855077088605547,-1.257379228971819
0.712017892015684,-1.4742183045278632,1.6278871892678934,-1.0471084273847717,-1.3582022671119722,-0.429504687550761,-0.7791182627166672,1.0820010515372362
1.49110322857316,-0.6335671435797051,-0.011170511601629084,-1.0471084273847717,-1.5943636193315724,-0.6312740417680709,-0.016864553137381236,0.15129876240397921
-1.48718689553775,-1.2365548619130928,-0.029386372983662826,0.9550109366396483,-1.932762448581131,-0.6098484018861858,0.431915929293823,-0.46278354030268937
0.17283187300597908,-0.529505824208644,-0.7838176475665469,-1.0471084273847717,-2.3116969092090462,-1.756600415280918,0.3361703882783415,-0.27180335358008567
-1.3799572533075064,0.17721137809481866,-0.6827078027207294,0.9550109366396483,-1.5907231885166304,-1.0872156629445582,0.05177013698844479,0.010090242434148208
-0.8032044986645241,1.3493619384886857,-0.612789518711262,0.9550109366396483,-0.3762406783107559,0.14030625487286658,-0.9556510040262511,-2.144466387072504
1.4587539126312263,-0.365257291478151,-0.2510231700530295,-1.0471084273847717,-0.2608348478941455,0.05316712020382608,-1.0634901394053342,-2.344286717430194
0.6760980835340739,1.6813480367246258,1.1415060890133015,-1.0471084273847717,0.9942178624508629,0.19111405500226247,-0.537050151043808,-0.6039927482557145
1.1820148918362143,0.1338772150304262,-1.294616581377263,-1.0471084273847717,1.279553156432923,-0.27224346472407546,-0.766708290879958,-0.1950634195367232
0.23984627703689884,-1.1346379858633049,-0.072294022978875,-1.0471084273847717,0.7152985677799949,0.8160396918119245,-0.49226274311807444,-0.2558775861614997
-0.1009937687829342,-0.7861436381176115,1.099319004418201,0.9550109366396483,-0.20322824924599467,0.5414294434842162,0.2775111005470683,0.21597338402676963
1.5070924052890802,-0.6714237325637734,-0.025897396766492043,-1.0471084273847717,-0.3349170117063879,0.6390497109564353,0.3787289436158625,0.15828814778571074
-0.7337100224166644,-0.06379452297729424,0.2963095974892948,0.9550109366396483,-1.0855403105539538,-1.5300694435779476,-0.0012762623295615922,-0.3633543403374435
0.23900396936148677,-0.426623459097222,1.3070887660913606,-1.0471084273847717,-1.3266236894911112,-1.9820906167631092,1.1684654323992347,-1.1635841429185898
-0.6808381159176842,-0.5309666185364496,-1.1709478933192419,0.9550109366396483,-1.066971668145588,-2.4265100852784305,0.6745043305155435,0.10058537574966862
-0.9726160410740096,0.87873055143666,-0.906893041964041,0.9550109366396483,-0.35087351938297506,-1.1751853237133527,-0.227500149508991,0.1085775961269889
1.0021574523270476,-0.34011801954089066,-0.4131169787515471,-1.0471084273847717,-0.20837181609590358,-1.363095344198454,-0.4015963016747534,0.13712118800951942
0.15040259793410968,1.1660420948680288,-0.7873419212928385,-1.0471084273847717,0.3206073289020077,-0.5184374682678378,-0.8888122599726346,0.09711545052931654
-0.09744189576123223,1.7273028243515294,1.2334130360410676,0.9550109366396483,1.2470572875993282,0.10328550677701433,-0.9219372921417313,-0.01801760426947565
0.8891749144197362,1.4975687877605126,1.2798752814503727,-1.0471084273847717,2.1195739367628144,-0.5106548392988367,0.17996690954850011,0.4579651130349901
0.29128745715638715,-1.4582370907441387,-1.4750241374436426,-1.0471084273847717,1.1143939581292128,1.508093058442943,-0.07546810006972732,0.9983465999157372
-1.3008465823276136,0.4492054799143962,-0.3439047873667412,0.9550109366396483,1.4538989491256096,1.2168932033513908,-0.04434990056833749,0.9803372060002518
-1.3659794129408498,1.2090554020615636,-0.34222304104134277,0.9550109366396483,1.4723998964324423,1.2321481155099336,0.1557781092571273,0.7817334466370899
1.4143825497030265,0.8790445091647034,-0.7584157634603181,-1.0471084273847717,1.1075457753289093,0.7950732734225073,-0.7397595802069444,0.1749812290303067
-1.797564130581498,1.3317912869101725,-0.9276847314490998,0.9550109366396483,1.0362413114779785,0.6763568090259139,-1.7322912645566075,-1.790517131352222
-1.202256123959303,1.4886429864693818,0.6309206785355023,0.9550109366396483,2.3037577287293005,-1.9342696425611865,-0.785446357447664,-1.3029957272849557
0.6621455820392642,1.0627292148522756,0.260031192471122,-1.0471084273847717,2.5676474650033456,-2.576505513049989,-0.5139132657966079,-1.0898167279341837
-0.37775258681888224,0.3053293415342897,-0.39238215027751067,0.9550109366396483,2.1789354752370977,-1.7649963054327829,-0.5364650899303793,-1.0805574205480108
-0.45860567044945655,1.4335485185644825,1.4732051404450501,0.9550109366396483,2.4174395598724305,-1.6727342748590566,0.4668845094646208,-0.13228922281332858
-1.4354683752313615,-0.28370672924284185,-0.37851906544039343,0.9550109366396483,1.7225791638405994,-0.6536486600741201,0.7137925528635057,-0.6697222624199716
0.3082908268346797,0.34155401870955787,-1.1803393114308158,-1.0471084273847717,1.229191560481368,-0.9804798618023317,-0.10056036082024336,0.0986752389726728
0.12038507606760528,-0.076554513454432,0.02436292532681937,-1.0471084273847717,0.7391611582596703,-1.0343028683426385,-0.2065181697901924,0.05302384458626488
-0.4576205560151693,1.0565739709444288,0.22105494590186395,0.9550109366396483,1.0622876093535423,-0.7802876784866555,0.06928667843850425,0.020733582737834242
0.9095296781242153,-1.5243731338420696,1.366651695571135,-1.0471084273847717,-0.20997802655031542,-0.00633288489081022,0.021379636502615096,-0.12220651928611012
-0.07810072524787477,-0.8781110324711302,-1.1853415545788306,0.9550109366396483,-0.4656440845797609,0.22568177272543505,-0.34137239716190587,0.40001861249722875
0.9101751096890882,1.1190008057102894,0.29163545274016844,-1.0471084273847717,-0.13124752270999204,0.7846811090637502,0.32043592671868987,-0.19599465561936083
0.8657122845721305,-1.443481763850582,-0.0345004115620622,-1.0471084273847717,-0.7191922933379252,1.3421089928438468,0.29397063174715,-0.18758583997228778
0.9610992194029016,0.8981549555073494,-0.9344035878858787,-1.0471084273847717,-0.7873317145596946,1.1963869949045396,-0.2255301736829416,0.21807285723604156
0.659149043977555,-1.0011223561240856,0.46062090755612367,-1.0471084273847717,-0.562270316158918,0.8323863372876847,-0.6328868293781469,-0.8149079963729507
1.57056432455441,0.26333408954391196,-0.8026548283211321,-1.0471084273847717,-0.07131025207868695,0.6900928943480932,-0.4608286752299697,-1.1963525653222427
0.5290004828990381,1.2504377646154434,1.1420275265991395,-1.0471084273847717,-0.014776392918933805,0.8133869417903521,-0.07848750557077584,-0.3365664411158228
-1.7029499533771204,-0.7507849479083194,-1.243388997604034,0.9550109366396483,0.2831673860538266,0.14387727820033197,-0.622010769936932,0.22571148716509673
0.7762601884488398,-0.37598036391288325,1.622257055894816,-1.0471084273847717,-0.2648655819833335,-0.1675643864518552,0.527478566821449,0.9762401055099501
1.358061291684649,0.7237695130065528,0.9186074975341257,-1.0471084273847717,0.4770474598849085,-0.5099223231266903,0.7333919729822118,1.1123316362771645
1.661830764900336,1.3129929287675863,1.1751187269320313,-1.0471084273847717,0.9285282722588606,-0.012428798112827601,1.62261034375682,0.6033319130124755
-0.47926856224359454,-0.2513493277444041,-1.478625332394127,0.9550109366396483,0.28257738694758405,-0.33962829618862195,0.44434973882041756,1.7678704563209784
1.7039732623760913,1.036961095187639,0.5262729651793805,-1.0471084273847717,1.0515253590832132,-0.6731381088766286,1.2399999401229762,0.8759719911029521
-0.293021111398048,1.2131113488408145,-0.15150536269710232,0.9550109366396483,1.7350278368419627,-1.1447295760501348,0.44250615029442836,0.3630141365782946
-0.3492859121556196,-0.8518374073956384,-0.49117313282232417,0.9550109366396483,1.0573254579134717,0.11232138217321765,-0.191339333151071,0.16889897281583607
0.3036103194933957,0.27147194045985384,-0.4833609839035263,-1.0471084273847717,0.60934491001138,-0.2988730264423503,-0.9370013542226178,-0.8685575239089725
-1.172704082591582,1.1565280486737461,1.084696155203023,0.9550109366396483,1.2149032094091958,-0.25793715013032636,0.21548273624289035,-0.99266598525974
0.46380905830665264,0.1856664671372417,-0.848890275102602,-1.0471084273847717,0.8487431049260723,-0.3747891397158433,-0.402798569432746,-0.7824172087703178
-1.1195190417490308,-1.0533775311643618,-1.155302377221108,0.9550109366396483,-0.12612244428235334,-0.1679836682608019,-0.8541114831243211,-0.3575102449956907
-0.5315266558195233,0.7359341394179711,-1.5647422872264714,0.9550109366396483,0.5568122017497196,-0.42967515619345525,-1.3367943523827968,0.20456783536452627
0.17676918926158852,-1.1023140713501303,0.722877203510577,-1.0471084273847717,-0.03408266948165266,0.28627492882998384,-0.7944627224904217,0.7959007429377294
1.3638008870217837,-1.5549274595202385,0.6211440821197266,-1.0471084273847717,-1.2003379229129882,0.0722626790396007,-1.0028784018797425,0.3230018912053054
1.0746374530908862,-1.5045623108004502,1.1401211054033784,-1.0471084273847717,-1.927341624730555,-0.03531166223964027,-0.10860744020774955,0.9465012369489865
0.3721344286549143,-0.21315178504819218,0.8611654638074832,-1.0471084273847717,-1.5659424841158749,0.1057221000296526,0.7980081041027874,0.4682886656746206
-0.2015226585642082,1.4985018583759897,-1.6306883134439643,0.9550109366396483,-1.2379457289988023,1.1838324960124404,0.768358391254507,0.5739569792961888
-0.5271316145810491,1.6397654020240047,1.1237060841312507,0.9550109366396483,-0.05851845037128998,2.1792809193682916,0.9485733623962852,0.7462152452821407
1.3793803305664092,0.2670379734602824,0.27432005889383454,-1.0471084273847717,0.725148016352018,1.2582131562182697,0.7926392858892589,0.7301504797894258
-1.727459855673715,-1.264205921971704,1.1349688456285127,0.9550109366396483,0.828530461802515,0.9570184606245797,0.7903228002477949,0.7269881016245117
-1.7459384822190094,0.10014540967690835,1.6972954101470512,0.9550109366396483,0.963286314564714,0.845487870517198,1.166251635308367,1.2468026338770615
-1.0609015225096017,0.35055825874771807,-1.3838391778241197,0.9550109366396483,0.4695311156822235,0.29288185797005256,1.277236427080902,0.879471946063731
-0.7526304680325357,-1.0720683706752914,-0.44949586832049127,0.9550109366396483,-0.6968868374375908,-0.6162923935815919,0.5699157768765851,0.9675811236359346
0.3597433078792028,0.11272570444775583,0.13061450129307453,-1.0471084273847717,-0.7632598588133456,-0.7124595743432673,0.5053049312812504,0.9716042767184443
1.5958506315336385,1.2114445458235095,-0.8050646154476201,-1.0471084273847717,0.30157058188564756,-0.48287450690710687,-0.36694527599059396,0.7763231177989754
0.06510715872359137,0.5653086550404691,-0.6794103533745435,0.9550109366396483,0.5016472849585893,-0.40891081826850834,-1.4355258631037444,-1.500404911826535
0.8292676826321438,-0.9088835794264961,-1.337916474650858,-1.0471084273847717,-0.04006570119335206,0.07726244726214632,-1.4148787515126178,-1.5564551210820305
-0.9906645001829487,-1.3798405269126894,0.4218250242490286,0.9550109366396483,-0.17244511622968325,0.39890391276329834,-1.0231278645343713,-0.8893687623222801
1.4558280736035671,-1.3602370237228627,1.2873486657021644,-1.0471084273847717,-0.8059980233846081,0.8672021523761565,-0.5030535282368002,0.3510360580523901
0.29319656576885716,0.38765055976457585,-0.9657536386504975,-1.0471084273847717,-1.160329511060871,-0.005998945747722726,-0.5753002376916331,0.4393096416168462
-0.06252363448825449,-1.0937956692884259,-0.6818576663862208,0.9550109366396483,-1.8739459168591073,-0.79217679050682,-0.5764005637037981,0.4401844377599035
1.1568987384175478,-1.5879504079958435,0.2972010525354339,-1.0471084273847717,-2.166027145504255,-0.5442540371289627,0.1587576851703922,-0.20033955828222313
-1.1979138109690748,-1.5116877101117803,-1.47347698374519,0.9550109366396483,-2.22273745094404,-0.4815642018211448,-0.6933810034059792,0.5006594006907091
1.3776569972405888,0.6726690664668369,1.4654021174867502,-1.0471084273847717,-1.3483408767603573,0.45993020456738404,-0.6133271469439254,0.7389000276398339
-0.2595330262264132,-0.7673122350292675,0.054706174216000845,0.9550109366396483,-1.845115182248867,-0.11697931214156801,-0.15452254323793913,0.5047048707624353
1.219907799786334,-1.2148311328520567,0.6248109606478082,-1.0471084273847717,-1.8971751348484953,-0.08328229358957828,0.43296319019566637,0.4045755447529155
1.5849734712309596,0.7468458829551231,0.4400254286360627,-1.0471084273847717,-0.8929291010172985,0.3995243008248006,0.4971778515181279,0.42396545387034995
0.3428938250285029,-0.9524209427339041,1.7530297135083852,-1.0471084273847717,-0.6523764518763033,-0.04116988730726382,1.9478338282878898,-0.902253075136015
-1.0423775017423342,0.40212726550170513,1.1270950168052656,0.9550109366396483,-0.7687422914391724,-0.2748146801303336,1.7957290091641633,-1.1097036036178514
0.20281365286983552,-0.6050125381533543,-1.0956610280569605,-1.0471084273847717,-0.6989337057773998,-0.3332124186553906,1.2785172956792172,0.3583915057334257
-0.022502992523658272,1.5184729024586079,1.516861005730217,0.9550109366396483,0.47671906845136863,0.20422484688378473,1.6795881289051453,0.6614949174901595
-0.8825204430846529,1.4542873802831464,-0.3376999317432273,0.9550109366396483,0.7810048515891791,0.6846534245104332,1.3299183317589047,1.0283455118874907
-1.02901758169404,0.8009497685783261,0.519234931090813,0.9550109366396483,1.5351672551768218,-0.2818874738356478,0.7751970981892082,0.38089200030590614
0.5211986435655017,1.7514768066434738,0.6410876350949535,-1.0471084273847717,2.1155514755028015,0.0214252606425594,0.5566853828307946,0.12965128171844498
1.689579636310689,-1.2840853724774899,0.453073062226633,-1.0471084273847717,1.8234676636535185,1.0581123340445733,1.2530051414134638,-1.1027177204416656
-0.6556085024889116,0.6521605106542652,0.13919912011588995,0.9550109366396483,1.4508480964132504,0.849764478287817,0.6336004304189151,-2.0724205018475836
1.5258858303169884,-1.69670949390504,-1.191247642833641,-1.0471084273847717,0.09553666055812385,1.879397070591584,0.24984046810257415,-0.7673811498110616
-1.5899821846372952,-1.4004241945433806,0.8833926435409918,0.9550109366396483,-0.8513215642953198,2.044732166592143,0.41356787102485093,-0.5337853606262626
-1.7576939045411237,-1.6572562898005243,-1.1489093739072211,0.9550109366396483,-2.317490885259396,0.11633738566455167,-0.3912250840678244,-0.0535984593974164
-0.5903508385635252,1.326903815628367,-1.1885833935085817,0.9550109366396483,-1.1944483540142103,1.7489354020603352,-1.1293232728433444,-0.005566988431285714
-1.6098210774786,-1.0044366852479192,0.40946385039667094,0.9550109366396483,-1.906986390025502,1.1466030362070305,-1.007810694975272,0.18099111335128948
-0.8683131532277263,0.9057368054770185,0.5671209832658073,0.9550109366396483,-0.787618338713142,1.5554844347304122,-0.2172380428289604,0.11605657875421328
-0.6653031022778118,0.26831648631686966,-1.5715904160322725,0.9550109366396483,-0.06985712899145492,1.1378997747757718,-1.3210125526633592,0.12300754776818665
-0.6952059880078001,-0.3788745760315862,0.7173233845738424,0.9550109366396483,0.4800023044633947,-0.025459940166942686,-0.4819435659358524,0.4242237159195221
0.9689853609230573,1.3337493125334234,0.9569203101131235,-1.0471084273847717,0.4829466997166992,-0.018222974564593673,0.48268724468350027,0.20628713903165366
-1.1030608332711878,1.1821465462747058,0.1964432130469296,0.9550109366396483,1.42344311321923,-0.8635041303036993,0.3869119403862102,0.18561420845594928
-0.5160101265229156,0.8722782436865426,1.4474096192188524,0.9550109366396483,1.409051867136645,-0.8732982465409572,0.7826947763911003,0.7343283185669475
0.7169929785768163,-1.6586754210740133,1.657971779143336,-1.0471084273847717,0.5802112579056328,1.1606188187479645,2.23472452260829,-1.3814058985821283
0.5822481612539808,0.6702113534038183,0.49149298654200296,-1.0471084273847717,1.0314456494741213,0.9866107317344984,2.133189876199516,-1.2553919042367376
1.6490028797366931,0.12415316849667146,1.420621527465142,-1.0471084273847717,0.5111723670064443,0.6432567304675105,2.341672611710244,-1.127642573587319
0.9057983149076771,0.7152149850169718,-0.5833035829921909,-1.0471084273847717,0.3103350732857571,0.34992179848398675,1.9910939654597803,-0.09376659764384117
1.2501036862787345,-1.3299940417571643,-1.4262585768612759,-1.0471084273847717,-0.6369095392934444,0.6303664939061684,0.6990762090902525,1.2751357085190091
1.6377829110485784,0.3698779642658528,-0.9045693519172673,-1.0471084273847717,0.23561484304256908,-0.396980458334026,-0.4530570285861664,0.666559601713271
-0.7061308782875727,-0.29320498498831404,-0.8832433849257573,0.9550109366396483,-0.17877121732092677,-0.5837756680636942,-1.0711464115866804,0.5085280705690798
1.6640485242070513,1.6339528750009178,-1.1060636814581144,-1.0471084273847717,0.4706260654368052,0.5795713725691448,-2.207158620351114,-2.371347401218605
0.06910222065721887,0.04268467604718918,-1.7016650438958039,0.9550109366396483,0.18135633426934505,0.45355998823009497,-2.7099803683517463,-2.218315114296367
-0.4445295804206293,-0.8154311915749375,-0.16500706271750482,0.9550109366396483,0.4026808684289846,-0.10887694870156037,-2.142914430208807,-1.5005154295108265
0.40380095744775296,1.529444472553074,-0.5068239418165955,-1.0471084273847717,0.9014353299741634,0.558821583959587,-1.9640858051554595,-1.3689639084598384
1.6976248098123452,0.061006352745938734,-1.0507938436149338,-1.0471084273847717,1.0537892344395443,0.3900982038474651,-2.0394174554864057,-1.3488621340402025
-0.3331736540769348,1.3942094254627486,0.5235516608965182,0.9550109366396483,0.9506704273432501,0.16955934951996166,-1.306733020572723,-0.418171379446973
-0.6357477581768314,0.5913971403441796,-1.174725892085392,0.9550109366396483,1.186683444033263,0.07893561900994524,-1.0698181458512699,-0.9854042987930787
-1.1817379047607794,-0.26670232860936655,-1.1492175827017248,0.9550109366396483,1.4227035141428641,-0.5649978161655826,-1.5123248588948526,-0.8790191047706045
-1.045661930004501,1.4635106309547639,-0.30436497330352585,0.9550109366396483,1.394343952678341,-0.628777449297463,-1.4212981416795676,-0.8169712225344727
-0.36030928679065993,0.02799209549820951,-1.2038085231215776,0.9550109366396483,1.3801438115228108,-0.6057996853958043,-1.4900944220495291,-0.7277514593154083
-0.5489628911065243,-0.26026103362543107,-0.2730284642088644,0.9550109366396483,0.6685205306954061,-0.7838342268694865,-1.8482414299090686,-1.7335086442069874
0.9392478401629328,0.5629725144741454,0.5746617837400761,-1.0471084273847717,0.6562944885761206,-0.793259902448231,-1.06170666468334,-0.8310218955755969
0.6851997873557764,1.6212915490709014,-1.2544452146334093,-1.0471084273847717,1.4683612075898569,-0.3962665121098299,-1.1090176134915253,-0.7387153445140885
0.7477792752054353,-0.46350403149984837,1.6846585831973708,-1.0471084273847717,0.639510810917179,-0.4162046787298739,-0.214741177422157,1.0352352657482435
-0.2697444473589259,0.00460104992284922,1.3632105276375035,0.9550109366396483,0.629449819798912,-0.40915703172915313,0.9394053587171555,0.8777681680997488
-0.6312056143910726,-1.5421244748848595,0.31297022378880857,0.9550109366396483,0.07809282056636917,0.8158885327892101,1.2028737407436527,0.6701315551116616
1.3812144039104424,-1.4948499218123068,-0.901366325681422,-1.0471084273847717,-0.8070208092517603,1.2610454523678714,0.5392430095150208,1.2730674136510374
-1.5390298457608953,0.5305237121679831,-0.24888104718701723,0.9550109366396483,-1.2761834845077815,-0.12511764785530546,0.9913504453289007,0.4378366132565694
0.9145543514520541,-1.5475686866151197,1.6901360989643806,-1.0471084273847717,-1.742462977299283,0.18519488402179488,0.9938131679359922,0.4435614358221194
-1.6017187282678778,1.7186182785841713,1.5482472191192602,0.9550109366396483,-1.0052273518733112,2.0305191785931602,1.0770067291482472,0.5949827272648863
0.7247416048425769,0.9150349319907772,-0.5765072653383175,-1.0471084273847717,0.051649686354644016,1.8937260521679018,0.6770925318825906,0.9550997566589632
-0.749337913322275,0.9591808357971403,-0.4987204083828522,0.9550109366396483,1.1071810253329486,1.0140159485751488,0.8581244531701894,0.6315233005269405
-0.7592691678392154,1.4099605394039119,-1.607683735465866,0.9550109366396483,1.4854456941521084,1.2446509042197744,0.2471989458156262,1.7573151634732853
-0.4383363536591586,0.5966628030119807,0.6793360114719088,0.9550109366396483,2.4077257137922468,-1.829795723591299,-0.20726258977904485,0.9474582938693394
0.5774637173334121,-0.8967238769363378,-0.9355020461122043,-1.0471084273847717,1.2828108777646243,-0.23840836611003324,-1.3239705512013733,-0.4725447218640148
0.7075810482643518,0.7424183388228055,0.7390659629287353,-1.0471084273847717,1.2085647734110054,-0.2826139645514978,-0.7324812578153183,0.2208161195474555
-0.03087405788124358,0.6169921167903868,-0.9530649313396635,0.9550109366396483,1.0613820554941698,-0.37608999169368124,-0.9367571696864858,0.361876015030641
-0.022477780843762677,-0.7676228674902026,-0.9417733393719551,0.9550109366396483,0.12475665987160772,-0.4826314161687565,-0.6373600238789117,-0.20835148406692822
-0.7827922670820203,0.14540083596625997,-0.44862681372501206,0.9550109366396483,-0.0693408048112521,-0.6668678274065591,-1.144498600513151,-0.8494596407595831
0.9184779911137159,-1.3860777492072165,1.1033690155545772,-1.0471084273847717,-0.27982241610754505,-0.11091612129798901,-0.2278104392930166,0.0013254175256616433
-0.301745078008659,-0.5909705250924265,-0.7015777838190548,0.9550109366396483,-0.8533416063389798,-0.5887593365157462,-0.875532157457925,-0.37713580662707397
0.08167543613575366,-0.07864328472502286,-0.07714411045215575,0.9550109366396483,-1.1525493340846356,-1.252868526480562,-0.481713116239402,-0.5827884716685572
-1.544052460601424,-1.48381518327539,-0.49321431886333256,0.9550109366396483,-1.4605990321997155,-0.7541888586857634,-0.28003839955937554,-0.8769092439317119
0.9711878800795389,-1.212963522587557,-1.6829701943251445,-1.0471084273847717,-2.044860719123896,-1.268151524219333,-0.8350062860286512,0.1835045914361815
0.8547505645058254,1.1973319011644161,-0.7140444446005306,-1.0471084273847717,-0.9336807394391344,0.4086864912243975,-1.6521258353170423,-1.3573733653442337
-0.40879425934064023,1.6838486924300027,0.5276118176223125,0.9550109366396483,0.04476786686279321,1.6581809250699873,-1.0994751176129782,-0.5251221889889155
1.555861674733851,1.1088692951368058,-0.26601580334856606,-1.0471084273847717,0.5555425340459265,1.9357812203727944,-1.1843929175282917,-0.596379473504586
-0.2239433415270746,0.3113729621579252,1.0794082550057476,0.9550109366396483,1.327691514245778,0.6704293068613267,-0.4773327592685508,0.4134141282905058
-0.5189074772144304,1.339713100157604,-0.7140132167547467,0.9550109366396483,2.4256525586336473,-1.6001245098906358,-0.04168412666483189,-0.6079562990131453
1.147109929838801,1.0785721101539698,1.4135083884921391,-1.0471084273847717,2.3745714216783176,-1.6046997664802427,0.9148758692733294,-0.2539332692780888
-1.5526420976104423,-0.7815588974251249,-0.1244224090673075,0.9550109366396483,1.3141466627881466,-0.2887787485466544,0.6217175290749691,-0.1613577941478215
-0.5971326575210263,0.6593001399817141,-0.5876255228039161,0.9550109366396483,1.1207773128593552,-0.4405440525635375,0.47711994862913465,0.04644701681844069
-0.37643706548049183,1.291482166363758,0.7926964257821627,0.9550109366396483,1.5423433333554164,-0.2521632540750375,0.3482126604379074,-0.16055176220075448
-1.4793139867701717,0.40941497640177105,-0.6661239117462139,0.9550109366396483,1.1422021284531758,-0.5003624212626842,0.36974396753022226,-0.20116553525657654
-1.692784772106792,-1.3546933863398667,-1.6458374006289642,0.9550109366396483,0.09560237429777113,0.4864541267635476,-1.0057555030804026,-0.27614993606677996
0.7287699735053448,0.8358397672909366,-1.0551051372775024,-1.0471084273847717,0.7912802801005975,0.2372240598479393,-1.4241958129374155,-0.22834093822081647
0.35249107720693656,-1.5851487067690366,0.45470779054126087,-1.0471084273847717,-0.17410537740718907,1.2943252333137958,-0.9555567575536174,0.22667416734842352
-0.042942051496366075,-0.9242315749418671,-0.8527705594688704,0.9550109366396483,-1.1271314488616544,0.4824931459648672,-1.6953681823256683,-0.7056341926808741
-1.3700374918339875,0.00038602209922081643,0.2118015333977015,0.9550109366396483,-1.3030635876407304,0.21102342729130452,-1.3006478505066326,-0.28242952532116244
1.1747145006500828,-1.0155322158494924,0.23715884113021038,-1.0471084273847717,-1.1571830833695103,0.019870864286477583,-0.454041905238307,-0.9649247301359258
-0.14458813417563984,0.6751110987600208,0.971555032734051,0.9550109366396483,-1.2263159359959785,-0.1849090953228579,0.45715616883078414,-1.0829298696557856
-1.008274182184461,0.4156030625154504,-0.0518968936716945,0.9550109366396483,-0.3657496258763394,-0.6500048188126021,0.22938378774797333,-1.116129494427342
1.6979201777287272,1.2286297422766315,0.7429846801429346,-1.0471084273847717,0.5602422679709379,-0.39284277958792535,0.9468445256336198,-1.9728602218145668
1.4041326463529842,0.47090058941014024,-0.591158711644,-1.0471084273847717,0.7626206895544915,-0.42952659856518227,0.5858289791387826,-1.2297050336752968
1.1267564657273967,0.3983852249346161,1.7223166612246426,-1.0471084273847717,1.370776950370658,-2.170969058225761,1.2535644808193533,-0.22145188457989418
-1.2298326731597176,1.6088492038618942,1.0487972686230749,0.9550109366396483,1.7723977651371934,-1.4084596292528155,1.2882930345356212,-0.18705118336421328
-0.1048450410140311,-1.5239161181708292,0.40279769034608315,0.9550109366396483,0.9381689065885107,0.9353757355479166,1.4927263358740925,-0.3952836338782125
-0.1693944453403171,-0.862378125239835,1.0996099447064989,0.9550109366396483,0.038781510008419305,1.0040126578457464,1.6530671068839882,-0.3126060088961525
-0.38389650035616885,-1.136665989996279,-1.3125755735282865,0.9550109366396483,-0.6526674047193535,1.2235081094094897,1.3287139346665762,0.7278679811629208
-1.642252251818703,0.8353608606933465,-1.0379348478126147,0.9550109366396483,-0.464714797979161,1.4841957623553066,0.08768897340396918,0.6712608807946306
0.7738070458014125,-1.4077182834420292,-0.8436589453985588,-1.0471084273847717,-1.7622052671263562,0.03502599138217634,-0.7631702298273075,0.2745836859261205
1.3946530909006531,0.333972629059224,1.5111124457173628,-1.0471084273847717,-0.9630874113474025,0.10128967471181057,-0.26486553844389193,1.2891267775199022
-1.7209928410528508,-1.435734901862866,-1.0485388686707295,0.9550109366396483,-1.209700476104071,0.4269787712989771,-1.230685605629589,0.7260449008224406
1.1251350605188362,-0.673784105536385,0.420410953450723,-1.0471084273847717,-1.0106050353571483,0.27165290898678246,-0.45152489129929685,0.6257127885062223
1.656842207168241,0.5468573461021579,-0.19191191204202548,-1.0471084273847717,-1.1346965937502609,-0.043777472151791307,-0.07114811126515556,0.27137134580256195
0.9199655728275685,1.2917047930797887,-0.30811712805773084,-1.0471084273847717,0.026383252374255785,0.43934744550507376,0.16963457137948473,-0.021376496610486184
-1.200773079645349,0.507491951649833,0.38850423680036933,0.9550109366396483,0.10101764004227837,0.49601074165872133,-0.3350965389642315,-1.3130611155938712
1.47358168048232,-1.3393545706223513,1.1838247524150587,-1.0471084273847717,0.14247289066211002,0.3787591978423738,0.668586990348764,-1.3390752488982598
-0.23924095112398072,0.677131490175041,1.173234525116286,0.9550109366396483,0.7235307046957862,0.14023067223265132,1.0070608000015993,-0.8970254580306084
0.7538525402661415,0.3104588111656537,-1.3579365907327807,-1.0471084273847717,0.6218506172150946,0.11522540746372713,0.48280939502431997,0.4139375145026931
0.6766382294334867,1.0309150981862099,1.575430370805828,-1.0471084273847717,0.509679367939103,-0.10688407625522049,1.3296631886587766,0.7636163333486768
0.5887972476787564,-1.6679284479255698,-1.2139303955047458,-1.0471084273847717,-0.42601567177644395,0.9910715045807195,0.6091993573842357,1.7097620145783272
0.034116021320243016,-1.2789187515860123,-0.06216666375278969,0.9550109366396483,-0.4000209279078637,0.9410394912726294,0.04899444709960078,1.3716420663765203
-1.5416905204370142,-0.6489378060832645,0.2807082907950405,0.9550109366396483,-0.9703918148730489,0.5992679394119503,-0.35229048354815584,0.8642389239179208
0.2861959117288946,-1.5821932339573288,-0.18496057216392167,-1.0471084273847717,-1.7844621117566812,0.5927142625087132,0.17508628383711353,0.15449731605686334
-0.3803513796837414,0.5404273646706845,1.0184998394593732,0.9550109366396483,-1.9954314211285051,-0.13380877513668984,-0.07531288769753493,-0.556837598386263
0.4906990791051814,-0.40099065836082654,-1.680992931050306,-1.0471084273847717,-1.4504942652779442,-0.4406362152816522,-0.28530689120948927,0.09037277971477009
-0.8177740620650715,-0.5549304426176692,-0.18036376550384964,0.9550109366396483,-1.1390913430446394,-0.7006429400784556,-0.3384489882762606,0.08859296300034362
-1.8409075233706218,1.5534159076904455,0.2508756828527153,0.9550109366396483,-0.19181170639170397,0.8563316302273551,-0.35186190046733007,0.0770723562720524
-1.3181245764583842,-1.591360104650334,-0.4443348543835177,0.9550109366396483,-0.19575457437199473,0.8667460758986716,-0.468478070222224,0.1089145665347572
-1.3339655697615271,0.6207737132460278,-0.2169497274622045,0.9550109366396483,-0.16119588409039431,0.9069512522980471,-1.0239433044267412,-0.8458281528690241
1.1712120414353218,-1.5259903337119813,1.322891051544259,-1.0471084273847717,-0.645082408328712,1.5195620735531243,0.3266202188360447,-0.9414421234666299
0.8097487100112689,-1.3707608044744195,0.19512771066959386,-1.0471084273847717,-0.995988570184917,1.8225062380692805,0.4954433471440589,-1.028628590672667
-0.326677982949815,-0.09950891705907913,1.0298945193713471,0.9550109366396483,-1.7069470404845857,0.17551185943535358,0.8456946986053526,-0.6956273540508802
-1.6354828263597754,-1.0741968756473181,1.7365954657528124,0.9550109366396483,-1.484504027540584,-0.11215336059864454,1.8262535198584402,-0.5680862945287504
-0.8616233169348346,-0.75237483771343,-1.2535671821529815,0.9550109366396483,-2.0751247131681203,-1.3818472644815785,1.3601843474153583,0.8021650534301533
-0.10271653320416979,-0.7705698883736164,-0.25694668857048897,0.9550109366396483,-1.750202153951163,-1.7217143241935982,0.6498802088946818,0.6978947785929532
-0.30116009401944516,-0.3302929104787866,-0.7271866558150599,0.9550109366396483,-1.3026745645321174,-2.029643008785509,0.23520236262197305,1.0226972986868201
-0.16821574528852085,1.1527702259668604,-0.9999161060321735,0.9550109366396483,-0.7640424074109881,-0.23973872392359383,-0.6774121743194215,0.8528497430299717
1.2829625390311101,1.3959181009215045,1.129466804848611,-1.0471084273847717,0.2984070996147079,0.37828198108384686,-0.950380713748952,-0.07367516422740432
0.7291874542097996,-1.2205249938712903,-0.79905663994811,-1.0471084273847717,0.09704566205327601,0.7881338271822338,-0.7460301586685626,-0.37195739056710553
0.1025713100568644,-1.6381249911581874,0.31914247462487894,0.9550109366396483,-0.2761084218717781,1.5060826265544534,-0.48701715601370754,-0.19180395758167335
0.041435861166859336,0.9902206737384451,1.6242186054567171,0.9550109366396483,0.2918728340133922,1.782336249679707,0.5701881797059754,0.6973360323040183
-1.7682672788425515,0.22418146399427927,1.5787685715089572,0.9550109366396483,-0.1075331376704853,1.3934531022994276,1.7295796487718333,0.21597850961605686
-0.8041929227504612,1.1749076292241405,0.30828650160970805,0.9550109366396483,-0.20259448863178794,1.186490473014702,1.3603722592712555,0.1936206098086187
-1.476311780417784,-0.4605946936533962,-1.5058170933862876,0.9550109366396483,0.12426785603603573,0.7220736949066857,1.042608692625846,1.1409504213731883
0.9556330766493047,-0.2530219603654163,0.943210959082005,-1.0471084273847717,0.7200304202101715,-0.7969769630215694,1.3231934741984315,1.1869372903625186
1.3979445003511697,0.2575557308451758,-1.5028330354788384,-1.0471084273847717,0.40489549136032277,-1.1486974820033167,-0.08274693697510574,1.6424843066910368
1.0808809877282428,-1.3009756006214848,-0.33988960617484365,-1.0471084273847717,-0.2511073209818956,-0.12644810935678658,-0.9453866938379576,0.46098522413994425
-0.9992328024717544,1.533330033044497,-0.9706488529522587,0.9550109366396483,-0.09694214654338786,0.34670086257490595,-1.520403388387735,0.22294185317327106
-1.6881691012617586,0.557926663428681,0.3313920284841876,0.9550109366396483,0.3411457659594372,0.3392755103303018,-0.6943835956856359,0.0632021258646749
1.4865715214457884,0.9116509068636715,-1.09273737129283,-1.0471084273847717,0.8420965821650037,0.3931217106646174,-1.6097576800991842,-0.8892682439756295
-0.29377026773301523,1.0461215147627445,-1.3833705565334782,0.9550109366396483,1.181275663433656,0.512901199706692,-1.5560466621647315,-1.0037709630053044
0.49613218920434454,1.5878812078080111,1.5796002225425259,-1.0471084273847717,2.423835026499091,-1.8605504645547133,-0.6930329902117732,1.0213857650296314
-0.6981060129233932,0.9240919708228333,1.3231452143726978,0.9550109366396483,2.1617886501122623,-2.0814707438070745,0.3382700212080915,1.4294587671826653
0.6911584391638735,-0.06043571736725247,0.9298274780737058,-1.0471084273847717,1.8958177083253878,-1.2805447059914004,0.6073300428088174,1.5950884422641398
0.8614242766910322,1.0688013054789642,-0.29662210120867605,-1.0471084273847717,1.9634114702034808,-1.258582508252079,0.9652680491759827,1.022196814079118
-1.2571454629740777,1.3978507840542957,-1.187825925911055,0.9550109366396483,2.1146977837193024,-1.1187104053976304,1.0531860402897522,0.7666109394744055
0.19451489799913838,0.421943047362441,0.01435214260089946,-1.0471084273847717,1.613202737724091,-1.3577078425487772,0.3494414969334648,0.13205387006246339
1.331612526373951,0.9945058246486276,0.21892564686129648,-1.0471084273847717,1.6434892486738402,-1.3354798314021172,-0.14702197442397574,-0.690000839216471
1.5179828047305433,0.8886676294379267,0.738459270845251,-1.0471084273847717,2.051718983927021,-2.152762815075297,-0.23306222154820241,-0.9048761675522606
0.24374478218533005,0.9814090416131891,-1.6012053352120923,-1.0471084273847717,2.0141296941397777,-2.1706272403572244,-0.8196103502756579,0.09354522207409402
-0.8265505797066912,-0.26799480060823966,0.6296015249692085,0.9550109366396483,1.2976137274765032,-1.4763787915329836,-0.0024845106767300107,-0.07329279453048403
0.5757120276530535,-0.1698576016320285,-0.34808649802353736,-1.0471084273847717,1.0430675570569148,-1.0995915155039377,-0.16543900901441685,-0.027876864617417514
-0.22923240541106843,0.3901250935940495,-0.45014760353757965,0.9550109366396483,0.7831104231356739,-1.3377578356548718,-0.4662581923169283,-0.043055769983066094
-0.9480395811984438,-0.02145746144640714,0.9068623308439806,0.9550109366396483,0.3916460729680701,-1.5786778604337939,-0.39054320753124,0.11638554360376933
0.736625563944575,0.41794636378940675,0.27907302490178676,-1.0471084273847717,0.14928867262032183,-2.2811519311960153,0.454840762510362,-1.3404188345757502
-0.43340055078450407,1.4398701039324986,-0.6480441462798568,0.9550109366396483,0.8838780512962515,-1.1571659248254627,-0.11959608300095137,-1.1802611693400629
-0.5091353036399092,1.6844616566476198,1.2941308662838091,0.9550109366396483,1.681460593208576,-0.7643297591758782,0.6187542934961313,-0.4502403754759722
0.43687584759184805,0.4984350341293712,-1.3469256051504794,-1.0471084273847717,1.7280470250222009,-0.8109034807977017,0.2155577438088966,0.46744333890037754
-0.98963005921988,1.114813028126567,-0.33825158800778915,0.9550109366396483,2.2167813685431605,-1.401744696952052,-0.34425263863320904,0.1292657346086298
1.4760089323832002,0.5509487557500256,-0.9273777217446438,-1.0471084273847717,2.2739885540840072,-1.525175503224323,-0.8866798363795277,0.18547653691801919
-0.9006364405874837,1.4414853877439515,1.2774081440197422,0.9550109366396483,2.274683322345998,-1.5241177439703515,-0.02098540739052094,0.9889444568351349
0.7906088226232947,-0.7790979554795515,-0.7249537674657311,-1.0471084273847717,1.2150534183693396,-0.364764629611794,-0.9287774767657178,0.1797221206021844
-0.7989108097203347,0.9445937979964631,1.0002144533877977,0.9550109366396483,1.406955885753361,-0.3123052227825586,0.12651019926252197,0.1880499423897429
1.3199194302366495,-1.4429258991721263,1.3875059027141592,-1.0471084273847717,0.3068174354437732,0.9401200346324807,0.9024206972949484,0.6190605620707538
1.1107094816001253,0.9209264793918239,1.2580517540553882,-1.0471084273847717,0.4659528011342158,1.0908089264412917,1.8850023648230878,-0.27886955291696247
0.20167437646888142,0.6943328243937273,-1.3366495901440345,-1.0471084273847717,0.14458643554620765,0.5615962155478483,0.7097069659591219,1.0706599750782904
0.36179232018739427,0.6485571259151446,0.4134465298102028,-1.0471084273847717,0.7586515506597913,0.22646063435871372,1.2215382900984781,0.5586485847090629
0.9748697975581018,1.2298857327218602,0.7126412703020681,-1.0471084273847717,0.8813617395710975,0.4015905212510587,1.0922437322545067,0.47797610736992724
-0.9986941434941479,0.8013447142586695,0.1486751714516085,0.9550109366396483,1.8466707350996994,-2.5887180184635774,0.5352583071066856,0.03615746711024629
-1.4330609849656695,-0.46972189379346635,0.8508197929358737,0.9550109366396483,1.2485230000541228,-1.1517550075356462,0.3521644741285767,-0.3065427545181577
0.925394373833724,0.5400953365005907,-0.5914998503483488,-1.0471084273847717,1.1821821436440418,-1.163202114016105,0.6871880848166193,-1.4259291042042093
0.8433409174943679,-1.236726685660215,-0.9700307566371845,-1.0471084273847717,0.3712810822715412,0.20200094910355917,0.0651687361450521,-0.6035382001857561
1.1984574131293506,-1.2785546971551875,0.2954290026580528,-1.0471084273847717,-0.7076530254144948,0.07950214996092,-0.12241230007428477,-0.8605913553801512
1.0703520603614534,0.7158313559300274,-0.5545652831370111,-1.0471084273847717,-0.7444341575732034,-0.008580703059463807,-0.43859325498246005,-0.7916171407350011
0.39288106969660475,-0.6393016672480576,-1.0471657520284892,-1.0471084273847717,-0.8173740605402393,0.022236605820411343,-1.291938477221987,-1.5632862591265375
0.008700447404825761,0.44387985774506844,0.22400090574088516,0.9550109366396483,-0.8587584045654082,-0.05872558828964986,-0.9252846448006576,-1.173418123091827
1.415808942509052,-1.5137134591785546,-0.11754170846915808,-1.0471084273847717,-0.9778963652549888,0.18623126757118727,-0.5420006634258872,-1.4552541863996833
1.4842434233875186,0.5038887563562152,1.5851194843478875,-1.0471084273847717,-0.21122915079400734,0.0030467192538587134,0.03785159816679994,0.12624033218565478
-1.0065058505814861,-0.9676536523520175,-1.4035311938976367,0.9550109366396483,-0.9353322124332416,-0.22893739545244135,-0.34384836035707195,0.7748218238358241
-0.5350561489118404,0.7992281410296911,0.03692126257814456,0.9550109366396483,-0.31658964370898,0.2741578341693263,0.14356339936939524,0.36802690866823334
-0.3190156928775254,0.8865273456086942,-0.5534146982934565,0.9550109366396483,-0.12619745155274875,0.5618400488640359,-0.20596712954177834,0.46779660689485303
1.594242235560419,0.8812721323559761,-0.6329148730519503,-1.0471084273847717,0.9039372932655189,-0.570919864028715,-0.4376818698536966,0.5667896690735238
-0.6334890494480431,0.5876179235899376,1.3099179852594987,0.9550109366396483,0.9399510065116555,-0.5598047084778007,-0.5614140473843957,0.1742322947847386
0.83631572658369,-1.698087191452979,1.0326716199698398,-1.0471084273847717,0.6257758523612055,0.6091111883288056,0.5339167559170225,-0.24557834126252354
1.5657699032501566,0.6963446940847421,0.2129487656176726,-1.0471084273847717,0.5815234719964643,0.5701999231427352,0.61305973416576,-0.2691579647341935
1.437505220477777,-0.7006290533786121,0.6362372852704279,-1.0471084273847717,-0.10114658574275312,0.5947687363077108,1.147934111368183,-0.7300143685777878
-0.5266075486180585,-1.5004009375990834,-0.4183010200459906,0.9550109366396483,-1.1255553290900198,0.642097628514264,1.2444257345920544,-1.0160900673999458
1.083256577877405,-0.23302057342815558,-0.33702163386492395,-1.0471084273847717,-1.478529573153063,0.0912763103377796,0.5039522051568253,-1.2373953313416484
-0.22999968367206697,1.585910923066588,-1.4867143842000776,0.9550109366396483,-0.06601144709755873,0.914452071360142,-0.6287782391500604,-0.5916489279419942
0.39632535588967827,-1.3172583501584207,0.7958729778802187,-1.0471084273847717,-0.9321053666094801,1.0317246095313137,-0.36669215910495473,-0.14540639030706828
1.4005465336837724,-1.0703063746166077,-1.0769164532682012,-1.0471084273847717,-1.0911115227737012,1.1424491383182958,-1.136935937632346,-0.3420048788780031
0.6105308908110132,0.9199398372442172,1.095768423139114,-1.0471084273847717,-0.05007096901031127,1.0987116856659596,-0.45620160384945774,0.6116083607721848
-0.7057753757196622,1.7052794805811498,-0.9114414110194868,0.9550109366396483,0.7836335169689844,1.8278834988634023,-0.7144640409345321,0.7770141510689786
0.13640750044025318,-1.3722549229308274,0.8921082416254404,-1.0471084273847717,-0.4887371518433373,1.7579204362720777,0.3550682996511289,0.3539665264754879
-1.0383747438973843,-1.037787680214461,1.2863218052230754,0.9550109366396483,-0.36853081394948434,1.583314099285982,0.5755769145225159,0.6900652979428673
-0.6215645086630451,1.2267458230808934,-0.04665671001549897,0.9550109366396483,0.6194806746679595,1.6123870688663366,1.0387876233200468,-0.14277773868243956
0.22891061429070145,-0.8855341819492283,0.7947089696661948,-1.0471084273847717,-0.15709248076642354,1.716986652290858,0.9034295607084688,-0.29830558046563344
0.9551584590852086,0.6792567014542095,1.685229582635349,-1.0471084273847717,-0.5984069160137979,0.735565188536363,2.070907780994345,-1.1518163325545212
-1.0117644719500691,-0.5405825731166316,0.5162091303640463,0.9550109366396483,-0.24068677486701087,0.2066808495558457,1.90190137760521,-1.0580953567787852
-1.5874190172268114,0.1540681222512624,1.724601759081319,0.9550109366396483,0.2719560056461432,-0.30983070280737646,2.098954566772313,-0.7171704183383681
-1.1579665736614577,0.17007827466638828,-0.6226502896388814,0.9550109366396483,-0.18253940309086245,-1.1778745256638266,1.83998453904142,0.015998743283723218
0.8291172709653932,1.4657598908165803,0.7516585410413741,-1.0471084273847717,0.82880268105478,-0.7448600364989341,1.8206288186146629,0.01770500472601169
0.3702934640616096,0.13102448649135298,-0.7080995203138206,-1.0471084273847717,0.5929962299186516,-0.7947134681257889,0.7445742824422993,0.20006330664612412
-1.560254451803389,1.4412663737868887,0.5162210914884634,0.9550109366396483,1.4454320301184886,-0.8539723217229594,0.7445796602326644,0.20006527326159607
0.6095292259897402,-0.6344380976738114,-0.22718923943141325,-1.0471084273847717,1.1062785686023806,-0.12553299234576742,-0.13295680352487643,-1.0929077061903425
0.4539026056880082,1.032372082000531,-1.7076506575730586,-1.0471084273847717,1.4771696563468337,-0.12531402082036058,-0.6207792121629456,0.1002937802963004
1.3178215533352984,0.7268620529628917,-0.6586296673513806,-1.0471084273847717,1.1593538254981473,-0.4981554427376366,-1.2548529056142277,-0.5595736832245676
-0.857096991783205,0.3201626767679888,1.054298774238626,0.9550109366396483,1.240706223635613,-0.5689409649925938,-0.4624684913442784,0.3865815159230881
1.513973131155863,1.3859793145871109,-1.064469353749674,-1.0471084273847717,1.216926071962958,-0.6224440034849187,-1.1731560109949928,0.2655578269983227
1.0386492456740244,0.3492548338075583,-0.3660763695599484,-1.0471084273847717,1.640033530535109,-1.7845113193525268,-1.2356004638730422,0.2364025307388563
1.0158074024872448,1.4851703207887594,-1.5895978763687422,-1.0471084273847717,1.8347917786920047,-1.4206173306179781,-1.1825232541545216,0.11830004284464042
-1.7265047255445045,-1.0548862086738142,-1.3360751310496024,0.9550109366396483,1.0684235811883582,0.2823682162248797,-1.4871066327310805,0.36087655308681915
-0.8223686137243705,0.22367605164437207,-0.1985188354347311,0.9550109366396483,1.0269226112863188,0.30057283225501563,-2.0503806388944805,-1.29811285438537
-1.0956945534612428,-0.17651988645638184,-0.2734428673151393,0.9550109366396483,0.35485814399473015,-0.10809596789889676,-1.6947305789376208,-1.1124621214457224
0.848779841702596,1.4057676135555703,0.1662144981810397,-1.0471084273847717,0.8092869834039981,0.46994136242398377,-1.4554095419394013,-0.7051460181415213
-0.2522845096655581,1.1605319644119276,-1.274745745568235,0.9550109366396483,0.6696530534185585,0.19489121142556132,-1.3138502122367133,-1.0283525094103925
0.43791583284674673,0.04971161188951967,-1.2964041204399805,-1.0471084273847717,1.1447643017011626,-0.8835309733363048,-1.2960138975951425,-1.0677766927655863
-0.3923854327387044,1.7450299280026236,-0.4780779404233239,0.9550109366396483,1.7991312810851372,-0.355222282704281,-1.4217052798127319,-1.1706811199570668
-0.5218398482672304,-0.804785841650292,1.1019254930123232,0.9550109366396483,1.5289005992308038,0.3950224211456245,-0.8033317509843609,0.19964372963958749
1.086155182394179,-0.8214092374658808,0.2832903461187304,-1.0471084273847717,0.5709439980714109,0.7508499367112156,-0.7506937760839015,0.2587744008115267
-1.012140267754307,-0.2725970218028349,-0.9167199542905973,0.9550109366396483,-0.045475561079296,0.3750572563480261,-0.5897233202045696,-0.00198347104887726
-0.334199791374672,0.7470891259948681,0.6190024413040092,0.9550109366396483,0.25448148671013004,0.5782492343644619,0.2714544914215763,-0.5290354330217335
0.9437212433513786,0.22943837893291433,1.3530817190415014,-1.0471084273847717,-0.3974069919380056,-0.9819177655883253,1.0947544110168033,-0.2701660714865312
-1.3353741258920897,1.2822385785512718,0.9178467674459594,0.9550109366396483,0.5002670383914751,-0.44506865568887427,1.0119915567923556,-0.3736659127176158
-1.8515129580265053,-1.2769348350774254,0.6234612286757766,0.9550109366396483,0.30433569462372506,0.1167821276736269,1.164934342971745,-0.3851837948928257
-0.5480683144575687,0.4585759596538703,0.7280451753888619,0.9550109366396483,0.6188288988138675,0.0339074436881265,1.904430209440262,-2.3863937114889
0.3320331533794784,0.12697626210903207,-1.443945045620476,-1.0471084273847717,0.3521050366513939,-0.0913802277206289,0.9769171488857896,0.4531052614884451
-1.1928184684094831,-1.306542787409879,-0.4903280479564266,0.9550109366396483,-0.3085534543345146,0.6491929887257546,0.1481095104551742,0.16483854110164664
0.38079620159450267,0.08674656409681814,-0.8532312860793979,-1.0471084273847717,-0.822760247726225,-0.38647590342278665,-0.6481773733933124,-0.07038559103242531
0.9088720888182344,-0.5889617297363193,0.8130518074414737,-1.0471084273847717,-0.5268482381436081,-0.883251461435608,-0.5629363582546154,0.10552421996521634
-1.7396877066875611,0.56746362588155,-0.1518025221584796,0.9550109366396483,-0.4800133141007314,-0.7812645050661781,-0.9585209458150896,-0.44072513440084093
-1.5593884646055176,0.20322932984672015,1.2599542407872268,0.9550109366396483,-0.44721523182698897,-0.7458273168372958,0.257167731896203,-0.2621379815812885
-0.6307562537425034,0.1623517880410026,0.848424436737399,0.9550109366396483,0.18458787546331912,-1.9104991305504688,0.859078552347799,-0.3598417720495044
-0.6662551931047915,1.5048865673177847,-0.8019683589258176,0.9550109366396483,0.7945603510800036,-0.6809211385259278,0.8821266593687319,-0.4262088336655299
1.3493122922079313,1.1615366919578074,1.2680752052883766,-1.0471084273847717,1.547487321208984,-1.2833876015811232,1.0867077972968082,-0.1445447200475238
1.2031111899378992,0.2749566242972644,1.3103122396291766,-1.0471084273847717,1.42167377706924,-1.166906018876784,1.7440830073702844,-0.21961261938644855
-1.5989464482425313,-1.1642919601584338,0.5556273076061417,0.9550109366396483,0.8334734972460951,0.3220272487818834,1.427413565435216,-0.3658211558675235
-0.6681713520895177,-0.4606760156280293,1.6413843472317666,0.9550109366396483,0.5654958568728755,0.570561130188489,1.7839329039745189,0.049817104911732156
-1.3540637835751927,1.3050256901446315,0.19275658655194552,0.9550109366396483,0.4795314007886092,0.3768474660832355,2.231166963221192,-1.329011491743871
-0.34808127133199,1.2681231088276683,-1.1492301216426888,0.9550109366396483,0.5253765080541523,0.4652701127132343,1.1443325787846588,0.473334584112442
0.39837820684031205,1.389188764021901,-1.4193089961850809,-1.0471084273847717,1.0046316839435905,0.886032592683182,-0.08292083538682703,1.088807363206705
-0.10417168150265572,1.3987832431263965,0.7415720096242815,0.9550109366396483,2.1070653811726956,-0.5144093457950545,0.000680972587380742,1.1772338571398915
-0.7977650555769972,-1.3432487060154643,-1.3782344611362651,0.9550109366396483,1.727451910256863,0.9075280615703964,-1.356957018883124,0.13887172608631432
0.992423581624083,0.6166068577577082,-1.7047437558792615,-1.0471084273847717,1.4313481838980664,0.7890446230637986,-2.2100840912718316,0.07579309136146639
0.6005565299306694,1.65178627087331,1.6960788664985205,-1.0471084273847717,1.5963699505955573,1.0072172483384714,-0.9308167979737345,2.074056332676835
-0.9006738206521651,-1.5413629937023303,0.9943858368119416,0.9550109366396483,0.3358766942725758,2.021821470138019,0.15439428761486218,2.0151194373234387
-0.8663106282472312,1.5078330514389415,0.38464230897369317,0.9550109366396483,0.38278135910880656,2.1049474308123335,-0.006083359611520844,1.9006179616964174
0.5494569384311268,0.13711143031015566,-0.10184085798672715,-1.0471084273847717,1.0195160504001377,1.2255587641740608,0.5677905488777059,1.1743125511299461
-0.854644758105872,1.4927770712093826,-1.1488582508237435,0.9550109366396483,1.3963756784670882,1.5183201574892566,0.8177198705787491,0.4321871840942899
1.3958099368207542,1.5612380576473606,-0.12566890341000791,-1.0471084273847717,1.3574289470733947,1.4604184683013692,-0.0013484093148885175,-0.6364761658283065
-1.3619178929466398,0.21444105036619404,0.10183937810680714,0.9550109366396483,2.1126379793450765,-0.7661535720465443,-0.402642432962015,-1.3927270941019636
0.6149510160052484,-1.0775630048216525,-1.0655784476632968,-1.0471084273847717,1.000603603821459,0.5284888808666591,-1.0546700298803067,-1.3533525100744621
-0.17264344399178203,1.6910131690307213,1.5210334745413017,0.9550109366396483,1.6689701179030485,0.886956233636762,-0.3250163917731953,0.4381422062715962
0.017108463886871855,0.852252356792766,-1.2487014115475843,0.9550109366396483,1.3934666804011198,0.6585297294234984,-0.36990645134347727,0.5248808224520841
0.9145047077416703,0.45544558876013197,-0.6527191344158094,-1.0471084273847717,0.9178415882145545,0.2204575944068929,-0.6068712679103405,0.5991878267165772
-1.1758737033540179,0.5193217231648458,-1.7016547977115828,0.9550109366396483,1.0489773141177017,0.19569283587820374,-1.417732626867808,1.0814557812158954
1.440394212156835,1.4421604668211365,-0.12379228241859197,-1.0471084273847717,2.1327645004156555,-1.4329675589311919,-0.9943001478296488,1.0409085549740118
0.7556057046280765,0.5306002664308048,-1.309900033442575,-1.0471084273847717,1.633645986496883,-1.942810763096519,-2.267104142530872,-1.2469246722070932
-1.3886975968131536,-1.0527463469424556,-0.627417557008741,0.9550109366396483,0.8142651265502234,-0.1856234661537586,-1.987771346592622,-1.2404013070394315
0.3975571386241952,-1.238450109617517,-0.014667279489835554,-1.0471084273847717,0.08568420348964087,0.7122986420772075,-1.700899561195348,-0.8251392919966524
-0.6182540315957138,-1.715432439443228,-0.6478851083111025,0.9550109366396483,-0.8755315621362441,1.3862228230010596,-1.2271186453308858,-1.6294324873580348
0.46331177715915506,-0.44055838393338,1.7396696356797394,-1.0471084273847717,-1.6853293787669035,-0.3064983949780177,-0.38929544438318303,0.7281692414227007
-0.2946778679862773,-0.27966958243700635,-0.5256286835639732,0.9550109366396483,-2.0338438445523006,-1.3015904230802668,-0.036682532691690306,0.1878176826484152
0.8679811590777023,-0.8613626242273545,-1.5793117616441084,-1.0471084273847717,-1.9515255946812562,-1.310641437751954,-0.46465964440269264,0.9559386137461102
1.3029057622677822,0.4446227865627782,-0.09161587593081705,-1.0471084273847717,-1.2275997913087413,-0.5592292043781757,-0.49925617613348894,0.9467789938073348
-0.1603440610760876,-0.07184578400419307,1.3540449585388297,0.9550109366396483,-0.5206578682040695,-1.6923954786019204,0.4008231012543272,1.472666436109273
-0.044448154274172376,-1.2705228991609623,1.3645767917617868,0.9550109366396483,-0.8776434330125737,-1.0029413530888054,0.23217920030215566,1.10719887070319
1.398421223766943,-0.28885004169030637,1.659663100484432,-1.0471084273847717,-0.881592145724517,-1.0044752432982662,1.2146989608264716,1.475606467602533
1.6036240777919473,1.1361635678275943,0.718022124925566,-1.0471084273847717,-0.02241322565347776,-0.20468198316469466,2.2475934953472776,-0.953269789000938
1.5305475377299576,1.5051516148701412,-0.0909087387297238,-1.0471084273847717,0.4337430025018816,0.6289376339153395,2.247911428301838,-0.9542729217292492
0.0891489552582425,1.0060671452394496,0.7765322541480529,0.9550109366396483,0.8973765058630648,0.7627859889276449,1.9882583933343108,-1.0474693330825546
1.1576443594548929,-1.3929414827345892,-0.9466729766260003,-1.0471084273847717,0.8447216436390999,0.924840229587569,0.9491071982745176,0.08143200231708994
1.0319883490092208,-0.750813938055603,1.593750139376199,-1.0471084273847717,0.6460210492891331,1.2146470626532526,0.919472351689622,0.0069844257781506575
-1.2972897557382066,-0.9537668167610358,-0.4092886407366214,0.9550109366396483,-0.25290289874043625,1.2154294866822832,0.4126269447742218,0.15595141122483083
-1.2862008250942876,-1.1396883387321566,-1.3945843372141802,0.9550109366396483,-1.3905053713062845,0.013091713324538625,-0.17351310580126875,0.9991917972553139
0.575540472852293,0.025021570078069943,1.49498208520357,-1.0471084273847717,-1.8124741450626387,-1.4803870434336595,0.1495060722828983,1.565933496081896
-0.5872428925928133,-0.9731909350016688,-1.356152026861947,0.9550109366396483,-1.6319304186600387,-1.7704745122100496,-0.03459806489196349,1.8718659216247067
1.1642806245202473,-0.9336727544134158,1.6400382567915919,-1.0471084273847717,-1.7105819232003354,-1.7471216859018202,-0.013786660954938853,1.9180554032062256
0.24284942109731117,1.6296404422765796,0.5404801437937696,-1.0471084273847717,-0.5994029720796985,0.759829666395673,0.41323484964696,1.903891529430263
-1.2797199715633882,0.6580080551828582,0.6020884931486066,0.9550109366396483,0.17382485966680467,0.5561148606632914,1.3109504432594221,0.8453473801750457
-1.5363190404261278,0.23938872809016806,0.6381205302284095,0.9550109366396483,0.26602877872033165,0.5612974554051622,0.9257005576642648,0.4574413772728386
1.360228851680993,0.9214626433998263,0.3523989039330616,-1.0471084273847717,1.0809599780579886,-0.003364221082258599,1.6938748873450464,-1.6585254048485432
0.9210271392038237,-1.6101851962122018,1.4956673402184273,-1.0471084273847717,0.789977446028535,0.9592515449426964,1.6289648925271665,-1.887126796656572
1.2445827466780877,-0.2939352874294657,0.7570171231708019,-1.0471084273847717,-0.037393791804141006,0.18852861562864814,1.726321164433354,-1.9314938655091285
0.588928586939037,-0.39446741490265785,-0.2725115541939054,-1.0471084273847717,-0.4900860976101906,-0.060770955795964705,1.3330959506005449,-1.165870926113157
0.7986462837159282,-0.59213056637607,-1.4886582902383485,-1.0471084273847717,-0.8477404063643476,-0.1705511804697702,0.3768839551927517,0.5987336411657986
1.4754622172057739,-0.48181865052272943,-1.1871082568365017,-1.0471084273847717,-1.4513218319615457,-1.4988821056918138,-0.3152873227876127,1.1046898641086396
-0.9234914191371875,0.06231455370692381,-0.37816156277830393,0.9550109366396483,-0.7319437658965836,-2.5242303934049954,-1.1577715797984398,-0.3022242890646838
0.030160010508730743,-0.3784744970428471,-0.6082202943413251,0.9550109366396483,-0.7683058957691152,-2.5279722149694,-1.7715901784424437,-1.5813713443382127
1.031754307304111,0.034955259663726285,0.1664180658475257,-1.0471084273847717,-0.5836019798678151,-2.3392087109604542,-1.5742448956211268,-1.115975547240828
1.0601871324106595,0.20054555013617878,-1.5462871969180247,-1.0471084273847717,-0.2426549562643516,-2.3488043429908205,-1.6001551836675572,-1.051888307936561
-0.9056218823828668,-0.7653485758950221,-0.663953075904484,0.9550109366396483,-0.364607267106684,-1.994098663845284,-1.3649416040264273,-1.2485687403511
0.14214699785555124,0.48465416836997327,-0.9274921527588581,-1.0471084273847717,-0.18294992740686292,-1.6510759154570365,-1.6119237981920436,-1.25515039538414
-0.09467674061388741,0.62667050695805,-1.654621597126012,0.9550109366396483,0.24938452832503652,-1.4616746746745777,-2.082391845035518,-0.818453077355846
0.7439754439755766,-1.0748301886384233,-0.3325325513623825,-1.0471084273847717,-0.2279580300730964,-0.6599513683253103,-2.3067229135513903,-1.4390770950875766
0.7657284144303896,0.26089168168332916,1.7544690899352522,-1.0471084273847717,-0.20200186272001386,-0.6366033643935983,-0.8226838940570635,1.1579888182935527
-1.5246736141291395,-0.5284719685858603,-1.5101126387313075,0.9550109366396483,-0.10011614604332492,-0.8008453929030523,-1.2031221024018544,1.526712262729617
-1.516619422771363,-0.9122881411107893,1.4092147761768476,0.9550109366396483,-0.7009710382770502,-0.7529732837931442,-0.15252522147633646,2.299993097604115
1.5178676912250724,1.5264645031084565,0.41999995527732886,-1.0471084273847717,-0.31395031385611133,0.42470996082538437,0.7802365660913221,1.3197038976659814
-1.3071977527545173,-0.8053151989146279,-0.5137330310728182,0.9550109366396483,-0.19802612786302107,0.23287910037468695,0.6987677877654507,1.4125285784707688
-0.8570102266495134,-0.5976583302201236,-0.8186789679661259,0.9550109366396483,-0.5673069287797439,0.22583656307577515,-0.4581343852520397,0.6346294625294483
-0.2380015374045773,1.573234592720416,0.37855606508439266,0.9550109366396483,0.336682205796603,1.1793630697227107,0.3910219315968905,-0.3067737824643129
0.5060491242491908,-1.3399798388268123,0.8318717357850212,-1.0471084273847717,0.1527228202182982,1.5400333491322475,0.13144517853955565,-0.9770405823396514
1.6895514465297106,-0.9205319784763416,1.5982129706590351,-1.0471084273847717,-0.8997829255525807,0.7063460478873284,0.6611765298261535,0.08440635211051736
-1.092377402807854,-1.1368686501534329,0.970326293776402,0.9550109366396483,-1.0423911863674882,0.8399130998285257,1.3284181417236132,-0.2238291118314035
-0.4432056308858759,0.9608855578273844,1.4721987892343285,0.9550109366396483,-0.3720279841516461,1.4084649239096518,2.35840996333072,-1.6992534169543068
-0.2165430700673149,0.19072008046289873,0.5917882396232672,0.9550109366396483,-0.9666771709049748,0.1292414108793371,2.454280375965454,-1.9455121837245406
-1.4483592683073885,-0.8765736489826473,0.7321498545695608,0.9550109366396483,-0.7673562151507229,-0.183709350841766,2.409444844359997,-1.8830005021034906
1.614850772220141,1.0146876700595964,1.290202861352669,-1.0471084273847717,0.06502332227044276,0.20130180959600372,2.2709617268908393,-2.1596296181371017
-1.5962542762625196,0.4376336467599902,1.101123573778633,0.9550109366396483,0.7422505789102035,-0.6603039659976597,2.3297689366021888,-2.155989620567281
-1.1217994327141156,0.5174285377575137,0.07076134293144848,0.9550109366396483,0.5515101895641251,-0.8991005589003328,1.699674596714803,-1.7761238638658223
0.5133497980249716,0.9739831684405429,-0.010412405830674796,-1.0471084273847717,0.8884084674124021,-0.6609977046066391,1.4289217213880705,-1.3577777292246056
-0.4337046709972417,1.3101475204692001,-1.3930592797677035,0.9550109366396483,1.8289642109810609,-2.107968244556983,0.4734154658962479,0.39868107809054354
0.9972675540387221,-0.6014040766071287,-1.6384011374688758,-1.0471084273847717,1.1338484387025463,-0.8164106177990009,-0.8433017434926442,0.623275932847842
-0.9673739695602288,-0.6544106656294618,0.5346140745657386,0.9550109366396483,0.6641367239223497,-0.1774945518753458,-1.0980076740985112,0.010113801722639818
-0.7693899553932954,-1.2380533509104787,-0.6611496597056118,0.9550109366396483,-0.0909337423919863,0.5983028944139116,-1.4270790723828441,-0.17793258981445043
-1.3167478066075702,-0.36055996864132345,-0.32797652342104006,0.9550109366396483,-0.6649494103050259,0.03927564256394018,-1.569857726951331,-0.3387507160205586
1.5666993086741954,0.9501615398269427,1.6363991834717282,-1.0471084273847717,-0.8197871127187029,-0.5014421325573637,-0.20779577003215707,1.0095820451113073
0.47774078387434055,-0.42601824552717854,-0.29497063150460756,-1.0471084273847717,-0.7443498996586766,-0.5309336992459038,0.39621831570049204,-0.1296197345563562
-0.8588177243263253,0.17309882533179524,1.6765675299572265,0.9550109366396483,-0.3884202935185876,-0.5102063024611898,0.9096471601738783,0.6845836533894718
0.7647665590932836,0.25328110579299834,-0.8843540746753296,-1.0471084273847717,0.25303468868470497,-1.4193894784545098,0.8092931708600373,0.8839153574576304
-0.5891417571974661,0.9273355586695254,-1.5687392953636965,0.9550109366396483,0.8069862176911474,-1.3443721234031865,0.2514390891052608,1.8809048068326335
1.5960751886573512,-0.724833285464251,-1.4759429132334294,-1.0471084273847717,0.08653496611693277,-1.1080628867420703,-1.1478878263419057,1.3184012859471488
-0.4408283031562927,-0.6674076158705133,0.7008185514571276,0.9550109366396483,-0.017291786870398236,-0.9245509829311768,-0.700175279798696,1.7207641324330256
0.6011339420074097,0.8355501017940767,-0.6625983133875604,-1.0471084273847717,0.2676427359280327,-0.5661639301524185,-1.7518777027914092,-0.18607029174425524
0.7940507757221675,-1.3363310719190382,0.9491631028565137,-1.0471084273847717,-0.4160836049883675,0.2382212310062063,-0.9275178295078235,0.8118754198571698
0.9373483789801322,0.8338229288099888,0.10548177427419259,-1.0471084273847717,-0.4563053956488783,0.14715709644720795,-0.1747784029411883,0.1318004716768313
-0.5216465085186817,0.9785970571515652,0.8510107130190089,0.9550109366396483,0.2763765826931796,0.39942914361798976,0.8714333369763252,-1.0551876310520198
1.4106838561915054,1.594428258250988,0.881004000637268,-1.0471084273847717,1.249240774129116,0.6027254177374983,0.9524457517351745,-0.9632997472853757
0.1395102198329206,0.7843852205182886,-0.7930454776052516,-1.0471084273847717,1.2272336597218347,0.5930495023997029,0.8937959560951615,-0.7763840571220613
1.437260352023484,1.3220971345443449,-0.17585998489349985,-1.0471084273847717,2.3706807317053418,-2.178850564699281,0.3879791023326329,-0.9172189525963429
1.5490462095138837,1.6759407652055418,-1.063500370691493,-1.0471084273847717,2.732893700989391,-2.0375545195744276,-0.13760199649944915,-0.21147582770493256
-0.10247361467167201,0.3876960183761525,0.7450922861154949,0.9550109366396483,2.478734472247754,-1.4359251659311594,-0.1852235307018807,-0.3053772371925647
1.5566657290308081,1.40146850848851,0.09375355338212694,-1.0471084273847717,2.3957383392921403,-1.5543486968224476,-0.5391758617159286,-0.8857559670127704
0.3717797727915827,-0.137944085902069,0.904285208689415,-1.0471084273847717,1.9990246938881315,-0.6517142182799285,0.22395378147494455,-0.6306515222440267
-0.2151950189882724,-0.2328243344764538,-0.5222806800985126,0.9550109366396483,1.3302195719016205,-0.2604215472321072,0.06820104356689828,-0.4693852752016887
-0.4514831282030249,-0.9148561696193295,0.1445149760112086,0.9550109366396483,0.21586216250202794,-0.3161764216677,0.611331694501403,-1.427111300861291
1.4428534829018265,-0.6057607830777514,1.2172189048604463,-1.0471084273847717,-0.2114449462634892,-0.20347983155424826,0.823602538959109,-0.978076099482051
0.02230733164759598,-0.19378470984543045,0.6084861189948664,0.9550109366396483,-0.8975976199152891,-2.2237717122126672,1.0550292622880126,-1.0242947268918567
1.3838522824893704,1.4116416339240332,-1.240351040196553,-1.0471084273847717,-0.2310875182639833,-0.1844664615528607,0.09078846430927866,-0.015050235570333496
0.27070470320988177,1.2653914874805456,-1.315123642294323,-1.0471084273847717,0.4133272869397065,0.463037645414268,-0.2656782936020589,0.5947230821724093
-0.7161311682317038,0.5842710563701559,1.0376850774264565,0.9550109366396483,1.0581341065938168,-0.2367089539151645,0.13589612339604826,1.0193852752121886
-1.2258223407413738,-1.1927178307186554,-1.0505355539853096,0.9550109366396483,0.8056712731521201,0.4807327369841137,-0.8836993302167154,0.585913174713252
1.2570288495008448,-1.6596443882886007,-0.9587163409158864,-1.0471084273847717,0.17517354025138507,1.7005610406014218,-1.5883225740528437,0.08055632309735562
0.05446382672027981,1.696950452564387,0.1315082708244335,0.9550109366396483,0.29789099129716373,1.9557138775418843,-0.9715267339841313,0.09800821856209571
-0.6089838346272056,-0.19866557379988756,0.06912577122999443,0.9550109366396483,-0.33183139724346195,1.4534319533003537,-0.3491602325358722,-0.3504469424812381
-0.5455740116432455,-1.363453936313368,1.7220441748517066,0.9550109366396483,-1.1695897517848077,1.5062165721579295,-0.04146844445381056,0.5689823557276255
1.0936292996913675,0.03588178443855297,-1.644616919297477,-1.0471084273847717,-0.6411426682126373,1.3766307757217295,-0.30857084470954543,1.1425655508177728
-0.18932385201867782,-0.6612716505352462,-1.5891429689663599,0.9550109366396483,-0.2117211096553229,0.6741985107952463,-0.5920142842271756,1.6027617004680748
-0.7096208705623825,-0.583565361304443,-1.3186270639251583,0.9550109366396483,-1.1926199444030403,-1.4995957638970838,-1.2440034749733657,1.775107198978195
-0.5867160198919544,-0.8423651106694101,0.9792996994401804,0.9550109366396483,-1.4694889412339822,-1.6093010045763754,-0.8347840396063128,2.3106910867482764
-0.28959653037809674,-0.6208452283249557,-1.1386394726505038,0.9550109366396483,-1.1500769854345643,-2.222500183816798,-2.120963868220649,0.47669406253289137
0.05608429634955062,-1.321920070535208,0.2701102098588337,0.9550109366396483,-1.734096727486947,-2.3267558387003104,-1.2600915333954543,0.5767925910786312
1.4938374404200476,1.1074855602598273,1.1541731772939028,-1.0471084273847717,-0.9733162599850885,-0.10713565263979793,-0.026680808685379934,0.7245994627381819
0.01974399340608215,-0.837724579938253,-1.442401440101903,0.9550109366396483,-1.0826355990057448,-0.04958402950699737,-0.08233048042620819,0.8542144589054943
0.9704524838913902,-0.5019285614822523,1.3811861935782608,-1.0471084273847717,-0.9362065269631752,-0.1168870159876748,0.09835999983862706,1.1995797139381625
0.30602052181879524,0.2815695918042807,-0.9478879952573226,-1.0471084273847717,-0.5480585298562564,0.03499475890008809,0.1841229616801825,1.0484219306580718
-0.35426638814306777,-0.7795413061475749,-1.3328943684554861,0.9550109366396483,-0.31476977353880853,-0.4298413902618033,-0.5365971205996307,1.5503992080207423
1.661604399415744,0.8071907365760326,0.2543737689352164,-1.0471084273847717,-0.44393302723819456,-0.8255314374560502,-0.9411521121452873,0.900157538945637
0.1341564658032472,-1.1721119231830577,-0.9778285864893904,-1.0471084273847717,-0.587760205874054,-0.5229501125209842,-0.7322774839563442,0.5965377384311457
-1.4370250514448182,-0.7661717199267984,-1.3553456396095005,0.9550109366396483,-0.7014168640002678,-0.4254828386966254,-1.9626379424713174,-1.1091983330361173
0.21736041698008818,-1.6789965305327217,1.155106440344792,-1.0471084273847717,-1.5446984642202215,-0.07053246553426973,-1.0171195433567086,0.5451197254260465
-0.9135414360045745,-1.342333702518432,-1.2217444541152773,0.9550109366396483,-1.7867675621180896,0.08245144769235498,-0.9671459023001691,0.468278878362547
-0.938867187389817,-1.4052108293019978,1.1463081645991613,0.9550109366396483,-2.7383689957789237,-2.2115780096848194,-0.5661270657182408,1.1784452231544242
-1.5314183835081585,0.06763789754481457,1.710512186253116,0.9550109366396483,-2.2051259692955276,-0.9185519445036456,0.6425664147237325,1.79944139141767
1.537438559758579,0.23808986313648847,0.015428652650798206,-1.0471084273847717,-1.773171491883893,-0.1696864906661621,1.2588744241143177,0.7612350589262716
1.1890282352689965,-0.6842915075609918,-0.5073187644319214,-1.0471084273847717,-1.345327496233009,-0.6608555660287743,0.5114384862640059,0.8519121415190756
-1.196321779650662,0.5402111109678286,-1.2006734780486223,0.9550109366396483,-0.5356045367695735,-0.5824402309756016,0.5209121183483535,0.828747158158919
-0.09232081944934291,1.6295339439917509,-0.08019156642328423,0.9550109366396483,0.7697043735118,-0.38967596710715735,-0.03052921813754509,0.4122545893854984
-0.19346829956850456,0.09119228668835803,-1.2395639784128383,0.9550109366396483,0.7798356222071986,-0.39678074892241927,-1.3569004368433535,-1.329829905802862
-0.9629880813525843,1.3030876543454948,0.9681927737779138,0.9550109366396483,1.2379140472954155,-0.06995185825846156,-0.9285322056720631,-0.182549941952203
-1.2224275971437435,0.9267816482709897,-0.15557137162613638,0.9550109366396483,1.9308712158615857,-1.2333230192368327,-0.7703845538722903,-0.16670122132263945
1.0358573972468166,1.3786303479794486,1.7008468163035213,-1.0471084273847717,2.291493338108389,-1.2615930649461713,0.534155666144459,0.6109183106985207
0.1271073388574724,1.1388063774555246,-1.2715586294063816,-1.0471084273847717,2.080420871402987,-1.5520187411538857,-0.0014898206336039024,1.3137385357183438
-0.14139374238157382,-0.0662268769318262,-1.545444325942544,0.9550109366396483,2.012711507923484,-1.3108469495435529,-0.1390153849530821,1.5921949214638396
-0.6015243028940589,0.7133749590147104,-0.5183423823071626,0.9550109366396483,1.7590634112218073,-1.4331706548210037,-0.807370144820394,1.153742930611483
-0.6392115473131471,-0.058069494849302065,-0.6548820498251559,0.9550109366396483,1.335457780946527,-1.0176470878119377,-1.0318630988288053,1.1527776271549561
1.6965991967157459,0.017459490574565452,-0.7867583909614807,-1.0471084273847717,0.7499889585857106,-1.4473050497439135,-2.150304713976938,-1.9198012566157991
1.0618466127160695,0.9993907766376113,1.0379951403843632,-1.0471084273847717,0.6900233141660194,-1.6233354114236305,-1.1119160496453442,-0.06798070824100721
-0.046517233640535186,-1.6563287297226446,-0.21777138581045521,0.9550109366396483,0.006086353480504242,0.29398505865686264,-0.5149866561816592,-0.8160517550000276
0.7123079418183917,1.3020143176152785,0.045395625473436035,-1.0471084273847717,0.25927278500031287,0.7526064158744358,-0.26152680407122836,-0.8615153189110166
0.7561038244973943,-1.7339509400482134,0.4064325081034145,-1.0471084273847717,-0.4615598208399228,1.7435067691596888,0.21564632809749137,-1.0194145182428163
-0.27090826967772097,-1.5108035496719898,-0.021618200893561063,0.9550109366396483,-1.1188985800141977,2.0965901124830846,0.5596577602552448,-1.7026487967517467
-0.8772025928415328,0.06012144948036217,-1.6001080929757416,0.9550109366396483,-1.5228984921918778,1.422526780742947,-0.6264486334079178,-0.690363386474551
-0.2325940583462204,1.685154015148793,-1.1131944671737808,0.9550109366396483,-0.08565499190956817,2.226180599905173,-1.0290360031545798,-0.39167611833329075
0.5086297180213536,0.4727435700975183,-0.12983766148001152,-1.0471084273847717,-0.44234215232464186,1.7215446453348424,-1.107821897281007,-0.4732925828914504
-0.595013904109797,0.23276723221193582,-1.1293930341828207,0.9550109366396483,0.40358557670714823,0.697260838969209,-1.7983378984068177,-0.9943731316917771
-1.0090113968449828,-0.24428923395373595,-0.21919561024576376,0.9550109366396483,0.9483405873605377,-0.7472109103421145,-1.8871698385343345,-1.1835565886702966
-0.05731834220353578,-1.5220553478860492,1.4683797485934467,0.9550109366396483,0.2678123632353387,0.7711512877353801,-0.5075600485386447,0.3494634020650494
-0.6634395305125991,0.023778127904674144,-1.2024349727145476,0.9550109366396483,-0.4467810905636369,-0.6095742038681119,-0.5476830933297379,0.41971756623340983
-0.7290753903915956,0.004011721524367102,-1.2247549386797685,0.9550109366396483,-0.6483927265270593,-0.8903046721964074,-1.0399642014366308,0.7096777884914254
0.6848831847697545,1.7171943530100278,-1.2874250042104431,-1.0471084273847717,-0.009908737859350092,0.7360370684843915,-1.1110162844948832,0.7995422221428572
0.7953406910323952,-0.08902421858231918,-0.9425015145677006,-1.0471084273847717,0.05687408018940457,0.7143851277028034,-1.4362187810620293,0.8081244278811723
-0.19159230982425937,0.724959498312202,1.757987955684952,0.9550109366396483,1.0233634291746694,-0.6622731589709818,-1.3060092647152992,1.276926401057169
0.9982594931992937,-1.5549359363755721,-0.5756006365721431,-1.0471084273847717,0.34432460092587935,0.9067985714403239,-1.0241809403099913,1.1126076612936986
-1.698683314276004,-0.7999549630578383,0.4168333789646643,0.9550109366396483,-0.0014787385146025208,1.186391767933263,-0.28611338681215825,0.9767419245797245
-1.8104559709448602,-1.6740695000387582,1.7430966833221082,0.9550109366396483,-1.460134162672492,0.2217783855913774,1.076426601867114,1.0894074329582493
0.1734747154961981,-1.2031460295670118,-0.18084563955617475,-1.0471084273847717,-1.9393418838011276,0.0758267919446506,1.4188714659263666,0.4278545169824875
0.5425012773464797,-0.6099949083374692,-0.6280647558026078,-1.0471084273847717,-2.5135344475889405,-1.7602948247465344,0.34608843722432014,0.06703972531520319
1.4606495138842281,1.5404003751721265,1.7580125732450629,-1.0471084273847717,-1.182163815258798,1.0379629547578721,1.3952943642325524,0.48181920028881864
-1.1921097761448751,-1.4412563076499694,-1.4336393470996576,0.9550109366396483,-1.4580012980804569,1.2690446431499154,0.5633111787646208,1.7374604170758288
0.9419783001133532,-0.0841078435669677,1.0773621881049134,-1.0471084273847717,-0.7741246388430321,0.853436112896764,0.2639931190033672,1.19388031446754
-1.2292460984728377,1.5628706275300115,1.4885073272864122,0.9550109366396483,0.41559853665050045,1.3745895475209773,1.0145438185416207,1.6090514249299654
0.3643722476653187,0.30715863893862216,-1.0615058059153533,-1.0471084273847717,0.8100859768764248,1.094952591178269,0.8196662283420929,1.9497681732224994
0.5749837659222167,0.8715817821946196,-1.6795264761120763,-1.0471084273847717,0.522412734481194,0.6409137684980738,-0.7258711082374592,1.9136360429312667
0.47111854877304027,0.6236601963205917,-0.8488291327767775,-1.0471084273847717,1.4105776751837502,-1.1889933352935584,-0.4629370708137605,1.5900671072095516
1.2351985654983362,1.474093736399234,1.2546788231978252,-1.0471084273847717,2.0807936433413903,-1.4721356955636742,-0.3832144913760078,1.743751874283307
0.9417650950043287,-0.22701868066913936,-0.6706781024240804,-1.0471084273847717,1.310923806849684,-1.1399472203565162,-1.3539966847710803,0.5183834299222029
-0.6944258415401933,-1.3712515381214916,1.7330350108926522,0.9550109366396483,0.5890035391213085,0.5570237938263858,-0.09755505343018862,1.8205751772658536
-1.7966850628356437,-1.3462489162163973,0.4004004405510434,0.9550109366396483,-0.36493308105431044,1.051346448508233,0.8375920564363323,0.6499700757567866
-0.8880693436272028,0.6378314594064717,0.914574616485509,0.9550109366396483,-0.3588377164164909,1.0595645060567065,1.6304285289293272,-0.15527734456535458
0.709095299841976,-1.4835207367722971,0.27046651745466804,-1.0471084273847717,-1.6309712279334614,-0.0624290496426025,1.18792101299825,-0.28896660840687305
0.5801278687669247,0.8869707810286527,0.010106435140158078,-1.0471084273847717,-1.1518204330758504,0.8627486311680296,1.4940056583983776,-1.0237202613760237
-1.530001670062836,-1.6975885991411601,-1.4064713659140915,0.9550109366396483,-1.2921850124146537,1.0957301171050207,0.0824655263111972,-0.33041029315244685
1.0247492302837875,-0.9849973116589305,1.6115535073436926,-1.0471084273847717,-1.1368029379707094,0.9366323895014103,0.6270069142529392,0.6030222988663697
-1.2716180997216209,1.4255638326754732,0.6873385364571475,0.9550109366396483,-0.7979823245228338,1.734028130836868,0.5248402651300761,0.502157328900135
0.757797018652625,-1.2046265943609813,1.2039874394989163,-1.0471084273847717,-0.6780239635040064,1.5548193787813174,0.9445566432661653,0.8064843107096126
0.4992753370110509,1.6562734637500585,1.5341417692121613,-1.0471084273847717,-0.34713035581200313,2.2631898627942104,1.629771698936666,1.0329016668216005
0.3575506069834213,-1.2025074785739447,0.734934594739748,-1.0471084273847717,-0.13418533200788035,1.870618906146595,2.592560140738791,-1.9283217031369193
-1.400246193314607,1.2840886202381232,0.7739018642288159,0.9550109366396483,0.841797265001323,1.8492410041275218,2.2159471420520234,-2.1603884825347324
-1.7625207065745383,0.93889009744372,-0.05761006282345124,0.9550109366396483,0.6324684382122263,1.5910066908464926,1.881013965296949,-1.3237107018467695
1.362192747561203,-0.7121709375256033,0.4442837571231265,-1.0471084273847717,0.8442841936729447,1.1562897620141916,1.5394468182798577,-1.3967567259548421
-0.02963418435495396,1.1522080447765206,0.2620587056665511,0.9550109366396483,0.6274748301505041,0.7590362812559472,0.9675109531998934,-2.2466925031719724
1.1927600620177075,-0.8307906236161672,-1.2553395330100114,-1.0471084273847717,0.7873582335747539,0.3500801553448299,0.07267225310110514,-0.6621204868088747
1.246403819301722,1.665084068881275,-1.121602370704358,-1.0471084273847717,0.9512325594380101,0.6863938028740146,-0.7795573578706577,-0.6231556878569585
-0.30717609768947757,-1.2623392373312818,1.2307325708338164,0.9550109366396483,0.004436542342955978,1.3085711484293092,-0.2003110965090843,0.38901322788243936
-1.0709623558224939,-0.09214377446439122,-0.8833354299749633,0.9550109366396483,0.2711235427399892,1.105397996876636,-0.7972163222993828,0.38764685130707627
-0.930552692648208,-0.30113841091268534,1.2202618421130382,0.9550109366396483,-0.3539919842827329,0.6150166988692078,-0.3664026785437941,1.1312005021723464
0.07664651225513626,1.4166285424911942,1.3581045245719419,0.9550109366396483,0.6126712713798289,1.0157808215442,0.8086168077978227,1.0404750463098393
-1.4147023440694153,1.1819873256389049,0.7630825930262113,0.9550109366396483,0.4048809856755807,0.5738552829014687,1.6559820121815858,-0.10455365341405565
-1.0787466916276855,-1.5789844957740746,1.3133404481931403,0.9550109366396483,0.2686850587953353,0.9614456779214744,1.6931229891774104,-0.06247731926226513
0.5940855271236877,-0.08878034239576293,-0.10305104806752124,-1.0471084273847717,0.27013174317121447,0.9609066745616109,2.043943337127605,-1.2695506274883985
0.5738401426431993,1.0787638688857188,0.7081025205240332,-1.0471084273847717,0.8636573526357331,1.086913727863895,1.8136735591185096,-1.3507767916136415
-0.8421978011279616,0.04984309039182939,1.3471125280693523,0.9550109366396483,0.27577357250093243,0.5993901639284868,1.8087314942417534,-1.360024721662379
-0.4020101418808914,1.3595034464669313,0.3709617530036511,0.9550109366396483,0.3521270689381043,0.7576247850238959,1.632431708259935,-1.2424125876169896
-0.39095453286726206,1.6116316979736367,-1.0628593468089929,0.9550109366396483,1.7244796251192096,-0.6312140705609212,0.5640786075045326,-0.2098928337041426
0.39430257545791225,0.8443723727799174,-0.6583146969766203,-1.0471084273847717,2.1258486511049006,-1.265516991455515,0.314428875905149,0.09798134953840569
-0.8996462688096318,-1.0057681929911144,-0.545566631396795,0.9550109366396483,1.2292466376242566,0.41552140479876276,-0.2492279885525848,0.02150599951857607
-0.15939884766159793,1.2097642107471998,-0.3528529815586939,0.9550109366396483,1.7281536254366578,0.35800613401067316,-1.0135422634752156,-1.5854069287166281
-0.49703119176812277,0.9114421129929257,-0.19439763697791532,0.9550109366396483,1.535432821999407,0.21010951508748893,-1.2677310983528183,-2.297964428657449
-0.06348378204723774,-0.224816574457606,-1.0382045722546482,0.9550109366396483,0.7455369749514152,-0.06799025026044014,-1.2566461698468216,-2.331621493306666
0.7593674667209456,-0.037908468501971465,0.6862152458002138,-1.0471084273847717,0.36604903460450217,-0.1938385407370178,-0.6521377709969588,-1.2084237686880186
0.1937294392718801,0.7384878996889326,-1.4933089803032837,-1.0471084273847717,1.1162910449455354,-1.186548149707573,-1.0782481844820098,-0.46086909794123065
0.54355199621838,-0.8333731629854748,1.715960826483207,-1.0471084273847717,0.23749377595226553,-0.8372189617532503,-0.14809759219767324,1.2207929852708748
-0.6547686050743653,0.134007889220252,1.3937521052158477,0.9550109366396483,-0.09689738220327127,-1.3705380127933777,0.5659436702859284,1.7536625473056302
-1.454908283951706,1.7511117867053079,1.4047679499294974,0.9550109366396483,0.7529918469012603,0.048318671743986644,1.664318173400189,1.2460592414858658
-0.7717815813076158,-0.8755647486503058,-1.6421240963923112,0.9550109366396483,0.392697888788908,0.5757898282697573,0.6174834076224478,2.6425798113326686
1.22289465156895,-0.6651303679284133,-0.6159830777690373,-1.0471084273847717,-0.21102847643227765,0.5825100116951762,1.0119341816343412,1.9308989722995515
-0.1825756335558274,-1.275370686595412,-0.16598641991649626,0.9550109366396483,-0.4011411050024117,0.8974829639134186,0.16579987071567234,1.3080902272279575
-0.6196062480781112,-1.3226085304473567,1.0786166728939806,0.9550109366396483,-1.0276631137678074,1.176213233474853,0.024113167018831823,1.0419975796018937
1.0989472366804627,-0.0843283448374052,1.730382548059433,-1.0471084273847717,-1.817125337765785,-1.6006642009842942,0.1705113639612858,1.3900345367602753
0.33182121540031095,0.21042039030448045,-0.2380604127236472,-1.0471084273847717,-1.3500198036248339,-0.9396239590863337,0.8017864752799959,0.12721388781439483
-1.8056829886688626,-0.16863648245367235,-0.4022945078294596,0.9550109366396483,-1.1364671192892044,-0.837230641601171,0.8978620859130343,-0.05026591731042643
1.4771783894650876,-1.1707373897073705,1.2176995049801902,-1.0471084273847717,-1.09146209087891,-0.9317057162973784,1.5199752396319355,-0.06761803447726207
-1.270855080528343,-0.05858941307456831,-1.5287766765162871,0.9550109366396483,-0.5477803186282767,-1.509299832856771,0.3476761865007703,1.280443016795394
1.0609424099248002,0.9970090229120638,-1.6585762822130972,-1.0471084273847717,-0.0826738907122153,-0.6129984139288727,-1.1760192040422668,0.7355928971207961
-1.0671433477722845,0.911430614980369,1.2655886747893084,0.9550109366396483,0.2188456639205976,-0.2126507913475192,-0.4999699221294814,1.6722446382524387
-1.4643441423165084,0.43034115817729685,-0.9386098316031518,0.9550109366396483,0.4764788125976563,-0.23159224529300487,-0.7411003777171823,1.8062562393548887
0.38831368868612304,-1.223747353850892,-1.6861866294458066,-1.0471084273847717,0.45367808841842494,-0.15614927695181122,-2.046704293044448,1.0565742855065954
-1.5327442201670085,0.3428264460448295,0.2512503341120066,0.9550109366396483,0.6263356714375441,-0.20010504821777747,-1.2463939065891723,1.1746875105000765
-1.0776474306660666,-0.7502162291863415,1.0626194137897786,0.9550109366396483,-0.1251834381439021,-0.21166264152702802,-0.022928663598392105,1.1422275080065531
-0.88819113870149,1.4964130920908065,-1.2083195224149672,0.9550109366396483,0.12643009010083756,0.4356680834060927,-1.1352120242090775,0.6088157540703077
0.327494636426972,-0.049660407827922734,0.7959609202709921,-1.0471084273847717,-0.08002889339239325,0.36249293884844436,-0.35533903325012145,0.9560541323409317
1.5565031580263986,0.5793652238308354,0.2082475174096714,-1.0471084273847717,0.6955285553263942,-0.44448400171511804,0.4964094599645031,-0.30862163969532164
-0.4714526397276149,-0.7554499104620827,1.1837866141087103,0.9550109366396483,0.2231363045131903,0.022565593472845515,0.9156831373702767,0.05910354178403135
-1.3447694669681436,1.1149440529567527,0.7834927505674765,0.9550109366396483,1.0253818036435551,-0.1734802496612719,0.7901861834591299,-0.0845573566677198
0.18579526496199367,-0.19620769455660408,1.6610502327993395,-1.0471084273847717,0.2973492475019782,-0.8164736015964943,2.0802713360816703,-1.544753582387772
0.8802161493385151,-0.04042334757625715,-1.3652100585070446,-1.0471084273847717,0.3013223055190519,-0.8185997893124746,1.108596428400757,0.7484733152306957
-1.7901724118491336,-1.4171943142388186,1.6050109372629138,0.9550109366396483,-0.5574408359101494,-0.03903594926366452,1.7365892991015093,1.0354461546008864
-0.8966315082391344,1.3168310331606436,0.5280209093230057,0.9550109366396483,0.3338917084676156,0.5681228218051152,1.4417532648798062,0.9641405371941556
1.51157226440037,1.7341589185721054,0.23477301085716937,-1.0471084273847717,0.6002293222858456,1.1365654953437692,1.1950457125105893,0.9959454041752301
0.08568574939547678,0.6295511138984314,0.18229086664758207,0.9550109366396483,0.9554059222770954,1.0501563388203112,0.5301869925400724,0.3678061701733453
0.4937569002712676,0.8649579780725013,1.6717510073481854,-1.0471084273847717,1.3448298771255365,0.9685540720409349,1.8956221627661318,-0.821243289319094
1.556973642650358,-1.6822883322597895,1.6724581059208734,-1.0471084273847717,1.2308072460198896,1.3718510396051786,1.9259467978933904,-0.756440865900563
-0.33066392750893414,-0.8845769686648065,0.6016186623060581,0.9550109366396483,0.2839343803888469,1.5713170900936175,1.9590367711243681,-0.7832228881176697
0.9260812689103141,-0.5277266218452897,-0.8828744530845671,-1.0471084273847717,-0.6889511735877335,0.4097223312867386,1.4565360402662162,0.42468984153757966
0.5917534616344714,-0.44984440421481153,-1.242446279446452,-1.0471084273847717,-1.1532223702662627,-0.09798308490641301,0.8159660212836172,1.517815555401181
-1.5740379018904855,-1.0551418304815228,1.441335535229299,0.9550109366396483,-1.9790985397521392,-1.6455016493638615,0.712369899182272,1.3295638643317516
1.428453667537712,-1.6328503530942575,-1.698806021304288,-1.0471084273847717,-1.9578342030346136,-1.7138739459818593,-0.8033698510533445,1.3158354141560635
0.24917516218110564,-1.4374876848876414,1.3906217293512537,-1.0471084273847717,-2.195652978052193,-1.5193624553708254,-0.44862953209691686,1.9628849599136526
1.2840497832803541,0.4313038969555405,-0.9596135540085307,-1.0471084273847717,-1.7831533528979415,-0.4086805204590143,-0.4831318734377977,1.9960342601593535
-1.5741771871885195,1.649647274941134,1.714013047142654,0.9550109366396483,-0.8801168867079078,1.6490039264211123,0.846109251598095,2.2635731524740916
1.2987521356101153,-1.2014381617443455,0.5320986218537624,-1.0471084273847717,-0.9430420810831782,1.71468747792894,0.4373111034923922,1.88560463981553
-0.8029978867817893,-1.0866863312997381,-1.489233649857454,0.9550109366396483,-0.7081252042514752,1.3653194223964857,0.5315360475980253,1.6471267132381575
-1.2396098897088388,0.7408212018963243,1.675831963860138,0.9550109366396483,0.22881223585429405,1.0004770398026837,0.6597682101651716,1.874492923890539
-0.024424875146187266,0.5734728139542131,0.5372077932532302,0.9550109366396483,0.28996214070181425,1.0401630249785059,1.332747700773429,1.231865529755719
1.5825715539444551,-0.1952319106275333,-0.5844590824954247,-1.0471084273847717,-0.5035600231741832,-0.1665635305714494,0.2993414056194873,0.8975274307790939
1.0867380349868891,0.8157389763043735,-0.4683139111150576,-1.0471084273847717,0.3640711908514748,-0.5081356835475417,-0.1504498256901887,0.8993003722638477
-0.5529674924364906,0.14528188080874424,1.669537591738379,0.9550109366396483,0.8939671803264893,-1.8786083233174948,1.2697519004583793,0.5013058285697832
-1.1846504147105754,0.040645097458736096,-1.5954786992329122,0.9550109366396483,0.5928063987242398,-1.9458945032593615,-0.20104819715989805,1.0068094250792652
-0.18258615270271872,-0.8335089704836958,1.4588892566726142,0.9550109366396483,-0.01236668732645325,-1.276867484853975,0.21334509225286724,1.6357984512107628
-0.005339623353542149,-1.2942363261420158,0.3652125242365484,0.9550109366396483,-0.4850720919567932,-0.406166350603048,0.6403229111574263,1.448400233563013
1.1061414167333379,1.113672787221536,1.0661626878623998,-1.0471084273847717,-0.35692436056053034,-0.05428238637118376,1.3302324196096393,1.3020531169056275
-1.7512418421590055,-1.0414425259963402,-0.10661402021202306,0.9550109366396483,-0.8673600175827869,0.1283245818642528,0.5316644346994228,0.8306604028893553
-1.3970825441876698,0.9802404586639092,1.3249184279307564,0.9550109366396483,-0.4632198711582108,0.7744436762906123,1.8446917873676665,-1.0698115980748089
-1.4264903190160891,1.1166894476069318,-0.9207909221410243,0.9550109366396483,0.37560235677744186,1.011902483939966,0.774773886024092,-0.20460123198148608
0.8166810433470123,0.09234039456714976,0.039538720029550056,-1.0471084273847717,0.9719987866380079,-0.0433284482273399,0.6283490696887117,-0.1685624109145445
-0.7986471647538179,-1.7128930537652167,-1.2145825998959938,0.9550109366396483,-0.24376789338251523,1.0543913298157828,-0.39708713535387274,0.10717296857106594
1.488196073457727,-0.8759727577613051,-1.4308209897559336,-1.0471084273847717,-0.17259579193921562,0.9495464280983261,-0.9924582084975264,0.6291173276929393
0.9827264986651234,-1.32965861187704,-0.5421373585973911,-1.0471084273847717,-1.1661329965046272,0.7089760145852362,-1.8318972333708,-1.3858395868576934
-1.2338702741487155,-1.156302715944747,1.6045496247882545,0.9550109366396483,-2.143795747650442,-0.973627426319367,-0.6964895923761952,0.922549253941533
-1.1203344757342397,-0.670446835226925,-0.7740914620230469,0.9550109366396483,-2.4718869190929755,-1.9681678323174638,-1.062302403947157,0.9086605203980528
0.21609517637620484,0.17501931581852054,-1.627140403962836,-1.0471084273847717,-1.6598552584622701,-1.3106236520729317,-1.2477907665598866,1.181469656308528
-0.7647634806829864,-0.2799578736230729,-0.26527065821198864,0.9550109366396483,-1.4034964549897864,-1.1912677885522494,-0.7237526307892619,0.8299091943314337
-0.3670161854314461,0.6927716505384623,-1.1592907543242634,0.9550109366396483,-0.5336057593421111,-0.8326630701264998,-1.0012283486785216,1.0453769882796324
-1.5302188851775174,-0.36811116001384475,-1.6704928358899724,0.9550109366396483,-0.19458764156856545,-1.5067890008264169,-2.4737062839642805,-1.3432174794834115
0.8339579975904501,0.8402445796247623,0.9343850712701788,-1.0471084273847717,0.45519318410240817,-1.4463597024749264,-1.7055654038283912,0.5063959721664902
-0.07669120586446011,-1.318805451868819,-0.895508992106056,0.9550109366396483,-0.18733293434443815,-0.25017292175816686,-1.3766197111676681,0.14115288382810656
1.0366034589324276,-1.6192331350129285,0.5947410616373477,-1.0471084273847717,-0.7633839905636504,0.6284151962991473,-0.9899534933186767,0.6454503037170908
0.8132754038162927,0.4900033332974881,-0.4735581805297587,-1.0471084273847717,-0.8505989990699964,0.4679999404587483,-0.6816441823578598,0.39382249299228855
1.1066245806386226,-1.2477698877580445,0.27255545786040236,-1.0471084273847717,-1.2289591120639656,0.6998337629146827,0.19196151103200926,-0.7501626764149684
1.454288726894321,-1.0550271245533913,-1.2128600032283667,-1.0471084273847717,-2.0441561805748885,-0.4316808018345734,-0.7734522299536151,-0.7218079790923044
1.064750977591335,0.33702867915290696,-0.24822502180278389,-1.0471084273847717,-1.3319463551585544,0.056869010009295076,-0.48242963236006975,-0.9581384508673866
0.3987081055087954,1.1309393837540158,1.0230188758751184,-1.0471084273847717,-0.14903808387705772,0.30455731284971804,-0.28987346271977515,-0.46092064030117996
0.6041080815132985,-0.3412135679253689,1.020608214780985,-1.0471084273847717,-0.5065623268021294,0.13658534062773817,0.3819123462144111,-0.07561606533669761
1.3235878371626413,0.02917932387325811,-1.56104272102083,-1.0471084273847717,0.04268095671460652,-0.5066442248405334,-0.4424839457419499,0.9038591035152775
-0.6219904649282297,1.4773058829397299,-0.5441501101090959,0.9550109366396483,1.1318917752220279,-0.6880198709385186,-0.1418281299631484,0.5095138319265573
-0.2520559058154993,-1.3066587164247632,0.32313276222452664,0.9550109366396483,0.4249065216199321,0.6430096221675026,0.11505761739285739,0.5293986871508216
0.692076073212314,-0.01620993569276212,1.7090319643125713,-1.0471084273847717,-0.06850704029615533,0.18192791408081996,0.42349304935125903,1.1785900232604634
-0.48563522507589896,-0.3456023039803283,1.7294130282273852,0.9550109366396483,-0.07039472993906298,0.18316035911248565,0.7421757720198425,1.7075522784301305
-0.9046237879833531,-1.0593950581627383,0.25066861126806306,0.9550109366396483,-0.538613953143599,0.5330848864015503,1.5567316118088959,0.12185354348815718
0.9057918584526494,-1.7117133932394506,-0.6897213174297132,-1.0471084273847717,-1.9102796407782867,-0.9162526192613859,1.4912819593643525,0.29028108950226966
1.3380367581992203,1.3896442873943584,1.3541327206637166,-1.0471084273847717,-0.750541804939246,0.8018580568415912,1.9548254731690111,0.3536768150862728
-1.7083443726426661,0.166682545463197,1.6416280578578282,0.9550109366396483,-0.6718758204461782,0.8585695966313193,1.9245202889772572,0.3064314402677442
-0.07636377386833557,-0.11187234658369447,1.5094022600341106,0.9550109366396483,-0.5713435454837666,0.8692006642675576,1.8256021816307098,0.15338836969370642
1.5796460720121905,0.6762155444359033,1.3823952787257425,-1.0471084273847717,0.17517985387676013,0.7358863514885712,2.3344330034029617,0.03900034125271535
1.6478415065281875,0.7248789540612105,0.02468935063294972,-1.0471084273847717,1.2232105580216106,-1.3431198112860767,2.655636150563741,-1.1120477367877308
0.24167725945686344,1.2569081428076123,0.08633827268835992,-1.0471084273847717,1.166117891194996,-1.5087831063437624,2.0856284717213374,-0.5819346195291193
0.6179085375367964,-1.3590775275104896,-1.3593439289221327,-1.0471084273847717,0.5098557120060182,0.2436077129140723,0.7363741985327534,0.7659823957439421
-0.11396246448365718,0.9726606377552798,1.3369535498848901,0.9550109366396483,0.9763366432558782,0.3240122316058061,0.6588402661602747,0.6145850501299018
1.5182073581289692,0.5306869726460338,-1.5442482674196296,-1.0471084273847717,0.9137416787206337,0.3032865033005991,-0.6569955124247439,0.804316366019783
0.03622257122254987,1.746471854223106,-0.4328220375447993,0.9550109366396483,1.3531507278757648,0.8886798256186706,-0.8626952651217465,0.7573477566480492
-0.9414220798728996,0.7684258145707811,-1.6705366743002201,0.9550109366396483,1.1430439863884125,0.7264962322026455,-1.6525963505450156,1.0654610485992524
0.2967483951514795,-0.7343025178263868,-0.12043334872425217,-1.0471084273847717,1.4117731375969564,-0.1746180344914785,-1.0955750248564096,0.9473879875809208
1.5982977807260272,-0.19103136042861946,1.5813083552870453,-1.0471084273847717,0.911244214235812,-0.00484051543976978,-0.9857116983024057,1.2839296982989776
-1.8293302442859023,-0.39911777852011343,0.5285372511785197,0.9550109366396483,0.511315219481548,0.2222100265861696,-0.05377540209830599,0.8674926957621774
1.2272326687707689,0.2884516118080482,0.6047871330200456,-1.0471084273847717,-0.11581060360023726,-1.2970493855596883,0.412739651508201,0.8714304188757496
0.9260899546836827,0.5144570850514937,-0.4089652759267682,-1.0471084273847717,-0.22504800916122136,-1.5977973067075701,0.979949411441454,-0.7009767752150854
1.2160645347941383,1.0118247712882853,0.8785042262288579,-1.0471084273847717,0.525998842957774,-1.3962449341919303,1.4290774931401904,-0.8940095297122018
-0.9583176439949828,-0.8563431459899952,-0.13107444721711628,0.9550109366396483,0.2398339537549437,-0.750404275562874,0.6591803318899492,-1.5372026986029383
0.44348690523477796,-1.3464084891543602,-0.3739936416570587,-1.0471084273847717,-0.16761612774750223,0.1298443951951221,0.25339724920621126,-1.3530579237774805
-1.6765664449879514,1.6771625673847883,1.5131143297713447,0.9550109366396483,0.42969828237084123,1.1535373530511617,0.6617863834830463,-0.37883823239023373
-1.2513824675110292,1.118489332766106,0.8054361757006323,0.9550109366396483,0.6895055261224906,1.386226688873502,1.2077882639380642,-0.6743143122553283
0.7976065342184949,-1.1172174399330403,0.7223668498624765,-1.0471084273847717,-0.22624125862478897,1.6123204587073692,1.137588001091613,-0.7255206322087705
1.3940963882280477,1.7127162186195424,1.4466737054661267,-1.0471084273847717,0.8787663549238871,2.051384551204977,1.8469526490793602,-0.7389914995627599
1.1861833403475728,-0.05319410321098164,0.483784203209125,-1.0471084273847717,1.4350056392719488,0.9991327241820122,2.2326145038819587,-1.8321473529921903
0.16001711362595045,0.4978486969756648,1.2835631730255952,-1.0471084273847717,0.9277574131245205,0.5051644381399509,2.129406982945742,-2.039143326557769
1.0094348574263368,-1.6893567766087898,-0.6523610499133812,-1.0471084273847717,-0.27995750824859766,1.414239213631649,1.4739729619795259,-0.47795090296488135
-1.331474179589668,1.1985228287121696,1.1657322621085422,0.9550109366396483,0.7160921210845588,1.3181948216872559,1.6733126025000975,-0.3622824526061
0.6849166607333738,-0.8786822222936529,-0.774103547080261,-1.0471084273847717,-0.39852400900337304,0.6636786059827009,0.6748383711516909,0.04889741969889842
1.494577635310388,-1.5251616076850936,1.3660029693457838,-1.0471084273847717,-1.0316488490700189,1.1678278335483767,1.0714890047933185,0.46484634329846514
-0.8162577243265751,0.4172673678433678,-0.7674457613458067,0.9550109366396483,-1.0663086095363146,1.113569789772358,0.14934358616249455,0.48977073033810714
-0.5638073152491997,0.3138352285602134,0.6795785841695621,0.9550109366396483,-0.2046927015489143,0.5096975504530002,0.7481913097775237,0.2773917023204095
-0.4879859622371111,-0.7789443966053895,-0.02474644334358012,0.9550109366396483,-1.055243829179622,-0.4218046442414601,0.21294523365709891,-0.11361677350206899
0.0741858855055775,0.47118657899953187,-1.3261873129961979,0.9550109366396483,-0.4746362639093286,-0.20780404402447544,-0.03527480425115335,0.4309664391449682
1.0104648115469768,-0.9251394875269792,-1.2252461270060626,-1.0471084273847717,-0.2165538621532651,-0.9360776007037193,-1.2003153083113958,-0.40916597730345006
-0.8949941891355275,0.3957559806017427,-0.3634541825433007,0.9550109366396483,-0.22580637184900826,-0.9504247565157679,-1.0186783698685404,-0.4409081581650061
0.215522801420042,-1.4495487693611524,1.6648638678779064,-1.0471084273847717,-0.9842757050826386,-0.356841094658981,-0.5756884368702804,0.8938011688059186
-0.26998101055133544,-0.7704563091476837,1.5377891677578939,0.9550109366396483,-0.9806247963514346,-0.35970560461915657,0.12683656488762082,1.805711248175588
-0.9370063925601745,-1.2562161110833128,-1.2480527931598613,0.9550109366396483,-1.723617796241149,-0.8277048625028742,0.1619662946009051,1.7393752496207326
1.4702864680456815,-1.1914096380666832,-1.5248124606752171,-1.0471084273847717,-1.838146307205255,-0.7519555612476843,0.027279547244678924,2.001222479536421
1.272143436266213,0.9701326886031274,0.6103420150426555,-1.0471084273847717,-1.5910945480556495,0.13510263596246988,0.46510392101281206,2.0087153654495298
-0.45895920659787065,-1.274268155316185,1.2306266187543298,0.9550109366396483,-1.5157025911023263,0.03110045275573406,0.2698683551565934,1.6631012986864029
0.8358642095259734,-1.7078814441634202,1.46373696125621,-1.0471084273847717,-1.9189092766285363,0.4004349681478895,0.23657405700866316,1.5968368842155798
-1.8013179961297163,-1.254784991565484,0.9980388823475163,0.9550109366396483,-1.9182937213848987,0.3999923286614227,1.2464297985823836,0.8816444551493431
-1.5036378274651812,-1.3841795717447152,-1.550458081964536,0.9550109366396483,-2.001208210365528,0.4612854003868038,1.2348993796828989,0.9219524004496712
0.31135438920063724,1.2387561311743382,-1.2391457945515003,-1.0471084273847717,-1.8856674979523074,0.8891814025485127,0.40335901832727766,1.7798655606983493
1.4975555900426278,1.5030897382136885,1.3673528276648872,-1.0471084273847717,-0.6910662130705686,2.187466438543355,0.4648319085915375,1.8737189523420847
-0.1706437395859363,-0.7342664616942219,-1.4342098966776784,0.9550109366396483,-0.2722934968328351,1.5930456853062724,-0.8381016738496072,1.6983423562460085
0.38604735589083894,0.6089388466440806,0.23790257793955044,-1.0471084273847717,0.5293341569083345,1.1066788352542443,-1.1798633302217199,1.1541311028156105
0.5615045808018776,0.2559886177072289,-0.06237296598839086,-1.0471084273847717,1.2348057243667219,-0.2411739038008684,-0.5108116994687377,0.6726555380629593
0.7737086253082115,1.048232095531356,-1.6877609598361503,-1.0471084273847717,1.1528572443706182,-0.35775897366393905,-0.7125116591631306,1.077303648121457
0.6212034162941318,-1.3826408305634652,0.487367729688468,-1.0471084273847717,-0.08835745587183697,0.1707752817075199,-1.1081580227471377,0.13308655204739595
-1.6628681837058457,-0.252970474395617,1.5091007725819428,0.9550109366396483,0.11865828602255635,-0.0543959907623412,0.21517139029456195,0.7160672865555512
0.30723312571006267,1.5320100133430428,-0.6744513144871391,-1.0471084273847717,0.5156910214668142,0.6861696363236295,-0.19502816952799207,0.8734534432322199
-1.8231908905002376,-0.6025002265641676,0.9930137325557943,0.9550109366396483,0.14643653006245652,0.9029471505819315,0.2794797629519343,1.2157547533248048
-0.5370091398118345,-0.5240816355385514,-0.27405905957178806,0.9550109366396483,-0.5298493773997996,0.4662432237375122,0.9150882719114598,-0.2495976386889747
1.2516551710382837,-1.5584862747122017,-0.016270843534594962,-1.0471084273847717,-0.6054842799127417,0.639795363611176,0.6886494713970431,-0.1875108407621476
-1.1628700101759162,-0.16116243029850671,0.6205437122184012,0.9550109366396483,-0.5659956682014518,0.6445652504900647,0.2891491041997464,-1.0507839833071009
1.6376841739059598,1.2828979236809375,0.3119971815291497,-1.0471084273847717,-0.6731441286440868,0.2917140940067033,0.7326620241449133,-1.675986556065822
-0.8345982528761078,-0.589297141336615,-0.6323566362777772,0.9550109366396483,-0.6674651980986276,0.28842458386761316,0.0018861537523570749,-1.7231850212171627
0.30392844518972834,-0.982824225507128,-0.13960277801690535,-1.0471084273847717,-0.8647802393769201,0.4448838322843597,0.06233847161608763,-1.7796561214500823
0.5572979166971207,1.1392259942580572,0.8293731604666588,-1.0471084273847717,0.2955637516732324,0.2646619057729124,0.4425448817463184,-1.3556711686488057
-1.7756550838945442,1.7062435986555944,0.4929304259153489,0.9550109366396483,1.0987751947434095,0.9404185621889262,0.38516921392318015,-1.4300487195350144
-1.1455879485636278,0.8714104021488057,-0.4356399305429146,0.9550109366396483,0.9217855733913207,0.7501243006576958,0.049027266347055995,-1.2476061229186164
-0.24162872296252566,0.28168055867644315,0.13348968584796775,0.9550109366396483,1.2964117898983158,0.2676857624039048,0.39335617954117014,-1.681627382359384
1.4010597867343608,-1.2012082496854835,-1.2807145526706174,-1.0471084273847717,1.2024801304284112,0.5766650433290113,-0.11969424042938638,-0.4778280165810443
-0.18799889080233756,-0.5835605271205249,-0.9061914479389545,0.9550109366396483,0.46147264384909464,0.7269962929786933,-0.9000140750036515,-0.8573367326487458
-0.45001279723016596,1.333963819681691,0.4381622318198733,0.9550109366396483,0.3013471147144641,0.3150157704406731,-0.9246381702113616,-0.9176698422063148
-0.02708744546134375,0.5790134235327749,-0.3427997623116969,0.9550109366396483,0.17558089381654635,0.15547067304004666,-0.8828966963617774,-0.9162821473787047
-0.9265972938481758,0.045327974245100336,0.5271566760352301,0.9550109366396483,0.07392057063509684,0.13281887899126013,-0.7059017523691876,-0.5926008844876623
0.3641126451676773,-0.5624029609289867,1.5236755278243403,-1.0471084273847717,0.34868444622906236,-0.49513575058783765,0.5549681645991341,-0.13715923111917896
-0.9359386017610701,-1.4557166944850444,1.3361101839829812,0.9550109366396483,-0.02644865439809995,0.4215644095082027,1.5631198807685023,-0.7627971214568988
0.0347698326527454,0.8227575200433057,-0.5416530300318806,0.9550109366396483,-0.24632946407347917,-0.10837234465858653,1.1225893010720882,-0.07842924385725093
1.4902534330703288,-0.29091475338208544,-0.13715388365492956,-1.0471084273847717,-0.620504258153235,-0.4172864361122523,1.215048871425821,-0.23325146513986916
-1.5451095938858244,1.7305976538830314,1.5790957508737284,0.9550109366396483,0.10436642896912526,1.0576076388341957,1.6880067324496528,0.17419236350670983
-1.5991889122899814,1.308025765739549,0.14263238210278886,0.9550109366396483,0.9088779992508099,1.2397482363385979,1.0670817874547451,-0.10939464118649495
1.3244270618967429,0.4754477667154555,0.37459519220980575,-1.0471084273847717,1.7395133134976277,-0.62105499711207,0.6347791144874854,-0.5896478396590379
1.1241997372098727,-0.7680041498291321,1.691225983294484,-1.0471084273847717,1.0552925513130946,0.357347860916501,1.6386943671174696,-0.42192565793736797
1.541358588020322,-1.1368327485689147,-1.619293764707614,-1.0471084273847717,0.6914450521092995,1.099591996784921,0.9723157481956302,1.378086349933223
-0.37914587033599345,-0.5474387072204716,-0.747623829901289,0.9550109366396483,-0.2883873167478817,0.19411231201181778,-0.07379076352850933,1.0264153450698397
0.803872628663394,-0.8049413963494403,1.5768427829970277,-1.0471084273847717,-1.197219877587336,-1.211752468059633,0.5710384853224424,1.7525595011795316
0.04372781169835205,1.2884756645779805,0.2377339480551714,0.9550109366396483,-0.8475191156891745,0.0498570944748003,0.5095048824354348,1.7469767768318065
1.0296671714703356,-0.26795960030444116,1.596900778253086,-1.0471084273847717,-0.6324392144809421,-0.03267833305331105,0.46709572749092204,1.661451310172532
1.4178322631074733,1.3189952801841345,-0.8627058445882443,-1.0471084273847717,0.4238651694198136,0.28071791969848275,0.807262009869076,0.8589967949669339
-1.5088851101236727,1.2560580343659864,-1.0568472010513432,0.9550109366396483,1.1995878552854848,0.24338100170643429,0.6682334028937522,1.139110527149238
0.03966241421227464,-0.3748869575920244,1.173750866167042,0.9550109366396483,1.3845635065350101,-0.24303209787617516,0.48700095765049967,0.8058960080836391
-1.0652208547348267,1.3844181739678993,1.56891501765486,0.9550109366396483,1.4258304405729256,-0.17676881606358658,1.0855076263089924,1.3381906325695971
0.4162137040482681,-1.4098958647700082,-1.3360965263569944,-1.0471084273847717,0.9346591255754741,1.1426334293211657,-0.23318483864200404,1.4576962680101877
0.3360733248166945,0.025331085807621282,0.6497055741354488,-1.0471084273847717,0.3782263689588808,0.7913588626934083,0.44680403780257044,1.2985043084298662
-1.464246210900308,1.0886775736326695,0.8716775321636107,0.9550109366396483,0.306232437632303,0.658459354995359,1.3138798548055062,0.6025619839976906
-0.034211124452577873,1.0494632237470911,-1.6805373355794737,0.9550109366396483,0.9188760442460308,0.7171819532516482,0.030575455403050848,1.7238611833730908
1.3225051617121453,-0.48511013484549076,0.16286903372839945,-1.0471084273847717,0.11475176302392076,0.39802262075984535,-0.6015909095179461,0.7495802904060939
-0.32110233218372586,-0.7025912318466933,-0.5771176552867483,0.9550109366396483,0.41897867784155635,-0.3946545403240166,-0.26034964183447334,0.2697934710325358
1.1433788524050155,0.4595510821854848,-0.7126187007813225,-1.0471084273847717,0.6057460248956554,-0.39285387843012387,-0.8728584748050534,-0.002425557647256038
-0.1685495384787563,-0.1135870826367259,-0.6477711062331268,0.9550109366396483,0.08862617278975642,-0.8469365109980901,-1.5560113257075892,-1.1148348507721606
-1.6365700881710878,0.25807682895032535,0.4436376809672573,0.9550109366396483,-0.25176611380194386,-1.6675569428577355,-0.600970015524824,-1.5699450923036444
0.6640731191156897,0.31980695627746986,0.9863831677749445,-1.0471084273847717,0.09444601590550143,-1.7380625564179695,-0.2307133222640038,-0.6972023419387025
0.96755068627124,-1.4375324272622738,0.7246526301542936,-1.0471084273847717,-0.2216679780458273,-0.6285652442353916,0.3545700886037823,-0.628775344270715
-0.361421935902554,1.3694997444675443,1.0521703330705354,0.9550109366396483,0.16972048639042814,0.22230285015215212,1.1480293930193326,-0.9877604148150252
-0.10993225552897651,-0.027984879352840518,-0.2119876988972655,0.9550109366396483,0.20653983267268572,0.21017480404979247,1.343960120504559,-1.6365683162484692
-0.08720974819470059,0.7116524307690385,-0.010314448221346435,0.9550109366396483,0.4016324413659732,0.3468713838149373,1.1398606311294555,-1.3825850604526757
0.2907594093934857,0.9126057055488386,0.723990531258254,-1.0471084273847717,0.6566079161528532,0.5314307890720701,1.0218873919146376,-1.54143472700238
-1.1657626137870771,-0.02763950358383711,1.3618024345847528,0.9550109366396483,1.2630331457192607,-1.22530339265747,1.3083536102186264,-1.04179970928392
-0.7141904771659174,-0.1744315306364544,0.41074587482367686,0.9550109366396483,0.5989551421947595,-1.6391329540437003,1.019965482961943,-1.2325082310040234
0.9441069116990737,0.6511771372724772,1.362547958762546,-1.0471084273847717,0.8910773132673262,-1.6831386573267597,1.7278857747020968,-1.3191540832655477
-0.6000534455913267,-1.177170535211095,0.1732537530881317,0.9550109366396483,0.07865398556782917,-0.48109429184678515,1.8104190942830365,-1.5255415599372166
1.2348966799257783,1.1741051131486984,1.1693537820377182,-1.0471084273847717,0.1911304975227125,-0.21033693883501142,2.0106569745040113,-1.4554571696862584
-1.1146581538692526,-0.832510466388752,-1.4551890876320979,0.9550109366396483,-0.15506179140435009,0.12908740493361023,0.7441213768274079,0.5607868980065862
1.2239553520820061,-0.37115380766913014,-0.6056049421379497,-1.0471084273847717,-0.23967626815419904,0.1615902221091471,0.2871642013238773,0.8238639317330542
0.12143407917862403,-1.159879475281759,-0.4610249348412542,-1.0471084273847717,-1.0186506169015892,0.09884926248490195,-0.5327246646851219,0.05114672623423705
-0.23673997738451957,-0.6188393527561108,0.010324680795491937,0.9550109366396483,-0.7785003829313604,-0.15816053264330976,-0.6059785131002078,-0.0014480098504207452
-0.3223021796270023,-1.168275901028724,-1.1483032982686876,0.9550109366396483,-1.786008769134537,-2.179589294566316,-1.6480104724670082,-1.3999721484306789
-1.5220021691153305,-0.3929796545032001,-1.2878426738311508,0.9550109366396483,-1.5969571262595654,-1.9944782709283844,-1.5727705618919046,-1.5806102944619336
1.1033318955433071,0.9400802123699774,1.209470760793178,-1.0471084273847717,-1.0329672102431786,-0.31328647878807303,-0.7567020817031341,0.17644454598820167
0.2141908712555815,0.2017968326944919,-1.3276916865417276,-1.0471084273847717,-0.44728098273504413,-0.5120981714682257,-1.1463604401662033,0.5279640528273187
-1.6891602740775191,1.6681945895423218,0.15751134488081944,0.9550109366396483,0.5364214390531371,0.572220389301162,-1.080184469064723,0.597256678055004
1.4141906404647904,1.301349785999532,1.5033097116673366,-1.0471084273847717,1.5986604921379854,-0.4139518437184164,0.1119959978837518,1.3643600444014106
0.045179151156693284,-1.142474261142772,-1.007748254002501,0.9550109366396483,1.2762867634264772,0.5837744287262948,0.2379280607336912,1.124683699429768
0.0025704318499871906,-0.4232153112428037,0.04466656665294382,0.9550109366396483,0.6899040764939359,0.7982194727321195,-0.28577460736686494,0.559589832016383
-1.5464234473598846,-0.9106594781261761,0.6952985146694065,0.9550109366396483,0.21141272275912598,1.2568928003717172,0.6237734276121417,-0.14948360887973092
-0.6547458675174022,1.1167444931580142,0.16485380298503371,0.9550109366396483,-0.02577780829324895,0.7078101804234699,0.6270746390251316,-0.1503403451100545
0.13775566806756884,0.4304290791702654,-1.281241371676019,-1.0471084273847717,-0.40037951080774065,-0.016986605790512564,-0.624875550667994,-0.46610185634656354
-1.17526574126072,0.8310122255982101,-0.493976029147256,0.9550109366396483,0.44845941565889197,-0.348063142634687,-0.39388060206957115,-0.7762389587648921
-1.5764792619864525,1.5763862031138645,-0.08271123204559616,0.9550109366396483,1.308530976427752,-0.01183247314070695,-0.4511503933106973,-0.8023156989017488
0.5783577713777821,-0.6766515077928855,0.8066139485026956,-1.0471084273847717,1.409182830725659,-0.3461593086858514,-0.4011023337376535,-0.677026616974095
-0.9381984717151196,1.6498977700876574,0.8895635914731775,0.9550109366396483,1.6385035067331684,0.01277264386409512,-0.07526864277127374,-0.18346394123725576
0.4850239402849958,1.336118190612014,1.1225006525870027,-1.0471084273847717,2.0280598468621056,0.03880158722808298,1.0054676027409293,-0.964360843889393
1.3741522991281763,-0.9368380996057915,-0.611985622990888,-1.0471084273847717,1.2676694503319632,1.203528692639043,0.9524098103082772,-0.8163726813217331
-1.6246636890029253,1.548074244140107,1.6456210647361815,0.9550109366396483,1.2554918686647398,1.1840802300165938,1.7294779559609308,-0.4498316254084551
-1.1750580740573189,-0.11269797999584458,-0.5634651338810739,0.9550109366396483,1.4980603941289536,0.7517506469263706,1.1134825169311482,0.2341420151040492
1.2928471657238056,1.6613033747844748,-0.16487496886545777,-1.0471084273847717,1.5029661896900555,0.7602481516607416,0.6394008728441314,0.26082233088437284
-0.21109825937301155,0.29726503369476154,-0.9772002021426567,0.9550109366396483,1.0561331333713617,0.5774993223579511,-0.30463671335858383,0.26624731752774267
-0.20385430522469808,-0.4214316087178649,0.7070387465809116,0.9550109366396483,1.2778205355190846,0.027859375698699645,0.2884042330163422,0.3237533652738691
1.6262562905489328,-1.5673573993724392,0.2826438450504144,-1.0471084273847717,-0.062193530716805646,0.8002538021733776,-0.3243981676794964,-1.078160490814176
0.8802670873201344,0.2518139617172554,0.3676466955432044,-1.0471084273847717,0.0945908847665624,0.8175314879929039,0.09423506855246529,-1.1397721201060362
0.2663287189445449,-1.7045884143641918,-1.6412246581426315,-1.0471084273847717,-1.3531514697412828,0.049608946800331455,-0.5695402468296868,0.15637963428429053
-0.4711026441986621,-0.7485172370516454,0.9886997003003178,0.9550109366396483,-1.8029648867483414,-0.4892929369662521,0.3143396613191173,0.26398459574805105
-0.7055314540205206,0.08901189359029035,-1.109094396039802,0.9550109366396483,-1.58341217258882,-0.15704761050750807,-0.5022042498387187,0.5118622884638789
-1.8391030740431678,1.5155633336215861,0.37080813830189835,0.9550109366396483,-0.25738174726884266,0.9036312626454612,-0.4625650762855343,0.5509515422729614
0.9028187008260492,-0.6395064777778438,-0.27281934129499613,-1.0471084273847717,-0.6407578129687981,0.8938207175817229,-0.7505222917620217,0.3820701894233867
0.6070130339195853,-0.3050189776871358,-0.2881874796985089,-1.0471084273847717,-0.038772936899876716,-0.11763467199961883,-0.14218899080454878,-0.6361793785573779
0.8765453044780954,1.2329146356074014,-0.4547379681064883,-1.0471084273847717,0.8134834707090716,0.000578267599407881,-0.7911668722238908,-1.581101988087431
-1.5748054222951569,-0.5055923942928799,1.550376676697236,0.9550109366396483,0.5577313949840914,0.28643538206337754,0.4045466249761045,-0.49078288231003586
-1.1003574311465996,-1.2160768051646134,0.8025997112924268,0.9550109366396483,-0.617205701610667,-0.12742515153469627,0.5986826007702052,-0.3234086366032082
-0.755326271103271,-0.8775715581522416,0.20698337551954776,0.9550109366396483,-0.7196026060799295,-0.023836040594637647,0.8144046630891364,-0.5025006936678189
-1.1157994036080932,0.8791100556467506,0.04290552506600898,0.9550109366396483,-0.21028327493366566,0.5046305785782903,0.9632659831778708,-0.6985843045540413
1.3703513294511271,-1.2245721397436893,0.9465026141675578,-1.0471084273847717,-1.267301121374463,-0.2803698702203086,1.5932718118651168,-1.298507857877152
0.4526401015737188,-1.333755013580078,0.7261605872890742,-1.0471084273847717,-1.6235116520360826,-0.07473400275031736,1.2226995154345837,-2.0633923374386143
0.4438990790014203,1.5589090478762215,-0.10284237098981816,-1.0471084273847717,-0.42993063271774107,1.3637576421581437,0.8156075452243117,-1.8600010758655197
0.28849392489933223,-1.5244693688337119,1.3175829913437689,-1.0471084273847717,-0.708175275810929,1.7591276779816412,1.3149395230147152,-1.3094266582170244
1.440494409612065,1.0351718704924844,0.43287425999909873,-1.0471084273847717,-0.641049737193812,1.882102177567477,1.490271710164851,-1.5505349148668979
-0.5458704923561541,1.0026230143721835,-1.3412717635943072,0.9550109366396483,0.31691473651962254,1.8327872209165452,0.4616751858105272,0.1571334761022477
-0.5809940063141964,0.21604040247561157,1.0914945547669326,0.9550109366396483,0.9835150330233425,0.9289291667622841,0.6259314397615514,0.3709443214109343
0.8200651193184445,-0.4345235808346218,0.3556560397108863,-1.0471084273847717,0.12609684247225617,0.44999002388892456,0.8320749634643154,0.29214859478412397
0.5181102314046977,1.4107664970726488,-1.182125714174642,-1.0471084273847717,1.38860483433434,-0.7417988672671063,-0.2918084541434515,0.40723697754326993
0.187719409366081,1.598682569427534,0.2823226482597476,-1.0471084273847717,1.6309828895934873,-0.35057021802565425,-0.35949732507246884,0.34279001100760936
1.1290041460093048,0.6724293231834797,-0.9226978785011352,-1.0471084273847717,1.4889594907824173,-0.3898834040820354,-0.17130409781309056,-0.04231642763240896
0.856276322431468,1.2689996515640964,-1.295680881632392,-1.0471084273847717,1.941859880328731,-0.45311247265903987,-1.2445919100957512,-0.5653534613724888
0.4013346278155629,0.33333285165579885,-0.7827874119306376,-1.0471084273847717,2.2721314247323754,-1.5052742782199762,-1.756442636686194,-1.2190341199507821
0.4104877938200218,1.5174282550893945,1.4344989273450586,-1.0471084273847717,2.3180089378434445,-1.4349299018881676,-0.5799931415047279,0.5452198794671189
-0.9369631499576935,-0.5546700896578072,0.9292320670937728,0.9550109366396483,1.3918057073057066,-0.4697472885111859,-0.2891389444069705,0.9474878173121297
-0.6787876550049278,-0.9346244206005813,0.3752379511514619,0.9550109366396483,0.7005773741943065,0.47284784972267535,0.2944204730744392,0.6724047872431101
0.4716377676051046,0.7971133525767635,-0.5984140626966817,-1.0471084273847717,0.49760894135330014,0.16359538831047984,0.6079156470200942,-0.020360614869266117
-0.7601972396104101,1.1085055215506288,1.6030756179969983,0.9550109366396483,0.8310273566100569,0.4420599914104258,1.6806133938013503,-0.25510248233373073
-1.6193512100918688,-0.1575380403738508,-0.5068634103886148,0.9550109366396483,0.11058837632763224,-0.27312514273351934,0.8077657159377687,-0.080159242861886
-1.0220814810284955,1.326501185772555,-1.701313205928243,0.9550109366396483,0.9197205475709989,-0.0013399006323468901,-0.374942575268025,0.9845415245134677
1.0540348987103405,-0.3937911692400095,-0.20880224295203495,-1.0471084273847717,1.1523445455394343,-0.6521287963692735,-0.6375304071703094,0.8500977737922999
1.1600531866171047,0.3203395091883076,0.16121170618778122,-1.0471084273847717,0.9472738748719313,-0.691690248442606,-0.2959982905072424,0.8430999088607922
-1.2398926469956175,-1.145226001934615,-0.4223427486086929,0.9550109366396483,-0.022104461281991984,-0.12374366712365716,-1.2066380426195817,-0.9530543893464971
0.3013818313593337,-1.677711840755673,0.6074353475335594,-1.0471084273847717,-0.6759638646416489,0.861222150117882,-0.7056429092566557,-0.34019874772830644
-0.8232996316656147,1.1569174455950308,-0.40880611965852576,0.9550109366396483,-0.7489054737814237,0.6537926642052959,-0.12452428603779316,-1.9078660586378065
-1.2666059454877545,-0.5830855108029458,1.3040532607827895,0.9550109366396483,-0.8303250359411006,0.6721117381153938,0.5556642535831021,-0.8463241915703003
0.7986131281270143,-0.6896201076806742,-1.2649065445805845,-1.0471084273847717,-1.2647303600806394,0.42223952947315,-0.08552671800810835,0.13950208793809624
-1.6379893587600316,-1.2532867684565225,1.4345295910551894,0.9550109366396483,-1.3112096167990857,0.4767383415331528,0.749333770558286,0.6996145936312639
-0.5906278466676737,-0.8723723443253286,-1.7198080424503643,0.9550109366396483,-0.9648158014960909,-0.06137223550058935,-0.29700824880023735,1.7698416897379214
-0.014287447798226313,-1.2968342421712722,-1.2255973179478534,0.9550109366396483,-2.020227106540718,-2.258039222995108,-0.6642422714600774,2.0713427064167362
-1.1245369829505836,-0.8414000403820443,-0.4551802013684921,0.9550109366396483,-2.131333734050873,-2.4565250384540245,-1.4552037588716595,1.0410559223394744
1.382528753912078,-1.6785369590090011,0.5080561364777242,-1.0471084273847717,-2.556688112753783,-2.1820710810873383,-0.6580695356400005,1.1564836286725255
1.6328502086773031,-1.3829955240599445,1.7471979623984775,-1.0471084273847717,-2.6124786345533786,-2.1431225830134233,-0.5174920367548772,1.5511382940177911
-1.0964940895169222,-0.39093447896341105,-0.641614476562774,0.9550109366396483,-2.405401867856556,-1.6039626177223019,-0.03273000548405965,0.7371382604676224
0.5975373681993512,-0.3845876774019372,1.7546279733903893,-1.0471084273847717,-2.0130250262038736,-1.3224757290528653,1.3071964340550966,0.690143079516911
-0.7113585196350095,0.21090870270508674,-1.5360954135612725,0.9550109366396483,-1.5604044332609588,-0.6060355892798648,0.8212107349448069,1.798633502405115
0.9299156411096047,-0.8445451697451452,1.2990519720782625,-1.0471084273847717,-1.2016866513876274,-1.2836640569899065,1.1768470141103335,2.020303230763176
-1.1852662254519735,0.5557219199363368,1.044779789845884,0.9550109366396483,-0.36780263700981414,-1.4333561397665793,0.8610357619370568,1.6083885513263991
1.0652758945163756,0.9590577560454401,1.028370829209428,-1.0471084273847717,0.21285801975281987,-0.8223602151258759,1.611870764696616,1.205414350261436
-0.7109072234336095,0.10870669123247137,1.0874964062870245,0.9550109366396483,0.42503452317299356,-1.0054282239424917,1.3119245733764335,0.8292786588084315
-0.1312703950229538,-1.3776690909309217,-0.2761427360526882,0.9550109366396483,-0.2582469069347665,0.08021649634223209,1.8784065470945401,-1.2056001063556283
-1.4448709550727705,-1.2777958333118369,0.4805371623209388,0.9550109366396483,-0.4445973231264831,0.4244009300606918,1.5103975788008313,-1.3706845973157251
-1.3078945363400813,0.46561304412500304,-0.17561837468691757,0.9550109366396483,-0.4833550860616207,0.36871101027162917,0.9616995417177798,-1.1605153132608577
1.5256886226558821,1.5192237231771175,-0.6269129589928708,-1.0471084273847717,-0.24241567179260298,0.9933689810391606,0.2174744258518448,-1.0182196594180435
1.4746358399231085,0.7381609882092072,-0.1482049920778463,-1.0471084273847717,0.028326141386921574,1.207345899868478,-0.338104033218643,-2.0464149877607025
0.47565186522451375,1.0754165529792208,-1.0188016125299642,-1.0471084273847717,1.0834509666630572,0.4371076157315427,-0.6720077374260224,-1.4521611399358916
-1.7941670655977129,1.3758107740651069,-0.19180976727463123,0.9550109366396483,2.2248241653163503,-1.849891532850472,-0.9742987857324834,-2.110659067680087
-0.16432721539503903,1.7468902346444637,0.45027033087717744,0.9550109366396483,2.7759290055135484,-2.007740197366317,-0.6928956222764487,-1.4931884856840125
-1.2792652012655144,-1.3404137454703582,-1.6346505020985709,0.9550109366396483,1.54593750809061,0.9386586195491223,-1.145980220292601,-0.5258887167856968
-1.6896560539342458,0.44073982845430976,0.023389372850320857,0.9550109366396483,1.418010278970471,0.9607712522239316,-1.0688304064475096,-0.4451000450160867
0.8951835329738423,1.4472291776238977,0.3290813401144696,-1.0471084273847717,1.5779348749940938,1.1137755775302416,-0.4628144750675738,-0.4528860276615791
0.7908168884324338,1.6365690625503457,-0.48585393476528166,-1.0471084273847717,1.6900926156992828,1.2511379541425467,-0.5950184247347755,-0.419651951821181
-0.22125816563656134,-1.3023221161044405,-1.5543017635035234,0.9550109366396483,0.378560889605327,1.7716200349099465,-1.4962855729029496,-0.23569394934946794
0.19647996308736826,-0.9477973191829395,1.1449613539002,-1.0471084273847717,0.54743364756038,1.4258987485890875,-0.24655608824482275,0.14157975269047116
1.6966331910264798,-0.8916226662590904,-1.1507344203456848,-1.0471084273847717,-0.025644079231962387,1.7267230309389707,-0.7744489017068826,0.48560559593347274
0.35852728098111525,-0.5250153841695113,0.2886249448376829,-1.0471084273847717,-0.8739488271033359,0.8109786305897795,-0.792638329814001,0.46350213670391355
-0.02396495330819888,-0.4573524502050495,-1.6749656107678628,0.9550109366396483,-1.7745894450828807,-2.1872771670053,-1.3272697816278698,1.028819718825132
-0.898759875020263,-1.1510915371387316,-1.3001094245731666,0.9550109366396483,-1.709541924787886,-2.365621013559589,-1.2129834433933069,0.8655180627869623
-0.11399735339552049,-0.11813505760731513,-1.6865931129244565,0.9550109366396483,-1.3526863657671966,-1.9809546033035088,-2.4860666247624117,-0.5440206914209301
-0.23734696877439074,-0.41011876418334264,-1.0952364487804473,0.9550109366396483,-1.1455811952613515,-2.059332791094212,-2.461114417405075,-0.5454977981165824
0.2982674268048586,0.33073798835801554,-0.7792720492943459,-1.0471084273847717,-0.7775032890092345,-1.4730962912096086,-2.941247050766952,-2.0910822889337894
-0.07907452864563304,0.07430293763796626,-1.0550001549319141,0.9550109366396483,-0.5488268872710452,-1.3725249980110779,-2.6625070144717387,-2.2773727664968044
1.1006635297455212,-1.2479419956734197,1.4290671484134132,-1.0471084273847717,-0.590484349737966,-1.2337754086239123,-1.435453523266216,0.8695385664599584
1.7022581826903158,0.8619902627606486,0.6590686969409261,-1.0471084273847717,-0.16891139733441538,-0.5447970029029392,-0.38083047634731876,0.6678421686441204
0.2818091134867882,-0.2976321917746929,0.7258186204883093,-1.0471084273847717,-0.12052850644218965,-0.5814732740303706,0.43792636135280166,0.37017068564318445
-0.7755868749788214,-1.2356517103925821,-0.9460715991671309,0.9550109366396483,-0.7942663603616118,-0.17968110756704178,0.3629323239465168,0.51600925617994
-0.4185234526793412,1.1783783156978045,-1.6679089521551493,0.9550109366396483,-0.3193798258213031,0.6845236095103155,0.08736500196839177,1.1970059897134322
1.1873850828977037,0.8650696910940547,0.6306257426216426,-1.0471084273847717,0.5894718860387133,0.23405639312059456,-0.2716188483977651,0.5508235527270883
0.30896734805058235,0.6218572118994691,-0.9095859833410989,-1.0471084273847717,0.48618550304514563,0.12758609582553504,-0.9768950188690584,0.35208243114770676
0.3767514469895728,0.27995911392610096,-0.31825615789044315,-1.0471084273847717,0.7346199297116147,-0.030896220730337154,-1.4463170469525377,-0.38308063737363063
-1.5175634707031203,0.5993370024302265,0.3352321079244809,0.9550109366396483,1.5238879888221382,-2.219371495229997,-0.8702355274776622,-0.11114806362378903
1.623127375468345,0.10394704581074367,-0.9510054072685069,-1.0471084273847717,1.0617520219327856,-2.340310652915864,-0.5479115685525278,-0.899117282197876
0.9943829693745088,-0.09291527465511618,0.17248839805331745,-1.0471084273847717,0.6497021116034893,-2.305979146239383,-0.7538927548445545,-1.338009585266131
-1.3685627836485827,-1.4637475801496131,0.9984829528729959,0.9550109366396483,-0.24736130616540997,-0.5555986804084262,0.1039860181218205,-0.8457987458814779
-0.14003161131319158,0.5086401276625333,1.0140055187842674,0.9550109366396483,-0.14900069031752117,-0.43225216558345125,0.70297853393918,-0.5813054635080157
1.5257308599629833,1.0884000476041902,1.419696317631776,-1.0471084273847717,0.0613558299977148,-0.00375300144206693,1.1905598827533301,-0.0671325284571952
-1.6628876211904682,0.9561362587889743,1.200223632647528,0.9550109366396483,0.42790071467309,0.3181219851746097,2.157764837514847,-1.7837760254056798
0.6723496228455053,-1.29291192759057,-1.561503187694387,-1.0471084273847717,-0.08824362048443406,1.0515886742871983,1.3781522429789237,0.9662506033215252
-0.23611238888131594,0.43401790984174954,0.9400292162921315,0.9550109366396483,0.7280260788687786,0.016268301494360052,1.3518711066627538,0.9505912900302239
-0.9125759107273207,-0.021084735729338087,0.1492936049604611,0.9550109366396483,0.5001800371627652,0.03728639540618222,0.9630916545573925,0.9081918477878862
1.4315909815445487,-1.265913602010671,-0.1587982042256033,-1.0471084273847717,-0.5124608318431488,0.2230434796197955,0.2533914346942601,0.4603561237815921
-0.3173921264701633,1.4299122750015023,-0.05974984062342393,0.9550109366396483,-0.3086795910343459,0.7670065175191572,-0.313099888918269,-0.2092733708892676
-0.9409285043218708,-1.3052633854888724,-0.2969860363048282,0.9550109366396483,-0.3139922183733918,0.7780592593857576,0.255434298521224,-1.7237066986811915
-0.37301543542024423,1.4762348112465298,1.3455279120616248,0.9550109366396483,0.13428765669925954,1.5170220249849624,0.437748845424558,-1.0911502790547924
-1.1026488979229305,-0.7300970387208033,0.11166427048972606,0.9550109366396483,-0.17067376369373347,1.685659672469189,0.4208304801230666,-1.0879697298002178
-0.6381341958303485,0.0055172100345280565,0.11557832895742329,0.9550109366396483,0.3761959376313095,1.1035013264102178,0.54419174823577,-1.1789704177285012
0.3600858134520016,0.006417988500850389,-0.7776243748309922,-1.0471084273847717,-0.23607953022862982,0.3381009525122625,0.2214312269247623,-0.6383541391443303
1.0421267151295743,-0.2625471555936985,1.2534973879401856,-1.0471084273847717,0.21241511675281707,-0.4452895141192029,0.9185374961223526,-0.26235901146289875
-0.674187372789435,-1.3524358191265877,-0.5088519354528019,0.9550109366396483,-1.0042568783915549,-1.3371028012669781,0.08479764636843455,-0.6536371122158506
-0.5197723718387626,0.8538523221073631,-0.2749776406100374,0.9550109366396483,-0.32296623664856133,-0.566343529286992,-0.08903878164331763,-0.6170999285645066
0.5736959745579184,-0.5766221653596059,0.9047993865495326,-1.0471084273847717,-0.5733568857781322,-0.5154696793383214,0.2657995471173467,-0.21918309403832176
0.33783269976469765,-0.986283578486697,1.7124842773455793,-1.0471084273847717,-1.0003391519779865,-0.38056182971075553,1.385366725502826,0.02075439297676862
1.2671000337905172,1.4964622033446147,0.7567502419402711,-1.0471084273847717,-0.24375144493384437,1.0061273786527973,1.162026350321988,-0.18970560892325924
-0.05712789061699126,-0.30357126008440755,-0.02695715576984884,0.9550109366396483,0.2073877304736995,0.32200393472132355,1.3786890161445242,-0.6192454696509975
1.5982600132314695,-1.551172741060709,-0.13562762953268082,-1.0471084273847717,-0.8270652067319817,0.7278872391712641,1.4413415829606326,-0.7558609790020837
-1.3375029530122888,-0.6944793682006409,-1.0644620811478196,0.9550109366396483,-0.877758121128955,0.749941923367266,0.5559502957306346,0.29118805350618515
-0.49539372631394457,1.4482789566397034,0.06517548656195735,0.9550109366396483,0.16939951720141133,1.4425034446632317,-0.18468921540682726,-1.1338238597141006
1.4871346630113536,0.8903133541503794,-0.9612938300402928,-1.0471084273847717,-0.09131812230911188,0.9406513667430231,-0.9571317159892445,-1.5280637977546532
-0.22708065553391082,-1.4595478475576042,1.640073837575677,0.9550109366396483,-0.5885284818042628,1.5250655680001726,-0.20762498909616398,0.45318827436469744
0.2548750981099326,0.1436458161551139,0.9835070923524788,-1.0471084273847717,0.14044938266470341,0.8043770056066671,0.29554442149119964,0.8144376176185496
0.0524545861111994,1.1779469150526591,1.5209989246527544,0.9550109366396483,0.9458201449390153,0.7882866727475207,1.4579825667342654,0.47836942244905384
-1.4527420932645267,-1.3584742150426816,0.21688527282153497,0.9550109366396483,-0.2614246804573425,1.0296188559909034,1.526192159591844,0.4117146374010704
0.14955259221863965,0.49649422810521143,-1.1805176273875544,-1.0471084273847717,-0.4308147454109939,0.7768346615120739,1.4276278788659824,0.7201864085430959
-1.6222644943692335,-0.6253266364666689,-1.4552058048787857,0.9550109366396483,-0.0719982842820858,0.1289317243549983,0.035972341029220374,1.2548310621486325
0.6777907609387411,-0.7456762458247111,-1.633114285067065,-1.0471084273847717,-0.4545148048895685,0.2717138050289343,-1.1404756865940338,1.398850075457136
1.185625704756598,-1.3857372508290002,1.208576632339563,-1.0471084273847717,-1.5572104300114802,-0.6674622033785487,-1.2809425469312614,0.9794191004843651
-1.8313107097117187,1.4190215266790702,1.402688823552712,0.9550109366396483,-0.362549853661573,0.6010845311606181,-0.7477984472747401,1.9730280611362159
0.060134614404931105,-0.7469159223532951,0.763386769176266,0.9550109366396483,-0.8973672665823438,0.42926753067324896,0.12619215486616658,1.8883887536629638
1.438816913817403,0.3423103832017181,-0.3639435891344501,-1.0471084273847717,-0.48116580054591185,0.5725079650272153,0.6168299263110639,1.1111532193562152
-1.677723942301141,-1.4755560972086925,-0.07886079295014414,0.9550109366396483,-0.7951028017166327,1.0299534978529175,1.3156312397172631,-0.6668476635003813
-0.633328459232095,-0.470389057704615,-0.8590116115166618,0.9550109366396483,-0.4013918830885623,0.5717829449822786,0.3860316681428409,-0.20933379206110272
1.3658139103939984,-1.6325515061377387,1.4679956430322207,-1.0471084273847717,-1.713938989245016,-0.5375322951827679,0.41539398996365395,-0.12788220304439388
-1.5237633204931786,-0.06448320889460353,-1.6127394572252582,0.9550109366396483,-1.4204100212131128,-0.2993274479946418,-0.6529260339255923,0.6515948767883305
-0.22398833395020576,-1.210780322704808,0.11056388164794795,0.9550109366396483,-2.0884276926612118,-0.9920988555206959,-0.4395847446921577,0.6949274000986115
1.1831970760959782,0.6910050745516673,-1.4191983137355932,-1.0471084273847717,-1.1565431971162838,-0.1056857171160083,-1.0422082064910236,1.118268190700759
0.2255406502396433,0.23097870048848718,0.16095944741776705,-1.0471084273847717,-0.8548698596382563,0.12518298143991452,-0.5836233493652416,1.126632827926272
1.7066045573080397,1.128782471927436,1.681911934657543,-1.0471084273847717,0.33283919502441184,-0.22292242806461976,-0.4874453537519529,1.3960588476574434
1.3279962654870228,0.7432765286107339,-1.0411603791177142,-1.0471084273847717,0.680274007998123,-0.1390835143985814,-0.23046011130412267,0.9216656376299798
0.7058087683890514,-0.8128402601022315,1.6541314204518707,-1.0471084273847717,0.8514365762787183,-0.7313798354430998,0.46353673600436385,1.7938436704229985
-0.432408141173369,-0.3379723996633391,1.4559667442749593,0.9550109366396483,0.4088512632100672,-0.5899570962165214,1.756227490110924,0.8540106621398604
0.42326892875712435,0.5176846797094526,-0.6204629626875806,-1.0471084273847717,0.5321696630311789,-0.5393593895245401,1.4048954781346106,1.3772865643328327
0.18830873384715244,1.6634061633604444,-0.42930844940082663,-1.0471084273847717,0.762122795899621,0.058454917895095625,0.4556786452610308,1.0644932079616112
0.7424813344940538,0.8928160472258099,-1.584163849746825,-1.0471084273847717,0.8264429548155183,0.12051126755919458,0.2115411603627801,1.6078301752422854
1.6868656314863382,1.7506366690177675,1.0644624425551688,-1.0471084273847717,1.9290494429549991,-0.3103135346492074,-0.05357740512158345,1.07450665448571
-0.032579174552299174,0.5096976290752683,-1.6045894618688137,0.9550109366396483,2.2936505294213476,-1.2431994730096116,-1.4296210861904806,0.47142233023781505
-0.526295879376754,-1.5557255169791628,0.5235895738705093,0.9550109366396483,1.401832269044717,1.4076299707944993,-0.9152484827462388,0.8983744003592237
-0.43174529069739076,1.6804021419780741,-0.29608718874783035,0.9550109366396483,1.4091426045048114,1.4192640182206955,-0.855351437386445,0.9013785274753658
0.3178414671543866,-0.2937163515771276,1.128431879080622,-1.0471084273847717,0.8987895342484181,1.6048537381974486,0.364247210877077,0.6499382371266695
-1.2150721871898773,0.5032728441006914,0.6235745217615831,0.9550109366396483,0.3622715610220362,0.8802641018442217,0.16602146476930701,0.3867467295245264
-0.24106502739352506,-0.2284527415776643,-0.2961791645878121,0.9550109366396483,0.04477723187124369,0.8547260849453427,0.7542902631677169,-1.2419876333067486
1.2741667095002673,0.027875679575147656,0.4005833033928625,-1.0471084273847717,0.7259181206818313,-0.49300576014713887,0.6989859361689711,-1.2669296847300093
-0.7268007145493717,-1.0567408153325537,-0.8456770413109403,0.9550109366396483,-0.4513858563553319,-1.3785865772561983,0.4518871760544104,-0.6722429659886408
1.1858113608340544,-0.3405516021329195,0.29332333937232186,-1.0471084273847717,-0.47153070359379645,-1.3709445920639811,0.0764175712925435,-1.3262451316713086
0.0640265827385661,0.2421970449533372,-0.8618487776742105,0.9550109366396483,-0.5838250124545743,-1.6443988339281448,-0.5914372914275022,-1.313361581180362
0.09530767840899146,-1.6153337101019705,0.45038123383047257,0.9550109366396483,-1.180352305835369,-0.6341520001893233,-0.25577944050565005,-1.0328740767678348
-1.5000811147631277,1.743378735959442,1.1347107789169717,0.9550109366396483,-0.442477593991652,1.2525988279929827,0.07428849674253692,-0.33692447880789483
-1.5684717596540685,0.3653618809499799,0.551701459427571,0.9550109366396483,0.16919932102550359,0.9643180559870267,0.7025579113485526,-0.8469551054644371
-0.4286774548947471,-0.213679942491013,-0.06217939503101637,0.9550109366396483,0.22376954691406273,0.9295000925277891,0.5427218363578595,-0.7758801731916442
-0.9877235764027538,-1.2308230719101048,1.6135282259724024,0.9550109366396483,-0.40980804435029905,1.4007552329043451,1.6556655807966991,-1.144080599505185
-0.8692646895190862,0.19188946107745264,0.006509169825045586,0.9550109366396483,0.3675174589232938,0.4519772642140782,1.4560981467297864,-0.8703987984213618
1.4517604893738605,0.06584072610937186,-0.647829753807845,-1.0471084273847717,-0.3540276709547599,-1.1451436356790137,0.6546576662768209,-0.40268446655733825
-0.7328911388154409,-1.204390168035719,-0.29748107298589355,0.9550109366396483,-1.0292117439302253,-0.9348592992084508,0.2728603134113684,-0.33067939909877153
-0.23678553924441997,-0.828703834876142,-0.1388716147531409,0.9550109366396483,-1.2937467301442154,-0.9497966646050543,0.2383790501285911,-0.3134864704346259
-0.5093620075934587,-1.1352062426041454,-1.5795616471815375,0.9550109366396483,-1.252619878105697,-1.025225838709504,-1.1972525302417887,-1.194660215200751
-1.203585833852549,-1.4651384840432362,-1.7211374631245977,0.9550109366396483,-1.965343188607929,-1.2894062734979077,-1.9740123974901247,-0.842197370444925
-1.38154744752711,-1.5357342786707044,-0.1856113464994549,0.9550109366396483,-2.6542149983958736,-2.4078608946179716,-1.7661963419072664,-0.6138612134411087
-1.0595256403415265,-0.39397540665295044,-1.3974386680640993,0.9550109366396483,-2.3056382026252176,-1.7230053352028971,-2.2607436059348687,-0.6738159294627079
-1.0791171320653767,-0.23215479252570842,-0.24641441755895044,0.9550109366396483,-2.0490496462324823,-1.2421146234617058,-2.309095468889814,-0.7793156718254812
-0.9165155866863249,0.6526874865553987,1.48091807230759,0.9550109366396483,-1.2800381511487564,-0.11500982720301663,-0.9330861766609617,1.0808405595523973
-0.44684060335859194,-0.3605041653082313,0.27239359358007204,0.9550109366396483,-0.8049112042185702,-0.6182801066883675,-0.036783142563309335,0.27601352476969926
0.5997582487646174,-1.0861103388675475,-0.5446617553944623,-1.0471084273847717,-0.611518290235927,-1.1875291575747577,-0.1982142724191775,0.373544385250883
0.956764504402158,-1.2472851482331417,-1.3678511034277814,-1.0471084273847717,-0.9785451383308412,-0.6844316555737295,-0.18491153310849398,0.3405848301329712
-0.004279003200254622,-0.5014650980167179,-0.2820889286386706,0.9550109366396483,-1.0943812852389976,-0.7213656417499097,-0.2009509985651101,0.3460995765176894
0.6269183821605533,-0.04897456359315042,0.6291651511532709,-1.0471084273847717,-1.396181204008161,-1.6106690877906313,-0.5839040129987608,-0.694756595708191
0.06852670528388512,0.7777933346397307,-0.5365920507857208,0.9550109366396483,-0.90657499978676,-0.4590206640958995,-0.9476286137005393,-0.9000859572261037
-1.5585014375173125,-0.12358689867355543,-0.7380439920909961,0.9550109366396483,-0.49257299411684646,-0.7708029636010562,-1.0345743800625686,-0.8509582566141903
1.0873698628670092,0.10287466794065746,-0.10850657139639068,-1.0471084273847717,0.08815974290430827,-1.7387061103830348,-0.46836583205034815,-1.5909303583717034
-1.3477179791585134,-0.494564214891035,0.7527393806915796,0.9550109366396483,0.09112796096074392,-1.7459045145814145,-0.003101069656302723,-1.057779132971375
1.6958245120514648,-1.20419761994771,-1.4923352242229049,-1.0471084273847717,-0.40575828861518676,-0.7831714115729796,-0.9569398457786013,-0.4933012786216902
-0.8423787079963287,-1.5366656974543451,1.2439670620870107,0.9550109366396483,-1.4012568305880206,-0.9007291951914574,-0.15639022309244738,0.5138920437105845
-1.6659285513718745,-0.22649847495201456,1.4106631296839052,0.9550109366396483,-1.4455213099832935,-0.9660675178650237,0.8096808627614133,0.8372121441788222
0.7328559079679744,1.5574517616138162,0.3088867886209166,-1.0471084273847717,-0.8198764591307961,0.9203690988197735,0.9973433191538069,0.7396695446802444
0.9100125035605415,-0.3757181214834047,-0.7619213901292279,-1.0471084273847717,-0.7687582016607496,0.9144812220953765,0.3163431210633407,1.078345109313433
-0.5126433310947753,-0.671904359127109,1.2387624841624116,0.9550109366396483,-0.5398074370540265,0.6535912990044606,1.5442603657985658,-0.1578626494783405
0.919307432711255,-0.5556069109618732,0.3303211887621263,-1.0471084273847717,-0.11783298082040533,-0.11867918719489093,1.1334799239299813,-0.3347642229190989
-0.4976250632284021,-0.4022098249210655,1.3218775130360763,0.9550109366396483,-0.19341020654645474,-0.07705363779350044,1.0935613998026357,-0.41652775816333826
0.331205146017539,-0.41031804589570253,-1.6496424143305617,-1.0471084273847717,-1.0397902664870717,-2.9700380651415896,0.2129954005570455,1.1880117844369877
0.688268287856106,0.46682064952418406,-0.9664630653892997,-1.0471084273847717,-0.6773962441851273,-1.8004921341703986,0.12103228640417844,1.3217783769416172
0.8445488078328671,0.5798828520920457,0.04218806522864462,-1.0471084273847717,-0.1389756775003021,-1.4739883840050494,-0.4169544575730203,0.7029668840038817
-0.8222218193115622,-0.627881727841555,0.6124363344536781,0.9550109366396483,-0.17006262863115656,-1.4123113522812143,-0.2901138647476348,0.840110463982946
0.8912219140084324,1.2787967226918369,0.10454212305095427,-1.0471084273847717,0.5529743938394192,-0.6204479081702609,-0.8374348607704966,-0.17133481591906413
-0.32151140012515017,-0.007164893414059664,-0.22086776304602057,0.9550109366396483,0.726379224048965,-0.8681717829814147,-0.19504955622198442,-1.4021805449591713
-0.2323229383246984,0.3870419743969501,-1.2045265430708034,0.9550109366396483,0.6920647023104544,-0.8780144037258991,-0.3020842656317717,-1.0633344272383898
1.174342449823922,-0.2308007673565629,0.3658796367775529,-1.0471084273847717,0.3433722649108777,-0.8100637088779942,-0.15655067250545968,-0.9328844574162505
0.01958152511316435,-0.04692492777504037,1.1324238663300563,0.9550109366396483,0.5932542629915026,-1.2480415182323754,0.07723871389324552,-0.3939177107745583
-0.6146679849173049,0.618305228378212,-0.4725207487440451,0.9550109366396483,0.3091626845893732,-2.1725303538286362,-0.18221207375083437,-0.29603906107008243
-1.6682935755419628,0.8061912021634438,-1.6411121907389656,0.9550109366396483,0.6590046113741062,-1.8473877639319407,-0.8207621406886948,0.6144772423442773
1.0866333038570475,0.33645259864517585,0.8651653191800032,-1.0471084273847717,0.6372450342539882,-1.8536577073312512,0.10978322982038963,0.5933192206669696
0.5227561265697449,1.6937767468428626,-0.36195122778686795,-1.0471084273847717,1.4650471611145983,-1.0793337674404917,-0.2174537149089097,0.5787133888192844
-0.17019666519938473,-0.5425497137274352,0.6092402709876963,0.9550109366396483,1.2518682951509197,-0.5113308496266578,-0.4526800698324298,0.12060941759830149
-0.268274033897563,-1.2169214163630624,-1.297224069481344,0.9550109366396483,0.4624978964117252,0.6768817497196458,-0.8234714282721258,0.5490881292066478
-0.4087164689561735,0.06218064066372716,-0.06552607386411492,0.9550109366396483,0.14248297330668325,0.5000747731567405,-0.1150788440244294,-0.39141707448164975
0.7818009981996168,0.6192311416096625,-0.7900745267982121,-1.0471084273847717,0.2641120984364749,0.5888244179628387,-0.8592842032135682,-0.874801844157295
1.6926908919330512,1.2725691787359619,1.2685982998718046,-1.0471084273847717,0.08294167627568336,0.07764865563154509,-0.1261797532117814,0.2595615594868912
-1.498069892301218,0.18092360592231066,0.10551881810908818,0.9550109366396483,0.39412309054160233,-0.1243951671451497,-0.3526558168962294,0.048502936718114224
0.18867973573885363,0.7323742523632972,-1.6088139599213591,-1.0471084273847717,1.2325570265855292,-1.6860882882010206,-0.4927484245615419,0.39903211021997104
-0.3227645191764309,-0.015279141746919979,-1.2070396346215706,0.9550109366396483,1.199239910411922,-1.6092695477501846,-1.0059794898762613,0.6832435120561654
1.360963166471464,1.6978354638471362,0.7762830381696307,-1.0471084273847717,1.6631707967501832,-0.8264086898287658,-0.3017361156680864,1.020127179084737
-1.5499063690394503,0.26827353536549686,0.21560878432771047,0.9550109366396483,1.2312016692688519,-0.9515356819206677,-0.7751662608775115,0.18766003699082504
-0.5080673925672442,-1.3198695356818633,1.0272913013154503,0.9550109366396483,0.5856783035266601,0.5505148227013038,-0.3607320484447804,0.8114040625489322
-0.5156280961843346,-1.2547036280457846,1.3569936263899383,0.9550109366396483,-0.26900657328618716,1.0624586693694473,0.972712107953157,0.1637711132491813
-0.9386815893204052,-1.6978610300827048,-1.4584451756144576,0.9550109366396483,-0.992721183638422,1.704047330014612,0.8596787301068298,0.5398517958171573
0.7347979672785578,-1.3380822745694896,1.6171214135765934,-1.0471084273847717,-2.2985346114132645,-0.6596154145019985,1.2377245019689385,1.0141549670047905
0.9009311110694195,1.2847201866746387,-1.1508736918380928,-1.0471084273847717,-1.8613390744259888,0.9539122081038459,0.6233461177900328,1.8255508252526218
1.2143414239211867,-0.7872162286984372,1.7150090201887722,-1.0471084273847717,-1.6322334462312038,0.85722129355523,0.9325479614010355,2.246570874010724
0.2411755712945217,-1.0435478089380925,-0.5854271931954774,-1.0471084273847717,-1.5414107930168164,0.7906776742223444,0.05922438400628763,2.059987132165103
1.3728644188891677,-0.20925395546778147,0.04968774496185631,-1.0471084273847717,-0.9011289164312521,0.32111993195795885,0.7372896230648407,1.2012686411824711
-1.029322841312499,0.7978668238705043,-1.0747114401410727,0.9550109366396483,0.01758866886181603,0.19851035173849094,-0.4729739170773929,0.7822503432557191
0.9700392329845419,1.2121039125566102,-0.0643413471445321,-1.0471084273847717,-0.013645150361414423,0.11627994609368597,0.015537277126864958,0.3330243793511165
1.0432680399063439,1.4886144317143932,1.493473003821276,-1.0471084273847717,0.9652384992524592,0.37663754451361936,-0.08406659057526222,0.009938637499863628
1.0913915041931461,-1.5280577840545326,1.6926581072384566,-1.0471084273847717,0.7568403521643643,1.0212065455429566,0.9401736688603749,0.7163970964945159
-0.28541541695437755,0.19029071054059574,-1.0547136279387994,0.9550109366396483,0.928693094835073,0.902185535387179,0.44362845675379775,1.3692112257238565
-1.5280253774909491,-1.376188298469989,-1.0999013154697337,0.9550109366396483,-0.0064147098169470475,1.6595610494664441,0.43230294386064116,1.391132774219703
0.4595848236183808,1.6056912968981942,-1.549847265494142,-1.0471084273847717,0.16287567805241351,1.9941302815717044,-0.23558906479845615,2.1833910133765575
-1.6072306303216002,0.9707695844407521,1.6102966790981028,0.9550109366396483,-0.05986051355026424,1.605436547853604,-0.1830644681773504,2.29415553098652
-0.10539805937752308,-0.2310047054399572,-0.7928239316356318,0.9550109366396483,0.49802987496696877,0.7005546844197716,-1.3005514945999779,1.0562819110128225
0.07686715942376418,1.7236121501044488,-1.4223406579674307,0.9550109366396483,1.1575443603369815,1.341942381728964,-1.4658387226683733,1.220056477914142
0.5699175311608249,-0.7980955055971545,-0.5646241759308789,-1.0471084273847717,1.4061944874075893,0.623649896024353,-1.2251750406864845,1.1310716165870398
0.20811654555237047,1.4893027653295405,-1.06390689118903,-1.0471084273847717,1.3561332800704602,0.5381209470172342,-1.0066934522430182,0.8401072615266229
-0.22250567866267987,1.3111096061590006,1.7423563112077274,0.9550109366396483,1.5025208335753362,0.6689324650080593,-0.9473186817604677,1.0475894977016704
1.213586078819691,0.2643941002786535,-0.4761116870484488,-1.0471084273847717,1.7156025005866355,0.3699421868073258,-0.8049230341959851,0.9905654234416708
1.1177049111907793,0.9299627822503731,-0.3311059046042253,-1.0471084273847717,1.3742368606765858,-0.06911158156320088,-0.31429760999566525,0.4526107637574524
1.0825066658413054,0.023159940641318252,-1.2328817231938232,-1.0471084273847717,1.7274764678507668,-1.1144980995431608,-0.6147500484746107,0.8230838989311249
0.14546000598949232,0.5511637215558256,1.6879248835640974,-1.0471084273847717,1.3239627148337014,-1.5690408378378649,0.6224893518057463,1.4315219969287352
0.6666450005052891,-1.703619659860344,0.26022025678133714,-1.0471084273847717,0.02726290414416116,0.24369765242178199,-0.043887546642894244,0.47130409627810543
0.4301672911982256,-1.0820305219549882,1.738041414641707,-1.0471084273847717,-0.5518632457350954,0.5718707502559999,0.9516084283644359,1.1949216634451962
0.7373629685947475,-1.59423934226533,0.9173484481552932,-1.0471084273847717,-1.6375767968306818,0.191023547280999,1.5129206891127045,0.9638076046813882
-0.07746357818971263,-0.8532698380757597,0.49080033901628684,0.9550109366396483,-2.0145480694934847,-0.16878963551888668,2.2878980625439564,-1.0424751910503895
-0.4038394420675605,1.7457047960308718,0.6398113365241167,0.9550109366396483,-1.5007502958121595,1.6619908743583542,1.8166601808308582,-1.4244093024672164
1.3734193126687098,0.08794607319347335,1.4972392032194508,-1.0471084273847717,-0.7301593929825297,1.3187011348910258,2.372831017096397,-1.5341159251870573
1.2613703823094815,-1.3713144506463333,1.307161974160197,-1.0471084273847717,-0.854586624242633,1.4860842056820411,2.1791051413268616,-1.94593143263207
-1.5820510278100999,0.035643684678019295,-0.8602659691538976,0.9550109366396483,-0.15353892609421374,0.8571114163594201,1.3798794707101876,-0.12378469610061468
1.141156321005303,0.08088021959480933,-0.38520501289104675,-1.0471084273847717,0.24825907832044833,0.5566381786222061,0.9860224238587522,0.26158965270482337
-0.47378829479721096,-0.8950794916368238,-1.56359017656095,0.9550109366396483,-0.8875989652152735,-0.9755779253173293,-0.004639575045872747,1.4076274214707392
-1.7084403727635071,0.0033135267722768733,-0.18388576498284284,0.9550109366396483,-0.9240012412536268,-1.0285608573397125,-0.7604830341328784,0.3597327174427216
1.386413500510242,0.9367534662567202,1.341588160071807,-1.0471084273847717,0.06874834480077326,-1.0881012756267918,-0.7450048228548509,0.4083601963098147
-1.1525482077171374,0.263220021747999,-0.099618846752222,0.9550109366396483,0.16663381548707046,-1.0584068522738115,-0.40301349977346224,0.26018934060486454
-1.1978696833447746,-0.1206833056788752,-1.287815690281281,0.9550109366396483,0.07993701388358304,-1.0370230968318066,-0.8088324540520602,0.6871788262011503
-1.110345198803655,0.06604701564352004,-0.2762837876707239,0.9550109366396483,0.4933381687026139,-1.9159844463204339,-0.23005209430041781,-0.08612098741172235
0.3007571017480204,0.1143013625749448,1.5932032207244642,-1.0471084273847717,0.5410764207892409,-1.9601352279626827,0.5689373392446531,0.8636772100793966
-0.09540430678037194,1.25932751642162,0.4893981086286355,0.9550109366396483,0.6798224483336918,-1.4622366124820443,0.18578778851783748,0.3511821917108523
0.745692443780849,1.4672427439128035,-0.15803003977914024,-1.0471084273847717,1.1976984823427061,-0.7404792840601313,0.15952578002832302,0.36154435486487513
1.2385147757827806,-0.10996963073814696,-0.40464693258042783,-1.0471084273847717,1.2023066640537552,-0.7492364199454307,0.5566035353435732,-0.4951538645821263
-1.0963130581175233,-1.2459048915091175,-1.6590756670039135,0.9550109366396483,0.6380079693703411,0.556058729439936,-0.06510765034553977,0.8467420347996307
-0.5896613166272243,0.6644868055367931,-0.751605218482313,0.9550109366396483,0.8746545458222218,0.572826335242976,-1.1193470169059383,-0.6198550032339147
-0.023784204498448768,0.4378644861047327,1.6383913404106716,0.9550109366396483,0.5213256522772143,0.2059512347324625,-0.6027530484596902,0.8917589301252902
-0.3929487547146094,-1.429447424994306,0.797684983208463,0.9550109366396483,-0.7246030073824029,0.03092632040819155,-0.17305807483210206,1.2323318598087427
-0.7417943614599731,-0.6486093723923098,0.07506585811383339,0.9550109366396483,-0.9562835297117123,0.02525965235334098,0.042623556185705694,1.1861766115183088
0.14687609624747294,1.4289947355936208,-1.1688750392295932,-1.0471084273847717,0.19424825407844953,0.6461929546489045,0.2630205791029106,0.6410835551099017
-0.2412947168987323,1.3153957508271692,-0.2596546145493529,0.9550109366396483,0.4742181723220973,1.0591246604695737,0.484204401370599,0.3675151242374328
-1.3864645601033316,0.14932783350683812,-0.20563073105597185,0.9550109366396483,0.3501123605605295,1.037803887909788,-0.3448785326724197,-0.9290967859339347
0.14131524125806358,-0.21204208807592534,-0.5530561792214806,-1.0471084273847717,0.8737445446202612,-0.08436464022153715,-0.9521795316183824,-1.782190385517065
-1.004910889590725,-1.2950379780800787,-0.9509912741011103,0.9550109366396483,0.5957017166729193,0.6597176770097357,-1.4135007223110383,-1.9635980793996393
0.7964266729414375,1.6761077231944959,0.43624519827481006,-1.0471084273847717,0.7019903203803027,0.8988214837170486,-0.6918294274856236,-1.6480052880543072
0.7732455130277657,0.00038724352417096516,0.5581402953430732,-1.0471084273847717,0.1363769163194971,0.41391989471954216,-0.3241441303135591,-1.1649483609525664
-1.000107800075171,-0.9696331817016003,-0.49441669715413045,0.9550109366396483,-0.3449122504870481,0.7430534592425595,-0.4539839623784106,-1.0932250932414882
-1.4677689197123176,-0.18168003795013038,0.055157737847142375,0.9550109366396483,-0.3318528805814213,0.7421089504468236,-0.1805274855326719,-1.1860554142564323
0.7553584519899288,-0.7992666011920466,0.2696509471038752,-1.0471084273847717,-0.11861096270769847,0.35970293367464706,0.36828028083452274,-1.9968287736214894
1.078653128103363,1.0490866642513024,-0.7397418520942667,-1.0471084273847717,-0.3883061879454722,-0.5463238641157969,-0.1604502637739419,-1.548872264386097
1.0185653550577394,-0.19117088205576982,1.5219630389224863,-1.0471084273847717,-0.4706994522346853,-0.568916295129002,0.27288998768446787,-0.29527721364283066
-0.5543080897478837,-0.5469454027646949,0.5760468888685213,0.9550109366396483,-0.2888923596024558,-0.8643129736329321,0.7541765755288288,-0.5111026901846176
-1.1131128254130134,-0.3322453341652939,-1.5575478314387785,0.9550109366396483,-0.3536537274968313,-0.8437622010366802,0.029094871887586374,0.8383279635675749
-0.5751107974274001,-0.7720229619662954,1.7154732957839385,0.9550109366396483,-0.34193565309966595,-0.8652776570843109,0.6791449192795055,1.677003238911246
-1.6366651218459738,-0.057919020280864396,0.7162698938338292,0.9550109366396483,-0.8180825753937814,-2.401725116595061,1.3337761783050828,1.2289054358546054
0.15233962970342624,-1.0868025511300867,0.2489843058108844,-1.0471084273847717,-1.2033129935366658,-1.9993082332335776,0.7614376150344628,0.8402724079588484
-0.8306072068021603,0.022336037165729714,-1.0407910271926275,0.9550109366396483,-0.9584528186256515,-1.716058806716361,0.03449798450508707,1.3198772737476927
0.1540556305995257,-0.8390091716689447,1.3034952654361431,-1.0471084273847717,-1.1764228299172292,-1.6317558097097893,1.3208394236257055,0.38541011525099905
0.8270016920311047,-0.5458788112914476,1.4711062725394286,-1.0471084273847717,-1.0791533733614118,-1.6879253119831634,1.2109706038594772,0.16502166290209605
-0.8850578660991608,-1.4605458564353577,-0.659135541714107,0.9550109366396483,-1.6824533026154669,-1.4028560295258599,0.5925804057986448,0.602900857409113
-0.6406620347450706,0.8209956270163861,-0.4607264909854359,0.9550109366396483,-0.8618683285946159,-0.29841314195230156,0.2734903478028029,0.7709656703367829
0.8179112529459325,1.683118478064392,-0.7531837320069312,-1.0471084273847717,-0.1475301288154557,1.214081578474696,0.40280024264320696,0.5305537443798294
1.498169052788676,1.1078440875350275,-1.7184346014904797,-1.0471084273847717,0.6898532744323733,1.2249855711520685,-0.9558768140533316,0.7375759673824168
0.48499541522816264,-0.27787530419998296,-0.10557595025288163,-1.0471084273847717,0.8051273392801598,1.0802737288452837,-1.6647622138286364,-1.316791256615254
0.7738911484190716,-0.03861660249573057,-0.978715456826802,-1.0471084273847717,1.4167296530202649,-0.495526693632327,-1.80844718256229,-1.2938969729913032
-0.14076087088883327,-0.307643560663567,0.22843446071710852,0.9550109366396483,0.9312776963562374,-0.15275452622900565,-1.4985964531667435,-0.727848712896603
-0.1615265204749263,-1.1090870405401947,-0.19615526719390147,0.9550109366396483,-0.269709870982297,-0.5450161343157516,-1.2481532501820023,-0.6394572860832471
-0.5454356353153064,-1.665603403215561,0.6368521327757548,0.9550109366396483,-1.4626292076371172,-0.9621107083942451,-0.18920278186957687,-1.3272150450950722
-0.9430063934604505,-1.2150494056451369,1.1432384192340352,0.9550109366396483,-1.8657279182326698,-0.9957739088023231,0.37227134447090277,-0.5571074238616015
1.6328655174792597,-0.9204373770367074,-1.1300768414372777,-1.0471084273847717,-2.2450179739925384,-1.6438161540510328,0.3042183949995011,-0.3586260759402643
0.37267686507381564,0.06349555530743078,-1.0057628481819552,-1.0471084273847717,-2.085383068515761,-1.1213516508722499,-0.25068381679246077,0.1260961752338865
0.7382142563412232,1.3298835673768368,-0.23349348674376216,-1.0471084273847717,-1.036329423397142,0.8840625010516043,-0.26747129515041523,0.12952555956769185
1.2290121969907346,0.7456432430222696,-0.24100870958112425,-1.0471084273847717,0.0007995503202344947,0.463906428745592,-0.6621625811846695,-0.20919743751202077
-1.8366714443975576,0.6450819974429896,-0.5016723958624498,0.9550109366396483,0.8008820205537545,-0.3565165776399359,-1.4017239486549697,-1.9642148657792167
-0.09231669449196361,0.6182691489808099,0.5624862145414814,0.9550109366396483,1.462712747273767,-1.8019353755943681,-0.6407378594876154,-1.4376954604579233
1.562344615489991,1.6778857323835445,-1.4365586380493525,-1.0471084273847717,2.1570966379233436,-1.711427771950855,-0.8344261254597071,-0.8922331141391187
1.2808488126289639,1.0096865530797503,0.8761475266011544,-1.0471084273847717,2.019373024561996,-1.8365179177349162,-0.3355251408599065,-0.17418179742333992
-0.38863699759496245,-1.22783201159458,-0.6354590274730257,0.9550109366396483,1.1705389292732085,0.4662175968480525,-0.5128722734958597,-0.0772410358023648
1.3811134773632747,0.7220169908847938,-0.4993593495505576,-1.0471084273847717,1.203630322439373,0.47464900972111634,-0.5118323145645021,-0.07785308218254926
-1.1979463726407604,1.211536453481043,1.1709346607473365,0.9550109366396483,1.4588073328942832,0.6182773510971316,-0.23827039206915507,0.48344579447797376
-0.9336785694909324,-1.6408558115164302,0.8462064669996859,0.9550109366396483,0.03134531160809016,1.4161130932546528,0.7880739344495588,-0.41048889149275297
-0.02040083047757583,0.0983549220117369,-1.1932638282495296,0.9550109366396483,-0.36063799740778946,1.013389348704571,-0.14234531831835978,0.20109750739241194
-0.5463068757004164,0.9342407192752378,1.211574742938566,0.9550109366396483,0.5693159233028859,0.6916921930368406,0.6880916928999633,0.46503528367864444
-1.081368245465599,1.063473444861463,-0.6971799383882643,0.9550109366396483,0.716183678301962,0.8488439520679489,0.5991504178764823,0.6086524460018802
-1.2599972267930484,-1.3158257449890205,-1.6114242598513644,0.9550109366396483,-0.3708890884766278,1.097034242491965,-0.6518141628326949,1.0543255586129363
0.19457426843459216,-1.5240867537290548,0.16192838379995989,-1.0471084273847717,-0.32066420863950323,0.9759569292091789,-0.9594695264527953,0.6038023023069086
-0.4735227126813123,-0.993051293056772,0.8083190658174093,0.9550109366396483,-0.7901014640562697,1.126224566324431,-0.059546339945885325,0.6567882001177142
-1.0421807890122514,1.5704256859173065,-0.6051837661848009,0.9550109366396483,-0.5164646452856204,1.7859157163254722,-0.8763714194817435,-0.16160317679030628
0.8647442410006796,-0.5175276454076946,-0.8929046304884424,-1.0471084273847717,-1.196487172535276,1.0752475316773247,-0.9643703672720042,-0.08741234395800183
-0.1424884377375481,-0.4227094069993112,-1.3400378524542842,0.9550109366396483,-0.8123386523186831,0.8073717106325998,-0.8423534769181882,-0.38302930174369204
-0.6684696656437642,0.50152067095749,-0.589414899934868,0.9550109366396483,0.05891860906404548,0.24638201239206703,-1.180161740599622,-0.5763727697044954
-0.1771571947023133,-1.0326241801883662,0.8580212798978948,0.9550109366396483,0.041897460322641175,0.2825487180470968,-1.157815339156874,-0.5013095243916217
0.6232011707781816,-0.12760813205718455,-0.8052497734604577,-1.0471084273847717,-0.6884633568592196,-1.3948161643636632,-1.247766167230447,-0.46373992552399473
-0.2164761341055938,1.0666053745260902,0.8846477415559754,0.9550109366396483,-0.0070937193900872525,-0.49026946737890553,-0.44856839252183117,0.187058899873378
0.9370233939655624,-0.9240544035138074,0.8698336028735476,-1.0471084273847717,-0.2227329707809357,-0.1637914363336787,0.5450025296439206,-0.36525603159276754
1.0959196079033564,0.46798593711880354,-0.47277650821319206,-1.0471084273847717,-0.23715698009755484,-0.18362932368439258,0.5974438217124878,-0.46357898624038446
1.1685820636585162,0.947291845944584,0.11102771784501574,-1.0471084273847717,0.6144474293616504,-0.4546530196995349,0.26159121792805,-0.7115756020339639
-0.36846198538761227,-0.07046639640295596,1.103815054519155,0.9550109366396483,0.6390253172139629,-0.4792047409511346,1.1199177495626778,-1.098716162320327
-0.4790765694524869,0.6900651207496007,-0.31767085548104124,0.9550109366396483,0.4770672663559929,-0.7486429006664745,0.5793483900576086,-0.9453482067617702
-1.4997676946368048,-0.3083418268731719,-0.40967578828468043,0.9550109366396483,0.741898470460528,-1.5383123393539524,0.004073605351080339,-1.1152671405371573
1.530188911774761,-0.06565706142009742,-0.9563908578673495,-1.0471084273847717,0.5123671546701472,-1.4566116375304061,-0.21336218902511023,-0.7022576582999013
-1.6884664728505094,1.252166685815923,0.02127880939056202,0.9550109366396483,0.6435003717059723,-1.0752513614156187,-0.2537138146916035,-0.7202360628802489
-0.23810707213210183,-0.10263893398885261,1.6481980862959458,0.9550109366396483,0.6296622722562938,-1.058266334908404,-0.008956071163206724,0.09016829696717053
0.6560865465115732,-1.215837493949945,-0.31229664655258704,-1.0471084273847717,-0.19010737921122328,-0.2420383266806166,-0.006539795905168574,0.08861944852742357
0.6563436663713397,-0.1139618207968073,-1.7195809895188672,-1.0471084273847717,-0.10650036350932476,-0.270474836226823,-0.5954807117227778,1.0778119140364544
0.14256158241524308,1.5750918316745588,-1.0303187766736746,-1.0471084273847717,0.5992209770587281,0.6714042765332248,-0.6287191294077091,1.11624748468694
-0.013507588177739544,0.32799748135210777,0.3123211885362232,0.9550109366396483,0.20171595198705222,0.20154027855474865,-0.4978648010530448,1.2022932606133157
0.8578395876137423,-0.6352269504078402,-0.6760070340342295,-1.0471084273847717,-0.027361593333591398,0.39228934853082564,-1.542840796892694,-0.7301501624128975
-1.843466984652453,-1.592121441256033,-1.4174272239350094,0.9550109366396483,-0.18920940127343333,0.8042229456919068,-2.0397138635301983,-0.640325599959817
-1.8423226205734522,-0.08982591871265955,-1.4922242778126555,0.9550109366396483,-0.17882803137196202,0.8039135784513741,-1.9374929777108463,-0.8370551082987844
-1.567023540922094,1.2928943795528025,1.59586750787317,0.9550109366396483,-0.30020721684904494,0.45405537137931784,-0.7567445128055987,1.2327977843650837
1.669757524291997,0.5124644823004387,-0.11135310172293138,-1.0471084273847717,-0.22086399757416714,0.5368661495018731,-0.9472309115759117,1.088899150070929
-0.48945698824213857,-0.8251530594854138,-0.7216733975075222,0.9550109366396483,-0.30255529651162605,0.6306984908079936,-0.9677627713629268,1.0979153826050267
1.0349088236232062,-0.05270973426807101,-1.1820745669484114,-1.0471084273847717,0.3595787436903597,-0.5830638251694594,-0.861946862535938,0.9439123613281666
-0.26345982972133775,0.1684988243055446,-0.7961738520356518,0.9550109366396483,0.47068976422004943,-0.6289676290226167,-0.5489985859537024,0.4897293586402664
0.01604248783485328,1.599296846469247,0.24741234704360882,0.9550109366396483,0.6024800464598783,-0.23094713010003082,-1.15527178542622,-1.4203936563445039
-0.16172765192789862,0.18187685913101007,-1.3331387454215209,0.9550109366396483,0.46028720904263326,-0.26470464563188106,-1.704593641125923,-1.2572440628550723
-1.5952343037830352,1.6285164837139425,-0.36990877401917704,0.9550109366396483,1.5156631819446325,-0.4148503888828666,-1.5464382423121228,-1.1676794228543625
-1.6080979884251876,-1.1785905771524379,-1.1462303862364325,0.9550109366396483,1.031397648623681,0.8070327268204649,-1.530322492412547,-1.1922482572574562
0.27493898659448085,0.2460967291055087,-1.367427555046806,-1.0471084273847717,1.0647741742036636,0.7902753516703956,-1.787161444344796,-0.925248316241808
1.1850638697024978,-0.5588942042183431,1.5076145358769564,-1.0471084273847717,0.13648984751397744,0.36848448132100703,-1.2205672888993613,0.9176058503703735
-1.235484114895376,-0.46218162877338953,-0.802703552419756,0.9550109366396483,-0.1405335418669748,0.44478588874009045,-0.982080573941657,0.6811612349904679
-0.038028701460289985,-1.5323099531674584,-0.3676695683162402,0.9550109366396483,-1.5000728837656478,-0.9449664683626583,-0.9810738141729729,0.6812794675616243
0.5956989719255296,0.1503285843589694,-1.4343503439221401,-1.0471084273847717,-0.9284762085428433,-0.859063771574317,-1.110614205023299,0.865607027923558
0.34994816950519547,1.3219994055921174,-1.3066693621454377,-1.0471084273847717,-0.46570735807067903,0.36148863758936206,-1.083296971885329,0.8262728269862583
1.1337195885624514,-0.6322734684357108,0.4105773052961787,-1.0471084273847717,-0.49726935572390285,0.3848688043808254,-1.5765312232307804,-0.7671434580753826
1.1309925255418407,-1.3569467392216177,1.13376684235514,-1.0471084273847717,-0.8821270483888912,0.8111564546375346,-0.7058829910702609,0.5098886563072595
-0.44681726390164284,-1.4523412259797996,-1.5452400396267882,0.9550109366396483,-0.8477307811770624,0.7436517115928116,-1.2353254508451936,0.9919038390504606
-1.172186249566383,0.3053568609862252,0.3100478731475955,0.9550109366396483,-0.7810497895470839,0.8163534059856487,-0.45103397498595377,0.7431501779593866
-0.9042251614899707,-0.3785434169842799,-0.60425478122968,0.9550109366396483,-1.5124897834991387,-0.8029008496902877,-0.135224337633267,0.26348046850138707
-0.4859190318293213,0.24936072056517677,-1.0731031875737504,0.9550109366396483,-1.1332799821877308,-0.37492447668796125,-0.8022956244929915,0.4217363304565326
0.8919337083729707,1.507348984944114,-1.0245419994162908,-1.0471084273847717,0.09871513098828998,0.471123548012561,-1.7726836989066768,-0.9626580434000379
-0.29505106300781486,0.841142293726992,-0.08400065622628672,0.9550109366396483,1.0851916545502862,-0.873719118187227,-1.115702063993085,-1.317515165777142
-1.785167423471429,0.8714977232310165,1.0219122630317081,0.9550109366396483,1.3287009995422396,-0.8543955262118078,-0.7956437381529559,-0.3543181904450233
-1.6071732976182849,0.811318376845344,1.0898443734810972,0.9550109366396483,1.840486114111689,-1.8190868290340356,-0.03396701015679776,0.3304816050192742
0.7586842729833538,0.3324930763030701,0.735821016021961,-1.0471084273847717,1.8762431259145558,-1.9186592472317758,0.7793357205343483,-0.23562168370440664
-1.8391804599678734,-1.4853348403149718,-1.5562923656491967,0.9550109366396483,0.5890255328100594,0.2105290892516938,0.5402576961242681,0.5290697905633999
0.47844972147572445,-0.5617351838126585,1.1398740654917272,-1.0471084273847717,-0.014382202687277412,0.2032820176300952,1.0905188133222943,0.6907614074005946
-0.44305893865237533,-1.182918993094694,0.040010393768883344,0.9550109366396483,-0.89803095919883,0.09847560062279055,0.6490500829272884,0.5784500181569745
-0.17237063428639013,1.2290658042782185,0.010493297803735743,0.9550109366396483,-0.7183488178623033,0.6009046739697282,0.16376762859455038,0.24211449989452719
0.2073660587576632,-0.7048115829895558,-1.610278840752117,-1.0471084273847717,-1.1645158320924611,0.38449900225341904,-0.8910523667350716,0.7776074793458801
1.515240261012578,1.260021461944327,-1.703976811446565,-1.0471084273847717,0.016320881021575525,0.7297661517037554,-0.9574521433585746,0.9148058759212649
0.4099375119461238,-0.2737436573244752,1.3798366096817785,-1.0471084273847717,0.14019222233458883,0.6259950234849174,-0.849563602719102,1.2040382635588516
-0.380580658342981,-0.005359469466642399,0.0910507931475697,0.9550109366396483,0.6466858662498641,-0.19157941058157313,-0.8266155454662136,1.2197116262724816
-0.13363482048615835,-1.4281745672521478,-0.5912072868623162,0.9550109366396483,-0.4962502924154428,0.15079173903377704,-1.0971435905853049,1.1618136045446332
-0.12230884661995571,-0.11234035507948521,1.5699387178476294,0.9550109366396483,-0.24141569160089055,0.020467807915532096,0.3327005230927553,1.486291407421361
-0.6319808802001683,-1.0502807469640458,-1.3527192123207308,0.9550109366396483,-1.2351262946371413,-1.157437699929858,0.49062796083569377,1.0696160463216902
1.6311245395963627,1.1555274390748402,-0.6614807606581703,-1.0471084273847717,-0.62036609675968,0.21479356164752236,-0.4271600748402313,0.5292554599354669
1.2704839964067798,0.45218703970415275,1.1797636090554393,-1.0471084273847717,-0.42356551552313354,0.40051598185340526,0.06233147176865662,1.1249126001517464
-0.9753370180395842,1.1522058162991626,-0.05966558965952906,0.9550109366396483,0.6863115114365788,-0.06535595884836133,0.30131567738208787,0.9672561476565034
0.7113881726481602,-1.6283009489733864,0.29088603996968204,-1.0471084273847717,0.03426429868284385,1.2146739013571966,-0.27375376640564664,-0.0154024608553698
0.6803879184024879,1.361300862187363,-1.4133410316647663,-1.0471084273847717,1.0715373471440206,1.0390155213967407,-0.30100968520753046,0.056172532238187835
1.540057992311482,-1.260288838745754,0.03148234946309254,-1.0471084273847717,0.03244287673177275,1.554007585397479,0.01055051649112126,-0.10985702698828612
1.29654169489634,-0.860387867292324,-0.29853009168335826,-1.0471084273847717,-0.5321237835658926,1.6291410278786478,-0.6540988376302387,-1.0926055269091026
0.5169815236437378,-0.6354750276315034,-0.3054015633119308,-1.0471084273847717,-1.301043712140116,0.7685350494338686,-0.7645831453769498,-1.1375342652267575
1.351931368729808,-0.06823397392562129,-0.5645616075731321,-1.0471084273847717,-0.6300253974910741,0.2532475893398782,-1.1491973300547424,-1.5115250360392263
-0.4058682542716058,1.4033986889465049,-0.3676839380826129,0.9550109366396483,-0.6119182179826799,0.3149306063183231,-0.6790638839509915,-2.7225096829012863
1.4752422820991988,0.9441444997367434,0.4821934847182879,-1.0471084273847717,0.3362559099257663,0.12949812905713856,-0.4764215640973939,-2.040684564566271
-1.8317579022430952,-1.0192597256141822,1.515626615758933,0.9550109366396483,0.26792171125264236,0.28327938620452464,0.3392337304315903,-0.372318576218927
0.2943385307628541,0.142430687775322,-0.36941228877295285,-1.0471084273847717,0.6025156680871966,-0.03708551126105463,0.31045413993936094,-0.33978594076133156
-0.115412757136275,-1.094488822131267,0.6797166219673102,0.9550109366396483,0.1611014149444592,0.6427942477785332,0.8698887916584421,-0.6206647760861328
-1.6541228046761733,-1.403366336374205,1.45943056696291,0.9550109366396483,-1.0461485089563494,0.1520721358634633,1.6913699865504723,-0.6734642274768637
-1.7929957613055216,-1.1390626168555715,-0.16801479420343607,0.9550109366396483,-1.942180635011619,-1.2555518650238864,1.399032602975272,-0.29451953941925196
1.6806565791723473,1.2050521144847863,0.8659321034657743,-1.0471084273847717,-0.9854563365875582,0.5617092069982124,1.106926211832542,-0.7508951932881867
0.04265958131534955,0.5673217943487113,0.41766728815036386,0.9550109366396483,-0.8027015454136028,0.8203705312928348,1.4608017185621949,-1.3310135720747682
1.2649227699530108,-1.1728749199296067,0.39859604421367223,-1.0471084273847717,-0.8364170897317845,0.8653571079269481,1.3344082892045512,-1.295450074530842
-0.8431941292091241,-1.6689156484388676,0.5698557414999579,0.9550109366396483,-0.9506355525848865,1.0854287539346117,0.9344503289622266,-2.1331879496280837
0.0506303922290139,0.4855211906390029,1.0543864397925036,0.9550109366396483,-0.2518671625433282,1.0293836804060694,1.4840489576017928,-2.4537770880101144
-0.10490729269309844,1.0996009913334583,0.09148876601849086,0.9550109366396483,-0.29722395559555315,0.9297179158797634,1.1358547768509126,-2.2224967979950274
-1.1779871056561708,-0.6215846457536599,1.358411329063,0.9550109366396483,-0.8085981520068684,0.7207611849119668,1.5588187107928744,-1.6508483897847788
-0.8101343855508971,1.7127649875420028,-0.9226504814491482,0.9550109366396483,0.43257755286075666,1.4628065687892602,0.9647786702528874,-0.24057764929339034
-0.9152757642496894,-1.5213278123463156,0.6450960957492736,0.9550109366396483,0.4960582512035261,1.2815075248863568,0.9986071664648902,-0.22764782601642333
1.1737323228065346,-1.4893702704786664,1.5378438808686896,-1.0471084273847717,-0.3533849849199665,1.9630963622784183,1.2159724138415515,0.14350826029959024
0.26521908997626137,1.1654103356624048,-0.5618873060106309,-1.0471084273847717,-0.32507897240507583,2.0141127299672337,0.9222107722574248,0.5439098685805434
-1.4044800280681813,-0.13061367830643658,-0.7942589414433038,0.9550109366396483,-0.11390181373984898,1.9329279826044918,-0.045642168070480514,0.3895174940500836
0.8088566766691528,-0.8490984724550401,0.782659432074458,-1.0471084273847717,-1.2158143141538396,0.6199532934106718,0.7210749815959004,0.053936621499120596
0.40492466321227333,0.9478464293731945,-0.9448900794098574,-1.0471084273847717,-0.15376943739287974,0.6817187193483932,0.006208048284026875,0.49017324832633397
-1.5639079325676457,-1.6268017470626621,-0.6771352160128494,0.9550109366396483,-0.21288166736255765,0.8390796272299755,-0.9896592989142216,-0.9650853327621289
1.496587769988414,1.0375420215119064,-0.8518014532826503,-1.0471084273847717,-0.2678805757624059,0.7190699764473679,-1.1200063677265233,-0.8763401289227614
1.0128903886651357,1.7420415116151202,0.5505952988583944,-1.0471084273847717,0.5375886441866088,1.6957768926611787,-0.5153521628434344,-0.49575873890465544
-1.5996825383984805,0.3103585147283272,1.4764593710449734,0.9550109366396483,1.0362959983526177,1.203941992202107,-0.20341571807895165,0.3651701245388301
-0.17590996905549858,-1.0675659041703578,-0.24114817019176135,0.9550109366396483,0.16942386465087048,1.6634660085061088,0.11299069371606522,0.0023362013202394174
-0.7070841021340671,1.0184667023537428,-0.4404068607189953,0.9550109366396483,1.3072106424700314,0.4146608038772768,0.2194251244179203,-0.14238913228483044
-1.5406682478587308,-1.6377807304587644,0.964614817031606,0.9550109366396483,0.15649686358586737,1.663848849452957,1.0360963314159224,-0.5704946951222006
-1.730456058991754,-0.7114268221807991,0.764288002841983,0.9550109366396483,-0.8987925648299367,0.4377580976045734,1.1321738007389353,-0.5287973482890865
0.23233812445081684,1.6572271822635014,0.3330963008025597,-1.0471084273847717,-0.31947542152884106,1.676102708483162,0.618111185317491,-1.277750495969062
-0.08546333245675282,0.5285222802594325,0.4384448203252736,0.9550109366396483,0.3670363889750237,1.3816484255060189,0.9236601043088993,-1.5414819487245515
0.034878139526184786,-0.47456315532889687,0.788210195343466,0.9550109366396483,-0.2751478216049286,1.1217354121793448,1.4760534023161185,-2.5480202271181986
-1.2346940724682198,0.3489538863324857,1.4905133993032191,0.9550109366396483,0.5793894101529303,-0.044938353462618826,1.7125004309853775,-1.856078440763904
-0.9554802097595995,-0.32884822566590033,1.3251708935236843,0.9550109366396483,0.7439446819202592,-0.36495839567696814,1.9646766060194751,-1.6187168581080091
-1.4447812283356973,0.6043116352611876,-1.4570821667379903,0.9550109366396483,0.2910630895798851,-1.616436325383914,1.1598020661238146,0.7940515550321962
0.9077295001047108,-0.4935917927887316,-0.7395542661252715,-1.0471084273847717,-0.14857012722790625,-1.5872804025441367,0.6301668985156393,1.2671333436241883
-1.8060581740581716,1.4309077712336442,0.3545299171090667,0.9550109366396483,0.6710138458996567,-0.633374809835109,0.4351817499760686,1.1657125146388745
1.2730756569430624,-1.2209082554171797,-0.7255390127372849,-1.0471084273847717,-0.0042175803382731815,0.2941293516438763,-0.5611681658936253,0.4704840835388158
1.0900561047218662,-0.11448350385649136,-0.39163779138991084,-1.0471084273847717,0.08798529085214947,0.2485766862164771,-1.333055229342176,-1.1145200949342737
-0.7821203471280843,-1.097174021021274,-0.9231941569244451,0.9550109366396483,-0.643860236128011,0.42157562007554333,-1.0930161080779994,-1.6587436493639103
-0.08061363906522999,1.0447335838340681,0.3959738765112271,0.9550109366396483,0.01780655005062745,0.9347672109813041,-0.5824761211912324,-1.2887472238914903
1.2907493606672809,1.4998035018637061,-0.6980317405727053,-1.0471084273847717,0.04744008360612074,1.0086751802606748,-1.0557138990438135,-1.6139440815407784
-1.0626752717446393,0.2921984200869492,-0.0468129425963964,0.9550109366396483,0.6982597647610986,0.2323551992641626,-0.7505547524418773,-1.5968504954799576
0.9158724352559049,1.7167098610937213,-1.4807150920439347,-1.0471084273847717,1.4858953632313348,0.6818994391458831,-1.2402101734899236,-0.8198164050446872
-0.5736676903217484,1.3216303026048326,-1.040054834993488,0.9550109366396483,2.526275056324774,-1.4373406546540504,-1.2927514067793264,-0.7600082556264313
1.450125953059847,-0.7573025296048492,-1.0562188134855761,-1.0471084273847717,1.7511806179981961,0.30683311595496143,-1.9456655962829164,-1.5579141993721837
-0.38897824402066244,1.2384708594836933,-0.9009856966765771,0.9550109366396483,1.6387758353463182,0.17213514161568563,-2.0369148627672415,-1.5875521564749357
1.2884451512797404,1.679065721946236,-1.379732003892314,-1.0471084273847717,2.235297250400943,0.27671698083224855,-2.636202942492959,-2.6075708995444793
0.1879684123570632,0.6074982664837477,-0.7528944149163703,-1.0471084273847717,1.7582015188016176,0.041864463502322695,-2.3089705780938896,-2.657478841433275
-1.505633599564218,-0.940325847807294,0.28671020163508665,0.9550109366396483,0.7852855939496685,0.8082679123835969,-1.712449383269563,-1.2112132565838911
-0.38609545707364973,1.6882136613834173,0.09889003506338262,0.9550109366396483,1.837154634939815,0.5272451212922893,-1.1931057983349571,-0.9485201718140475
-0.40598540231611185,0.02468158852047796,0.6030714645176691,0.9550109366396483,1.3150777985168849,0.6275046434484908,-0.5168730441469644,-0.5334093290971668
1.0595362842780909,1.6205513539185556,-0.8032497121842995,-1.0471084273847717,1.2899095119979798,0.5781754585425651,-0.25768328865071366,-1.1996920930425357
-0.571540126073935,1.3799944735851188,-0.7089027585465643,0.9550109366396483,1.62217672311952,0.7720788865736913,-0.2379043868138818,-1.2393504884836168
0.041093052781423604,1.396326020295161,-0.3544537072205011,0.9550109366396483,2.627220880539513,-0.9635199906588399,-0.5261753695650226,-1.3696323553088083
-0.6746690556269368,-0.29398858310235404,0.40930358436656566,0.9550109366396483,1.774633119461075,-0.22032180885316213,-0.3866116516436306,-1.1602577626967854
0.5227245451807959,-0.18073829771021208,-0.43484077565440105,-1.0471084273847717,1.6862776141791966,-0.0412308045746067,-0.8532629670894447,-1.764277348198967
1.4919108596780835,-0.27762104839405555,-1.3791493121192309,-1.0471084273847717,0.8698328930965442,-0.18448775161669778,-1.1121907410116407,-1.1532526316466842
0.23709219237896167,-0.5805471670751984,0.14595585572680644,-1.0471084273847717,0.026561822971575326,-0.5850421272578047,-0.7278413890811544,-1.005361658309974
1.6241427567973574,0.5860080589169367,-0.25755366553845466,-1.0471084273847717,-0.32197333703795844,-1.8494081801202753,-0.6842745727671035,-1.0044699884385595
-0.9542811643174539,-0.02596388470345756,0.7758231573602032,0.9550109366396483,-0.20669015735367843,-1.8702226473267025,-0.5194852637540769,-0.6171967221734403
0.25423098795767346,-1.0565559098749464,-0.115490656894662,-1.0471084273847717,-0.5833981240335914,-1.2123214759793854,-0.3759036127829854,-0.6456035642588638
-1.1724293442517502,-1.0219569692498192,-0.36689912801296126,0.9550109366396483,-0.9035529911860638,-0.9012106043013822,0.07920989459326819,-1.845248581225227
-0.8686306381746479,1.6562001134427526,1.2087158016276516,0.9550109366396483,0.05852005726304346,0.7040226528094503,0.5570328815112483,-0.9514350323338266
1.3888835272239588,-1.70300361632241,0.1523247436498372,-1.0471084273847717,-0.9260330299427527,1.304459061848483,0.7413165727690414,-1.1406114068384399
-0.004202107949100966,0.9822335483231411,-1.5181755165743602,0.9550109366396483,-0.49238565892377045,1.8348014894137963,-0.29007843095983027,0.0692838495579566
-1.1881421855439664,0.4431798682461125,-0.8872638131425619,0.9550109366396483,0.1526829120732206,1.6188206410471102,-0.6370720828789393,0.2753081196445343
0.0056540479695190125,0.0819688731600802,1.3511412782929928,0.9550109366396483,0.6275051281186151,1.1312004801072624,0.13536876959507946,1.0939464001193915
-1.8236951491107976,-1.544188817656449,-0.8613658276598762,0.9550109366396483,-0.749050892306009,0.9351977708626977,-0.795351842416479,0.5901464685465541
1.6382000937300516,-1.1176993111865634,-1.2603980746429129,-1.0471084273847717,-0.49729893891499816,0.4146410308436515,-1.4305201504878193,0.6582646449216951
0.23916197742117093,-1.4677385305034942,0.7351126097168368,-1.0471084273847717,-1.5510845529724464,-0.10432165929613403,-0.4174288432324992,0.6910428188413796
0.37140038368167827,-1.6721116538901932,0.6792581639707728,-1.0471084273847717,-2.4609168709931852,-0.845831486644259,0.2868884516223338,0.5958376861270016
-0.0581281696313986,-1.5306829071168264,0.8369698248562675,0.9550109366396483,-3.1545530398403936,-2.674662508685435,0.05571400755647007,0.14916765686545
0.4156343271485833,-1.0901159862040932,0.5453468970091989,-1.0471084273847717,-2.959246562001678,-2.4926281459680126,0.6881801429518483,-0.2913891764609325
-1.0922323800352356,1.5794488588730935,-0.8295480577388066,0.9550109366396483,-1.7991452020092555,1.5067485919592982,0.8818927897116746,-0.9863526299110957
1.1551411053074367,0.6057260303971154,-1.5901241594050355,-1.0471084273847717,-0.9073035584173548,1.7703784425218523,-0.16354704136094755,0.42052433924259025
-1.7300722761716028,-1.0108340405079035,-1.384297245512823,0.9550109366396483,-0.6228738533187411,1.3446132364163614,-1.0913334273960513,0.5482712565385908
1.4528983256851915,1.1296302023294644,0.7848828870455711,-1.0471084273847717,0.5213839559235476,1.0113125791948019,-1.114752014349874,0.4925213519033096
-0.3078267627507858,-0.5921958835293509,-0.982175831124918,0.9550109366396483,0.7355500869106198,0.5760168232145338,-1.8015350224575606,-0.0936756063415906
0.4639301487694615,0.8876185600118534,-1.109813697164435,-1.0471084273847717,0.4379790155463285,-0.006558631070838429,-1.9275440666235186,-0.055400892516102675
0.46868600536768085,1.1218633721210696,0.7045471308133779,-1.0471084273847717,0.6599807723365715,0.28011467163929576,-0.8958466507431156,0.3288232490511673
-0.5865811219179602,-0.835155983093205,-0.8836955295924791,0.9550109366396483,0.7355436782199015,0.08239463806112016,-0.6707732387464247,-0.02811875927282018
-0.9711661906662097,1.0964729901703034,-0.9070027828461755,0.9550109366396483,0.7212820490864359,0.05851287105274815,-1.431454771231303,-0.758379290229334
0.6279327385033813,0.8568170295564139,-0.3009647257261066,-1.0471084273847717,1.344533626355251,-0.4498131022782511,-1.12517833847823,-0.8199317105242883
0.36376467672718477,1.7414849190671025,-0.5956213642704662,-1.0471084273847717,1.7117998875817746,0.06850996363970319,-0.8939945068882464,-1.090372867681354
-1.375139521816418,0.6241036782710248,-0.4261830195814904,0.9550109366396483,1.4977027518756263,0.009401358034383907,-1.4023772888549857,-2.521065729320685
-0.07987173160711175,-0.84534610876987,0.8525088134726441,0.9550109366396483,1.4933197599483683,0.024193007955437773,-0.6217698258966977,-1.0644548363335666
-1.6707057171454798,0.6566603548346113,0.8790457972608821,0.9550109366396483,1.3041468987542046,-0.07078187082974613,0.18124789284502277,-0.8711654020608236
-1.298437610943566,-1.481546842595511,0.858706495479589,0.9550109366396483,0.2983663716203949,1.2307520223297224,0.7026427467785062,-0.7553310913286715
-1.2991355254199093,1.0496039884026274,0.8953053078204171,0.9550109366396483,0.0007735224300099811,0.5383963471115056,1.3729719575113104,-1.3910594747169618
-0.1475830112914093,1.7167500268638467,-0.09783545300013315,0.9550109366396483,0.4707441859124157,1.3965625732028295,1.52059891279533,-1.9252568505763155
-1.253484993038713,0.6899732247246853,-1.0289803700669071,0.9550109366396483,1.1311180083747892,0.9048706713250353,0.6746705495743329,-0.39086288565767735
-0.14082437532879247,-0.6319808233266936,-0.9925420152886891,0.9550109366396483,0.5768457589217313,1.262908326778963,-0.16680610027596443,-0.0674800166556515
0.2842808426567883,0.004322629844542445,0.9220346787663932,-1.0471084273847717,1.2159501340109193,-0.13808741801231983,-0.13833338467268524,-0.009549583322734836
-0.04697648279807885,0.22711464206159312,1.6614545659634874,0.9550109366396483,0.8621797998996846,-0.2666505101011001,0.2061317302979455,0.8107468007204132
1.530672365188085,-1.0184677486911657,1.281335489048977,-1.0471084273847717,-0.3142961151134054,-0.9682020986353053,0.8262149217488549,1.1773764537677835
0.958756844447249,0.9513892330965943,0.8705324784246858,-1.0471084273847717,-0.20185547495779485,-0.6619144835249858,1.6802468284424987,0.2228329275366347
1.6659237135467169,-1.035083455345878,1.7360866789693592,-1.0471084273847717,-0.3752385752313099,-0.3477885041582357,2.907053990219118,-2.0388066117538086
-1.233958078637556,-0.4017496518247843,1.1636967890475678,0.9550109366396483,-0.5498989856044608,-0.35467981007960914,3.0157066655526563,-2.197992439109529
-0.3161049795805626,0.6461755649587055,-1.3284610122545928,0.9550109366396483,-0.369651881656193,-0.07850617380881338,1.6714234172733173,0.8638508803255102
0.9810003479577567,0.8630800147774725,-1.415259883963862,-1.0471084273847717,0.43964222517902124,-0.25564465874649117,0.45901862105189767,1.8587504017408023
1.3919480842416179,-0.2223251484041637,0.8560970566410946,-1.0471084273847717,-0.06519754051748936,-0.6091586642928128,0.4525283723549452,1.8528676824051562
0.31470585453946565,-0.9790968553338613,-1.1381618251894077,-1.0471084273847717,-0.04111650131605395,-0.6734349673188558,-0.8397502938658955,1.1204315301797179
-0.9994248277260798,-1.4353093856609158,1.3199044135813105,0.9550109366396483,-0.485672742670113,0.1701937082923238,-0.769518447039181,1.2959564958084275
1.0577795425760064,-0.8972363270204812,-0.7544863848065523,-1.0471084273847717,-1.1495273483568031,-0.2044238997629693,-0.5114561518236029,0.9858352960503339
1.6785235344947715,-1.1955684338121353,-1.6821479106796,-1.0471084273847717,-2.034996263808441,-1.7848816491999628,-0.6314505443388974,1.2340677487711995
0.3771632189573737,0.2292800058164664,-0.37238892680775637,-1.0471084273847717,-1.8407511869503346,-1.1130633511573733,-1.1837849113448293,0.6438469139397309
0.000611945619081382,0.9590825617736423,-0.965213874301129,0.9550109366396483,-1.0070985894936653,0.2576467002953565,-1.1060265174633848,0.5680912201224642
-1.8126412037040271,-1.1116359932160802,-0.2802958037477501,0.9550109366396483,-0.8678797112218377,0.009761946691860668,-1.8254857429076126,-1.4613611429637536
0.9532075575391904,-1.6750240178792768,0.5131323723340366,-1.0471084273847717,-1.202422903163236,0.5589153000921062,-1.25555705567547,-0.5200794047711442
-0.17120126128955782,-0.204931960730977,-0.5531792815076859,0.9550109366396483,-0.7763288782086742,0.3593516424554172,-0.7479662637865615,-1.5369137706921994
-0.8598582694386828,1.6960345467085138,0.7681573779030906,0.9550109366396483,-0.1454462457479265,1.6297096579967187,-0.23517008235609566,-0.8567423832834227
-0.28612266061442004,-0.3884599683991753,1.1694508190034123,0.9550109366396483,-0.7250532318433677,1.1876922907747098,0.7245874468557684,-0.8778405651310294
1.2853400226905745,0.38664900293815846,1.5957809995619034,-1.0471084273847717,-0.08060867333165543,0.9983355390401589,1.5680823727819568,-0.5511004020574709
0.6989550976871804,-0.16086374786045063,1.3878815703833367,-1.0471084273847717,0.5706641814542511,-0.3593949660046655,1.9613746456307712,-0.39401028206887806
1.2593908854583564,-1.2680566394468988,-0.524563290446908,-1.0471084273847717,0.11339142228189537,0.5238975571793706,1.9742405598713442,-0.43744805412792004
-1.0338950385872405,-1.2050801185848474,0.46176443949687296,0.9550109366396483,-1.1344403083072125,-0.8779235464657404,1.836484531744279,-0.3610473571624997
0.7385600433599253,-1.6128608463841638,1.2126665570793647,-1.0471084273847717,-1.6610814248369299,-0.37814004342022633,1.8559145762514757,-0.3443017086069072
0.6052744066929575,0.4759093340641629,-1.3416887564131825,-1.0471084273847717,-1.6226886391968434,-0.2663853272343051,0.5352112714317797,0.7247487122388142
0.49206538355967777,-1.3313739860622904,0.2655546494821345,-1.0471084273847717,-2.1261502340386915,-0.4209733171700078,0.03060662979852525,0.05689044201349234
-1.6670305413725128,1.6840666195681313,1.3338774638281625,0.9550109366396483,-0.8563786116762288,1.706366291549178,0.866172286598945,0.39371788486635445
-0.07053961451010392,-1.6965060626714557,-0.8304199418648951,0.9550109366396483,-1.067751465566501,2.010133945431446,0.28519875336357897,0.8516641016443519
1.1173783934865889,1.0655050866804439,0.3368453668939428,-1.0471084273847717,0.0842712508706523,1.9369136725431442,-0.10857549331799936,0.33153290618730213
0.24841919069916452,-0.42020482445426427,-1.4058058982992998,-1.0471084273847717,-0.30116669634553617,1.8943639289858374,-0.1374029292472834,0.4039454734047648
1.6421719210469579,-1.6380635941973654,-0.09862043689760394,-1.0471084273847717,-0.43308048419100487,2.1354479648202767,-0.30113814358826146,0.34802568870708794
0.3271586517034526,-0.48508701086157213,-0.4706054752056487,-1.0471084273847717,-1.3660800518930416,0.6442133630650146,-1.1124440561768396,-1.0680463583243351
-1.4358945198896458,1.145683554966361,0.11536698169127836,0.9550109366396483,-0.1435932499517725,0.8117229960570163,-0.6872128131810264,-1.0151051509917475
1.5372580355304333,-0.06907805168541893,-0.04805941601537785,-1.0471084273847717,-0.6316018274759322,0.17283622215235736,-0.8602682183627226,-1.2787429520062743
0.25740332498671475,-0.6573059313310472,0.29028505442816366,-1.0471084273847717,-0.7335841062386833,0.2200492035942567,-0.0976959665172326,-2.471267740067216
0.16736970726263903,-0.5779985617160672,0.06652434859013548,-1.0471084273847717,-0.2776273666299867,-0.7296975690289151,-0.02344592070016596,-2.466109805857335
0.5601904851841446,-1.465873000815916,0.9765169655327385,-1.0471084273847717,-0.6994844872131613,0.04499222783598634,0.6271886555620526,-2.0194566653748285
0.6409764492495532,-1.6633419091626125,-0.4779964393189549,-1.0471084273847717,-1.9077066743973725,-1.037338767118627,0.3604090471955987,-1.5586724563826757
1.2470546413572794,-0.9573691994331563,-1.4388735602531253,-1.0471084273847717,-2.2897797766506263,-1.6841400425971247,-0.2649089949556244,-0.21158238621500836
0.4153620208891572,-0.2773191187936152,-0.27309768067593093,-1.0471084273847717,-2.1263392868409343,-1.324573177742844,-0.5182091144264181,-0.31619109897592784
0.5865666345343976,-0.4862984716429086,0.5544252471949203,-1.0471084273847717,-2.086897108474092,-1.262046951013011,-0.29884606297673943,-0.07627889225937241
0.1527879110830546,-1.1656178875683199,0.4144396306735159,-1.0471084273847717,-1.9577509350862532,-1.4388450070970007,-0.5515592669860198,-0.5954430965514662
-0.40461125081006705,1.0575862247945251,1.5305659772660065,0.9550109366396483,-0.7874213018516428,-0.2828090800903199,0.3515019530059552,0.5008874319026293
1.6323869111968614,0.9251998780336428,-1.319503191542403,-1.0471084273847717,0.02231209407098717,0.017481170698051208,0.4051715576489011,0.3449665044552651
-1.1183345515364447,1.4849089009515937,0.4269014226665419,0.9550109366396483,0.7802842162617943,0.6529650722632309,0.7198951823857104,0.23839789750971188
0.5596285357105069,-0.8163446180212525,0.04477220004809532,-1.0471084273847717,0.6383242796427735,0.9036651001898811,0.49075223978720767,0.22520432376929087
1.6277488396672715,-1.7185534344463977,-0.3954522223745561,-1.0471084273847717,0.4004948244270364,1.554519170800376,0.12662020244744665,0.3168374326714191
-0.7434270745119587,-1.0458458493549885,0.037801571720146795,0.9550109366396483,-0.5042364902854816,1.513598342881876,-0.544535263821239,-1.0675238652923182
-0.08194968886523021,-0.4006865451517,0.6640021960150685,0.9550109366396483,-1.0745287196140547,0.9297312538402053,0.3472601717389967,-2.0235285099184313
-1.1678603698826837,-1.0948242669676154,-1.3823718915704404,0.9550109366396483,-2.1841273652288553,-1.697752285493319,-0.4661995211052872,-0.7446771657788023
0.8264229117095683,0.5327568724856959,-0.07730278788913726,-1.0471084273847717,-1.6038498368087917,-0.3487812470585824,-0.5210851381151566,-0.7744653721234115
-0.031217740644820347,1.6844153255896515,-0.04453591324765374,0.9550109366396483,-0.14015988074596764,0.8240251399823908,-0.3633111463195602,-0.7848841089477737
-0.41679212648358455,1.046972606991541,-0.4244850533501086,0.9550109366396483,0.760006288979572,0.586872193920504,-0.5711578730006847,-0.792422304650661
0.32172733133873255,-0.044737491957328165,0.8965313822229325,-1.0471084273847717,0.9131076221887438,0.4061612342084651,-0.4666114128823848,-0.5193195583940979
0.005385277007714605,0.6166070305851843,0.827661329857193,0.9550109366396483,1.6492309831017191,-1.1054462662761761,0.527032240252658,-1.3511856357707994
0.48326937361849465,-0.978160152017784,-0.3587135671628412,-1.0471084273847717,0.9993531178736409,0.2660913040541622,0.4005083346217399,-1.174263233046327
-1.2514171009746222,-1.6788712455689,-1.4578084539704785,0.9550109366396483,-0.44726867641917617,0.6221438707345561,-0.23490713181732556,0.07587405999190036
0.5997411145718974,0.2710558583115653,1.4312829702508996,-1.0471084273847717,-0.781007135943492,-0.017218814104177665,0.5994568498928402,0.7378477428796855
0.5642530030231596,1.5552198609425145,0.49429896670120527,-1.0471084273847717,-0.09283111297478326,1.2210477692746893,0.4186108413834466,0.5882689705828096
-0.5988372095449678,1.3599232244643205,1.169955445185827,0.9550109366396483,0.2268851477023233,1.694878394917508,0.5725082452342647,0.798214112352989
-1.5719394358615617,-0.5764323592459746,0.04932776364382852,0.9550109366396483,0.3996769000853674,1.4534934645996112,0.7559659754809234,0.6540240467094754
1.4048780220535533,-1.6682534499940465,-1.2774090388402901,-1.0471084273847717,0.40424384202175895,1.4402998213013867,0.8370745905620963,0.3985682364583969
1.394369567801248,0.3585111742936048,-1.6327452333168697,-1.0471084273847717,0.4418602518785045,1.447180074231714,-0.5405301205268916,0.8129826450835526
-1.8497856572697386,-0.3487854886241853,-0.6171630604377257,0.9550109366396483,-0.37709334510401454,0.6316104548734306,-1.0402498434067995,0.559038372547254
-0.30396364729926456,1.7337358086603973,-0.688561823105675,0.9550109366396483,-0.21630852352020158,1.1085268154807961,-1.8758499013492762,-1.1431022938292363
-0.25668646982686605,1.387129089253963,0.5042540746300151,0.9550109366396483,0.6282614308190458,1.5251205258748295,-1.6713124142324276,-0.5405440446159071
0.6092298491320691,-1.6509305100426124,1.1386981589244436,-1.0471084273847717,0.6357123993716117,1.5028262111542294,-0.5850167155632499,0.45655932315888464
-1.1311302166904635,-0.5606093058679584,0.24764036085666133,0.9550109366396483,0.2403789390638924,1.6845923099733542,0.2604154675286089,-0.685385672880139
-1.6330222310090663,-1.058924500461678,0.9579306102734181,0.9550109366396483,-0.0650671030043599,2.0110095297657797,0.9685866451475128,-0.885137976331727
-1.1649432022594288,1.3936630746044816,-0.6432095568442552,0.9550109366396483,-0.2113396903445958,1.6689724602280427,0.9889772850207167,-0.9491520077215359
1.4529721065961847,-1.5764497398782547,1.470800598733953,-1.0471084273847717,-1.48603859946867,1.0661915139858376,1.423542163875895,-0.4368803589750396
1.0014792935812964,-1.0138495725292977,-1.0417675347420492,-1.0471084273847717,-1.2120164043817403,0.7279166286257361,0.4431922413571598,0.3327506906289354
0.48139244669840786,0.5733359196370569,-1.5074043441730864,-1.0471084273847717,-0.7242822068807616,1.1150953519883648,-0.3458859567499986,1.2191930244507427
